P3
225 225
255
254 2 1 254 2 1 254 2 1 254 2 1 254 2 1 254 2 1 254 2 1 254 2 1 254 2 1 255 1 2 253 0 0 242 9 0 234 28 4 224 37 4 218 36 0 222 36 0 222 34 0 221 34 0 221 34 0 219 35 0 219 35 0 218 36 0 218 36 0 216 36 0 192 64 0 192 64 0 190 65 0 190 65 0 189 66 0 189 66 0 188 66 0 188 66 0 191 66 2 195 65 3 189 64 0 178 72 0 169 92 4 158 100 3 152 98 0 156 98 0 156 96 0 156 96 0 155 97 0 155 97 0 153 98 0 152 98 0 152 98 0 152 98 0 128 131 2 128 131 2 128 131 2 128 131 2 128 131 2 128 131 2 128 131 2 128 131 2 124 131 2 128 130 3 123 128 0 113 136 0 106 155 4 95 162 4 90 160 0 94 160 0 93 161 0 93 161 0 93 161 0 93 161 0 93 161 0 93 161 0 93 161 0 93 161 0 61 195 2 61 195 2 61 195 2 61 195 2 61 195 2 61 195 2 61 195 2 61 195 2 60 196 2 65 195 1 61 193 0 50 202 0 42 220 4 31 227 3 26 225 0 32 225 0 31 223 0 29 224 0 29 224 0 28 225 0 28 225 0 26 225 0 26 225 0 25 226 0 2 255 2 1 255 1 1 255 1 1 255 1 0 254 0 0 254 0 0 254 0 0 253 0 1 253 0 0 255 0 0 255 2 5 253 9 0 223 0 4 220 0 0 219 0 0 224 3 0 222 1 0 222 1 0 222 1 0 222 1 0 222 1 0 222 1 0 222 1 0 222 1 0 189 0 0 189 0 0 189 0 0 189 0 0 189 0 0 189 0 0 189 0 0 189 0 4 189 0 0 192 0 0 189 1 4 187 7 0 161 0 8 160 0 2 156 0 0 159 3 0 157 2 0 157 2 0 157 2 0 157 2 0 157 2 0 157 2 0 157 2 0 157 2 0 125 0 0 125 0 0 125 0 0 125 0 0 125 0 0 125 0 0 125 0 0 125 0 4 125 0 0 126 0 0 123 0 5 122 7 0 95 0 9 94 1 2 91 1 0 93 3 0 94 0 0 94 0 0 94 0 0 94 0 0 94 0 0 94 0 0 94 0 0 94 0 0 61 1 0 61 1 0 61 1 0 61 1 0 61 1 0 61 1 0 61 1 0 61 1 3 59 0 0 65 1 0 64 3 6 60 10 0 31 0 4 27 0 1 25 0 0 32 5 3 28 0 0 33 0 0 31 0 7 25 0 3 28 0 0 34 0 3 28 0 30 14 0 244 20 8 247 8 1 252 0 0 255 1 0 252 7 2 248 7 0 251 4 0 255 2 0 251 3 1 255 3 2 249 2 0 238 11 0 230 30 4 219 39 4 215 37 0 219 37 0 218 36 0 218 36 0 218 36 0 218 36 0 218 36 0 218 36 0 218 36 0 218 36 0 191 68 1 190 68 1 190 68 1 188 69 1 188 69 1 187 70 1 187 70 1 185 71 1 186 67 0 254 2 1 254 2 1 254 2 1 254 2 1 254 2 1 254 2 1 254 2 1 254 2 1 254 2 1 255 1 2 253 0 0 242 9 0 234 28 4 224 37 4 218 36 0 222 36 0 222 34 0 221 34 0 221 34 0 219 35 0 219 35 0 218 36 0 218 36 0 216 36 0 192 64 0 192 64 0 190 65 0 190 65 0 189 66 0 189 66 0 188 66 0 
188 66 0 191 66 2 195 65 3 189 64 0 178 72 0 169 92 4 158 100 3 152 98 0 156 98 0 156 96 0 156 96 0 155 97 0 155 97 0 153 98 0 152 98 0 152 98 0 152 98 0 128 131 2 128 131 2 128 131 2 128 131 2 128 131 2 128 131 2 128 131 2 128 131 2 124 131 2 128 130 3 123 128 0 113 136 0 106 155 4 95 162 4 90 160 0 94 160 0 93 161 0 93 161 0 93 161 0 93 161 0 93 161 0 93 161 0 93 161 0 93 161 0 61 195 2 61 195 2 61 195 2 61 195 2 61 195 2 61 195 2 61 195 2 61 195 2 60 196 2 65 195 1 61 193 0 50 202 0 42 220 4 31 227 3 26 225 0 32 225 0 31 223 0 29 224 0 29 224 0 28 225 0 28 225 0 26 225 0 26 225 0 25 226 0 2 255 2 1 255 1 1 255 1 1 255 1 0 254 0 0 254 0 0 254 0 0 253 0 1 253 0 0 255 0 0 255 2 5 253 9 0 223 0 4 220 0 0 219 0 0 224 3 0 222 1 0 222 1 0 222 1 0 222 1 0 222 1 0 222 1 0 222 1 0 222 1 0 189 0 0 189 0 0 189 0 0 189 0 0 189 0 0 189 0 0 189 0 0 189 0 4 189 0 0 192 0 0 189 1 4 187 7 0 161 0 8 160 0 2 156 0 0 159 3 0 157 2 0 157 2 0 157 2 0 157 2 0 157 2 0 157 2 0 157 2 0 157 2 0 125 0 0 125 0 0 125 0 0 125 0 0 125 0 0 125 0 0 125 0 0 125 0 4 125 0 0 126 0 0 123 0 5 122 7 0 95 0 9 94 1 2 91 1 0 93 3 0 94 0 0 94 0 0 94 0 0 94 0 0 94 0 0 94 0 0 94 0 0 94 0 0 61 1 0 61 1 0 61 1 0 61 1 0 61 1 0 61 1 0 61 1 0 61 1 3 59 0 0 65 1 0 64 3 6 60 10 0 31 0 4 27 0 1 25 0 0 32 5 3 28 0 0 33 0 0 31 0 7 25 0 3 28 0 0 34 0 3 28 0 30 14 0 244 20 8 247 8 1 252 0 0 255 1 0 252 7 2 248 7 0 251 4 0 255 2 0 251 3 1 255 3 2 249 2 0 238 11 0 230 30 4 219 39 4 215 37 0 219 37 0 218 36 0 218 36 0 218 36 0 218 36 0 218 36 0 218 36 0 218 36 0 218 36 0 191 68 1 190 68 1 190 68 1 188 69 1 188 69 1 187 70 1 187 70 1 185 71 1 186 67 0 254 2 1 254 2 1 254 2 1 254 2 1 254 2 1 254 2 1 254 2 1 254 2 1 254 2 1 255 1 2 253 0 0 242 9 0 234 28 4 224 37 4 218 36 0 222 36 0 222 34 0 221 34 0 221 34 0 219 35 0 219 35 0 218 36 0 218 36 0 216 36 0 192 64 0 192 64 0 190 65 0 190 65 0 189 66 0 189 66 0 188 66 0 188 66 0 191 66 2 195 65 3 189 64 0 178 72 0 169 92 4 158 100 3 152 98 0 156 98 0 156 96 0 156 96 0 155 97 0 155 97 0 153 98 0 152 98 0 152 98 0 152 98 0 128 131 2 128 131 2 128 131 2 128 131 2 128 131 2 128 131 2 128 131 2 128 131 2 124 131 2 128 130 3 123 128 0 113 136 0 106 155 4 95 162 4 
90 160 0 94 160 0 93 161 0 93 161 0 93 161 0 93 161 0 93 161 0 93 161 0 93 161 0 93 161 0 61 195 2 61 195 2 61 195 2 61 195 2 61 195 2 61 195 2 61 195 2 61 195 2 60 196 2 65 195 1 61 193 0 50 202 0 42 220 4 31 227 3 26 225 0 32 225 0 31 223 0 29 224 0 29 224 0 28 225 0 28 225 0 26 225 0 26 225 0 25 226 0 2 255 2 1 255 1 1 255 1 1 255 1 0 254 0 0 254 0 0 254 0 0 253 0 1 253 0 0 255 0 0 255 2 5 253 9 0 223 0 4 220 0 0 219 0 0 224 3 0 222 1 0 222 1 0 222 1 0 222 1 0 222 1 0 222 1 0 222 1 0 222 1 0 189 0 0 189 0 0 189 0 0 189 0 0 189 0 0 189 0 0 189 0 0 189 0 4 189 0 0 192 0 0 189 1 4 187 7 0 161 0 8 160 0 2 156 0 0 159 3 0 157 2 0 157 2 0 157 2 0 157 2 0 157 2 0 157 2 0 157 2 0 157 2 0 125 0 0 125 0 0 125 0 0 125 0 0 125 0 0 125 0 0 125 0 0 125 0 4 125 0 0 126 0 0 123 0 5 122 7 0 95 0 9 94 1 2 91 1 0 93 3 0 94 0 0 94 0 0 94 0 0 94 0 0 94 0 0 94 0 0 94 0 0 94 0 0 61 1 0 61 1 0 61 1 0 61 1 0 61 1 0 61 1 0 61 1 0 61 1 3 59 0 0 65 1 0 64 3 6 60 10 0 31 0 4 27 0 1 25 0 0 32 5 3 28 0 0 33 0 0 31 0 7 25 0 3 28 0 0 34 0 3 28 0 30 14 0 244 20 8 247 8 1 252 0 0 255 1 0 252 7 2 248 7 0 251 4 0 255 2 0 251 3 1 255 3 2 249 2 0 238 11 0 230 30 4 219 39 4 215 37 0 219 37 0 218 36 0 218 36 0 218 36 0 218 36 0 218 36 0 218 36 0 218 36 0 218 36 0 191 68 1 190 68 1 190 68 1 188 69 1 188 69 1 187 70 1 187 70 1 185 71 1 186 67 0 254 2 1 254 2 1 254 2 1 254 2 1 254 2 1 254 2 1 254 2 1 254 2 1 254 2 1 255 1 2 253 0 0 242 9 0 234 28 4 224 37 4 218 36 0 222 36 0 222 34 0 221 34 0 221 34 0 219 35 0 219 35 0 218 36 0 218 36 0 216 36 0 192 64 0 192 64 0 190 65 0 190 65 0 189 66 0 189 66 0 188 66 0 188 66 0 191 66 2 195 65 3 189 64 0 178 72 0 169 92 4 158 100 3 152 98 0 156 98 0 156 96 0 156 96 0 155 97 0 155 97 0 153 98 0 152 98 0 152 98 0 152 98 0 128 131 2 128 131 2 128 131 2 128 131 2 128 131 2 128 131 2 128 131 2 128 131 2 124 131 2 128 130 3 123 128 0 113 136 0 106 155 4 95 162 4 90 160 0 94 160 0 93 161 0 93 161 0 93 161 0 93 161 0 93 161 0 93 161 0 93 161 0 93 161 0 61 195 2 61 195 2 61 195 2 61 195 2 61 195 2 61 195 2 61 195 2 61 195 2 60 196 2 65 195 1 61 193 0 50 202 0 42 220 4 31 227 3 26 225 0 32 225 0 31 223 0 29 224 0 29 224 0 28 225 0 28 225 0 
26 225 0 26 225 0 25 226 0 2 255 2 1 255 1 1 255 1 1 255 1 0 254 0 0 254 0 0 254 0 0 253 0 1 253 0 0 255 0 0 255 2 5 253 9 0 223 0 4 220 0 0 219 0 0 224 3 0 222 1 0 222 1 0 222 1 0 222 1 0 222 1 0 222 1 0 222 1 0 222 1 0 189 0 0 189 0 0 189 0 0 189 0 0 189 0 0 189 0 0 189 0 0 189 0 4 189 0 0 192 0 0 189 1 4 187 7 0 161 0 8 160 0 2 156 0 0 159 3 0 157 2 0 157 2 0 157 2 0 157 2 0 157 2 0 157 2 0 157 2 0 157 2 0 125 0 0 125 0 0 125 0 0 125 0 0 125 0 0 125 0 0 125 0 0 125 0 4 125 0 0 126 0 0 123 0 5 122 7 0 95 0 9 94 1 2 91 1 0 93 3 0 94 0 0 94 0 0 94 0 0 94 0 0 94 0 0 94 0 0 94 0 0 94 0 0 61 1 0 61 1 0 61 1 0 61 1 0 61 1 0 61 1 0 61 1 0 61 1 3 59 0 0 65 1 0 64 3 6 60 10 0 31 0 4 27 0 1 25 0 0 32 5 3 28 0 0 33 0 0 31 0 7 25 0 3 28 0 0 34 0 3 28 0 30 14 0 244 20 8 247 8 1 252 0 0 255 1 0 252 7 2 248 7 0 251 4 0 255 2 0 251 3 1 255 3 2 249 2 0 238 11 0 230 30 4 219 39 4 215 37 0 219 37 0 218 36 0 218 36 0 218 36 0 218 36 0 218 36 0 218 36 0 218 36 0 218 36 0 191 68 1 190 68 1 190 68 1 188 69 1 188 69 1 187 70 1 187 70 1 185 71 1 186 67 0 254 2 1 254 2 1 254 2 1 254 2 1 254 2 1 254 2 1 254 2 1 254 2 1 254 2 1 255 1 2 253 0 0 242 9 0 234 28 4 224 37 4 218 36 0 222 36 0 222 34 0 221 34 0 221 34 0 219 35 0 219 35 0 218 36 0 218 36 0 216 36 0 192 64 0 192 64 0 190 65 0 190 65 0 189 66 0 189 66 0 188 66 0 188 66 0 191 66 2 195 65 3 189 64 0 178 72 0 169 92 4 158 100 3 152 98 0 156 98 0 156 96 0 156 96 0 155 97 0 155 97 0 153 98 0 152 98 0 152 98 0 152 98 0 128 131 2 128 131 2 128 131 2 128 131 2 128 131 2 128 131 2 128 131 2 128 131 2 124 131 2 128 130 3 123 128 0 113 136 0 106 155 4 95 162 4 90 160 0 94 160 0 93 161 0 93 161 0 93 161 0 93 161 0 93 161 0 93 161 0 93 161 0 93 161 0 61 195 2 61 195 2 61 195 2 61 195 2 61 195 2 61 195 2 61 195 2 61 195 2 60 196 2 65 195 1 61 193 0 50 202 0 42 220 4 31 227 3 26 225 0 32 225 0 31 223 0 29 224 0 29 224 0 28 225 0 28 225 0 26 225 0 26 225 0 25 226 0 2 255 2 1 255 1 1 255 1 1 255 1 0 254 0 0 254 0 0 254 0 0 253 0 1 253 0 0 255 0 0 255 2 5 253 9 0 223 0 4 220 0 0 219 0 0 224 3 0 222 1 0 222 1 0 222 1 0 222 1 0 222 1 0 222 1 0 222 1 0 222 1 0 189 0 0 189 0 0 189 0 0 189 0 
0 189 0 0 189 0 0 189 0 0 189 0 4 189 0 0 192 0 0 189 1 4 187 7 0 161 0 8 160 0 2 156 0 0 159 3 0 157 2 0 157 2 0 157 2 0 157 2 0 157 2 0 157 2 0 157 2 0 157 2 0 125 0 0 125 0 0 125 0 0 125 0 0 125 0 0 125 0 0 125 0 0 125 0 4 125 0 0 126 0 0 123 0 5 122 7 0 95 0 9 94 1 2 91 1 0 93 3 0 94 0 0 94 0 0 94 0 0 94 0 0 94 0 0 94 0 0 94 0 0 94 0 0 61 1 0 61 1 0 61 1 0 61 1 0 61 1 0 61 1 0 61 1 0 61 1 3 59 0 0 65 1 0 64 3 6 60 10 0 31 0 4 27 0 1 25 0 0 32 5 3 28 0 0 33 0 0 31 0 7 25 0 3 28 0 0 34 0 3 28 0 30 14 0 244 20 8 247 8 1 252 0 0 255 1 0 252 7 2 248 7 0 251 4 0 255 2 0 251 3 1 255 3 2 249 2 0 238 11 0 230 30 4 219 39 4 215 37 0 219 37 0 218 36 0 218 36 0 218 36 0 218 36 0 218 36 0 218 36 0 218 36 0 218 36 0 191 68 1 190 68 1 190 68 1 188 69 1 188 69 1 187 70 1 187 70 1 185 71 1 186 67 0 254 2 1 254 2 1 254 2 1 254 2 1 254 2 1 254 2 1 254 2 1 254 2 1 254 2 1 255 1 2 253 0 0 242 9 0 234 28 4 224 37 4 218 36 0 222 36 0 222 34 0 221 34 0 221 34 0 219 35 0 219 35 0 218 36 0 218 36 0 216 36 0 192 64 0 192 64 0 190 65 0 190 65 0 189 66 0 189 66 0 188 66 0 188 66 0 191 66 2 195 65 3 189 64 0 178 72 0 169 92 4 158 100 3 152 98 0 156 98 0 156 96 0 156 96 0 155 97 0 155 97 0 153 98 0 152 98 0 152 98 0 152 98 0 128 131 2 128 131 2 128 131 2 128 131 2 128 131 2 128 131 2 128 131 2 128 131 2 124 131 2 128 130 3 123 128 0 113 136 0 106 155 4 95 162 4 90 160 0 94 160 0 93 161 0 93 161 0 93 161 0 93 161 0 93 161 0 93 161 0 93 161 0 93 161 0 61 195 2 61 195 2 61 195 2 61 195 2 61 195 2 61 195 2 61 195 2 61 195 2 60 196 2 65 195 1 61 193 0 50 202 0 42 220 4 31 227 3 26 225 0 32 225 0 31 223 0 29 224 0 29 224 0 28 225 0 28 225 0 26 225 0 26 225 0 25 226 0 2 255 2 1 255 1 1 255 1 1 255 1 0 254 0 0 254 0 0 254 0 0 253 0 1 253 0 0 255 0 0 255 2 5 253 9 0 223 0 4 220 0 0 219 0 0 224 3 0 222 1 0 222 1 0 222 1 0 222 1 0 222 1 0 222 1 0 222 1 0 222 1 0 189 0 0 189 0 0 189 0 0 189 0 0 189 0 0 189 0 0 189 0 0 189 0 4 189 0 0 192 0 0 189 1 4 187 7 0 161 0 8 160 0 2 156 0 0 159 3 0 157 2 0 157 2 0 157 2 0 157 2 0 157 2 0 157 2 0 157 2 0 157 2 0 125 0 0 125 0 0 125 0 0 125 0 0 125 0 0 125 0 0 125 0 0 125 0 4 125 0 0 126 0 0 123 0 
5 122 7 0 95 0 9 94 1 2 91 1 0 93 3 0 94 0 0 94 0 0 94 0 0 94 0 0 94 0 0 94 0 0 94 0 0 94 0 0 61 1 0 61 1 0 61 1 0 61 1 0 61 1 0 61 1 0 61 1 0 61 1 3 59 0 0 65 1 0 64 3 6 60 10 0 31 0 4 27 0 1 25 0 0 32 5 3 28 0 0 33 0 0 31 0 7 25 0 3 28 0 0 34 0 3 28 0 30 14 0 244 20 8 247 8 1 252 0 0 255 1 0 252 7 2 248 7 0 251 4 0 255 2 0 251 3 1 255 3 2 249 2 0 238 11 0 230 30 4 219 39 4 215 37 0 219 37 0 218 36 0 218 36 0 218 36 0 218 36 0 218 36 0 218 36 0 218 36 0 218 36 0 191 68 1 190 68 1 190 68 1 188 69 1 188 69 1 187 70 1 187 70 1 185 71 1 186 67 0 254 2 1 254 2 1 254 2 1 254 2 1 254 2 1 254 2 1 254 2 1 254 2 1 254 2 1 255 1 2 253 0 0 242 9 0 234 28 4 224 37 4 218 36 0 222 36 0 222 34 0 221 34 0 221 34 0 219 35 0 219 35 0 218 36 0 218 36 0 216 36 0 192 64 0 192 64 0 190 65 0 190 65 0 189 66 0 189 66 0 188 66 0 188 66 0 191 66 2 195 65 3 189 64 0 178 72 0 169 92 4 158 100 3 152 98 0 156 98 0 156 96 0 156 96 0 155 97 0 155 97 0 153 98 0 152 98 0 152 98 0 152 98 0 128 131 2 128 131 2 128 131 2 128 131 2 128 131 2 128 131 2 128 131 2 128 131 2 124 131 2 128 130 3 123 128 0 113 136 0 106 155 4 95 162 4 90 160 0 94 160 0 93 161 0 93 161 0 93 161 0 93 161 0 93 161 0 93 161 0 93 161 0 93 161 0 61 195 2 61 195 2 61 195 2 61 195 2 61 195 2 61 195 2 61 195 2 61 195 2 60 196 2 65 195 1 61 193 0 50 202 0 42 220 4 31 227 3 26 225 0 32 225 0 31 223 0 29 224 0 29 224 0 28 225 0 28 225 0 26 225 0 26 225 0 25 226 0 2 255 2 1 255 1 1 255 1 1 255 1 0 254 0 0 254 0 0 254 0 0 253 0 1 253 0 0 255 0 0 255 2 5 253 9 0 223 0 4 220 0 0 219 0 0 224 3 0 222 1 0 222 1 0 222 1 0 222 1 0 222 1 0 222 1 0 222 1 0 222 1 0 189 0 0 189 0 0 189 0 0 189 0 0 189 0 0 189 0 0 189 0 0 189 0 4 189 0 0 192 0 0 189 1 4 187 7 0 161 0 8 160 0 2 156 0 0 159 3 0 157 2 0 157 2 0 157 2 0 157 2 0 157 2 0 157 2 0 157 2 0 157 2 0 125 0 0 125 0 0 125 0 0 125 0 0 125 0 0 125 0 0 125 0 0 125 0 4 125 0 0 126 0 0 123 0 5 122 7 0 95 0 9 94 1 2 91 1 0 93 3 0 94 0 0 94 0 0 94 0 0 94 0 0 94 0 0 94 0 0 94 0 0 94 0 0 61 1 0 61 1 0 61 1 0 61 1 0 61 1 0 61 1 0 61 1 0 61 1 3 59 0 0 65 1 0 64 3 6 60 10 0 31 0 4 27 0 1 25 0 0 32 5 3 28 0 0 33 0 
0 31 0 7 25 0 3 28 0 0 34 0 3 28 0 30 14 0 244 20 8 247 8 1 252 0 0 255 1 0 252 7 2 248 7 0 251 4 0 255 2 0 251 3 1 255 3 2 249 2 0 238 11 0 230 30 4 219 39 4 215 37 0 219 37 0 218 36 0 218 36 0 218 36 0 218 36 0 218 36 0 218 36 0 218 36 0 218 36 0 191 68 1 190 68 1 190 68 1 188 69 1 188 69 1 187 70 1 187 70 1 185 71 1 186 67 0 254 2 1 254 2 1 254 2 1 254 2 1 254 2 1 254 2 1 254 2 1 254 2 1 254 2 1 255 1 2 253 0 0 242 9 0 234 28 4 224 37 4 218 36 0 222 36 0 222 34 0 221 34 0 221 34 0 219 35 0 219 35 0 218 36 0 218 36 0 216 36 0 192 64 0 192 64 0 190 65 0 190 65 0 189 66 0 189 66 0 188 66 0 188 66 0 191 66 2 195 65 3 189 64 0 178 72 0 169 92 4 158 100 3 152 98 0 156 98 0 156 96 0 156 96 0 155 97 0 155 97 0 153 98 0 152 98 0 152 98 0 152 98 0 128 131 2 128 131 2 128 131 2 128 131 2 128 131 2 128 131 2 128 131 2 128 131 2 124 131 2 128 130 3 123 128 0 113 136 0 106 155 4 95 162 4 90 160 0 94 160 0 93 161 0 93 161 0 93 161 0 93 161 0 93 161 0 93 161 0 93 161 0 93 161 0 61 195 2 61 195 2 61 195 2 61 195 2 61 195 2 61 195 2 61 195 2 61 195 2 60 196 2 65 195 1 61 193 0 50 202 0 42 220 4 31 227 3 26 225 0 32 225 0 31 223 0 29 224 0 29 224 0 28 225 0 28 225 0 26 225 0 26 225 0 25 226 0 2 255 2 1 255 1 1 255 1 1 255 1 0 254 0 0 254 0 0 254 0 0 253 0 1 253 0 0 255 0 0 255 2 5 253 9 0 223 0 4 220 0 0 219 0 0 224 3 0 222 1 0 222 1 0 222 1 0 222 1 0 222 1 0 222 1 0 222 1 0 222 1 0 189 0 0 189 0 0 189 0 0 189 0 0 189 0 0 189 0 0 189 0 0 189 0 4 189 0 0 192 0 0 189 1 4 187 7 0 161 0 8 160 0 2 156 0 0 159 3 0 157 2 0 157 2 0 157 2 0 157 2 0 157 2 0 157 2 0 157 2 0 157 2 0 125 0 0 125 0 0 125 0 0 125 0 0 125 0 0 125 0 0 125 0 0 125 0 4 125 0 0 126 0 0 123 0 5 122 7 0 95 0 9 94 1 2 91 1 0 93 3 0 94 0 0 94 0 0 94 0 0 94 0 0 94 0 0 94 0 0 94 0 0 94 0 0 61 1 0 61 1 0 61 1 0 61 1 0 61 1 0 61 1 0 61 1 0 61 1 3 59 0 0 65 1 0 64 3 6 60 10 0 31 0 4 27 0 1 25 0 0 32 5 3 28 0 0 33 0 0 31 0 7 25 0 3 28 0 0 34 0 3 28 0 30 14 0 244 20 8 247 8 1 252 0 0 255 1 0 252 7 2 248 7 0 251 4 0 255 2 0 251 3 1 255 3 2 249 2 0 238 11 0 230 30 4 219 39 4 215 37 0 219 37 0 218 36 0 218 36 0 218 36 0 218 36 0 218 36 0 218 36 0 218 36 0 218 36 0 191 68 1 
190 68 1 190 68 1 188 69 1 188 69 1 187 70 1 187 70 1 185 71 1 186 67 0 255 1 0 255 1 0 255 1 0 255 1 0 255 1 0 255 1 0 255 1 0 255 1 0 255 1 1 255 1 2 253 0 0 242 9 0 234 28 4 224 37 4 219 35 0 223 35 0 223 33 0 223 33 0 223 33 0 222 34 0 221 34 0 221 34 0 219 35 0 219 35 0 193 64 0 192 64 0 192 64 0 190 65 0 190 65 0 189 66 0 188 66 0 188 66 0 191 66 2 195 65 3 189 64 0 178 72 0 171 91 4 158 100 3 153 98 0 157 98 0 157 97 0 157 97 0 156 98 0 156 98 0 154 99 0 153 99 0 153 99 0 153 99 0 128 131 2 128 131 2 128 131 2 128 131 2 128 131 2 128 131 2 128 131 2 128 131 2 125 130 2 129 130 3 125 128 0 113 136 0 106 155 4 96 162 4 92 160 0 95 160 0 95 160 0 95 160 0 94 160 0 94 160 0 93 161 0 91 162 0 91 162 0 90 163 0 66 193 0 66 193 0 64 194 0 64 194 0 63 195 0 61 195 0 61 195 0 61 195 0 60 194 1 64 194 0 60 192 0 50 199 0 40 218 2 31 226 2 27 224 0 31 224 0 33 225 0 33 225 0 31 226 0 31 226 0 30 227 0 28 227 0 28 227 0 28 227 0 3 254 1 3 254 1 3 254 1 3 254 1 3 254 1 3 254 1 3 254 1 3 254 1 4 251 0 1 255 0 0 255 3 8 253 10 0 223 0 6 220 0 4 219 1 1 225 5 0 221 0 0 221 0 0 221 0 0 221 0 0 221 0 0 221 0 0 221 0 0 221 0 0 189 0 0 189 0 0 189 0 0 189 0 0 189 0 0 189 0 0 189 0 0 189 0 4 187 0 0 190 0 0 187 0 4 186 6 0 159 0 8 158 0 3 154 0 0 157 2 1 156 2 1 156 2 1 156 2 1 156 2 1 156 2 1 156 2 1 156 2 1 156 2 1 124 0 1 124 0 1 124 0 1 124 0 1 124 0 1 124 0 1 124 0 1 124 0 5 125 1 1 127 2 0 125 3 6 122 11 0 97 0 10 95 4 3 91 4 0 94 6 0 93 2 0 93 2 0 93 2 0 93 2 0 93 2 0 93 2 0 93 2 0 93 2 1 61 1 1 61 1 1 61 1 1 61 1 1 61 1 1 61 1 1 61 1 1 61 1 3 59 0 1 66 2 0 64 3 6 60 10 0 31 0 4 27 0 1 25 0 0 32 5 0 31 0 4 29 0 5 28 0 3 29 0 0 32 0 1 30 0 12 24 0 25 18 0 246 18 7 249 6 0 252 0 0 254 0 0 250 5 0 245 6 0 247 2 0 254 0 0 249 4 1 253 4 2 249 2 0 238 11 0 231 30 4 222 38 4 218 36 0 222 36 0 215 37 0 215 37 0 215 37 0 215 37 0 215 37 0 215 37 0 215 37 0 215 37 0 191 68 1 191 68 1 191 68 1 191 68 1 191 68 1 191 68 1 191 68 1 191 68 1 186 67 0 254 2 0 254 2 0 254 2 0 254 2 0 254 2 0 254 2 0 254 2 0 254 2 0 255 1 1 255 1 2 253 0 0 242 9 0 234 28 4 224 37 4 218 36 0 222 36 0 223 33 0 223 33 0 222 34 0 222 34 0 221 34 0 219 35 0 219 35 0 
219 35 0 192 64 0 192 64 0 192 64 0 190 65 0 189 66 0 189 66 0 188 66 0 188 66 0 191 66 2 195 65 3 189 64 0 178 72 0 169 92 4 158 100 3 153 98 0 157 98 0 157 97 0 157 97 0 156 98 0 156 98 0 154 99 0 153 99 0 153 99 0 153 99 0 128 131 2 128 131 2 128 131 2 128 131 2 128 131 2 128 131 2 128 131 2 128 131 2 124 131 2 129 130 3 123 128 0 113 136 0 106 155 4 95 162 4 90 160 0 95 160 0 95 160 0 94 160 0 94 160 0 93 161 0 93 161 0 91 162 0 90 163 0 90 163 0 66 193 0 66 193 0 64 194 0 64 194 0 63 195 0 61 195 0 61 195 0 60 196 0 60 194 1 64 194 0 60 192 0 49 201 0 41 219 3 31 226 2 27 224 0 31 224 0 33 225 0 33 225 0 31 226 0 31 226 0 30 227 0 28 227 0 28 227 0 27 228 0 2 253 0 2 253 0 2 253 0 2 253 0 2 253 0 2 253 0 2 253 0 2 253 0 4 251 0 1 255 0 0 255 3 8 253 10 0 223 0 6 220 0 4 219 1 1 225 5 0 221 0 0 221 0 0 221 0 0 221 0 0 221 0 0 221 0 0 221 0 0 221 0 0 189 0 0 189 0 0 189 0 0 189 0 0 189 0 0 189 0 0 189 0 0 189 0 4 187 0 0 190 0 0 187 0 4 186 6 0 159 0 8 158 0 3 154 0 0 157 2 1 156 2 1 156 2 1 156 2 1 156 2 1 156 2 1 156 2 1 156 2 1 156 2 1 124 0 1 124 0 1 124 0 1 124 0 1 124 0 1 124 0 1 124 0 1 124 0 5 125 1 1 127 2 0 125 3 6 122 11 0 96 0 10 95 4 3 91 4 0 93 5 0 93 2 0 93 2 0 93 2 0 93 2 0 93 2 0 93 2 0 93 2 0 93 2 1 61 1 1 61 1 1 61 1 1 61 1 1 61 1 1 61 1 1 61 1 1 61 1 3 59 0 0 65 1 0 64 3 6 60 10 0 30 0 4 27 0 1 25 0 0 31 4 0 31 0 4 29 0 5 28 0 3 29 0 0 32 0 1 30 0 12 24 0 25 18 0 246 18 7 248 7 0 252 0 0 254 0 0 251 6 1 245 6 0 247 4 0 254 2 0 248 5 1 253 4 2 247 2 0 238 11 0 231 30 4 221 38 4 216 36 0 222 36 0 215 37 0 215 37 0 215 37 0 215 37 0 215 37 0 215 37 0 215 37 0 215 37 0 190 68 1 190 68 1 190 68 1 190 68 1 190 68 1 190 68 1 190 68 1 190 68 1 186 67 0 254 2 0 254 2 0 254 2 0 254 2 0 254 2 0 254 2 0 254 2 0 254 2 0 254 2 1 255 1 2 252 0 0 241 9 0 234 28 4 222 38 4 218 36 0 222 36 0 223 33 0 222 34 0 222 34 0 221 34 0 221 34 0 219 35 0 218 36 0 218 36 0 192 64 0 192 64 0 190 65 0 190 65 0 189 66 0 188 66 0 188 66 0 186 67 0 190 66 2 194 66 3 189 64 0 178 72 0 169 92 4 158 100 3 152 98 0 156 98 0 157 97 0 157 97 0 156 98 0 156 98 0 154 99 0 153 99 0 153 99 0 153 99 0 126 131 2 126 131 2 126 131 2 126 131 2 126 131 2 126 131 2 
126 131 2 126 131 2 124 131 2 128 130 3 123 128 0 113 136 0 105 155 4 95 162 4 90 160 0 94 160 0 94 160 0 94 160 0 93 161 0 93 161 0 91 162 0 90 163 0 90 163 0 90 163 0 64 194 0 64 194 0 64 194 0 63 195 0 61 195 0 61 195 0 60 196 0 60 196 0 59 195 1 64 196 1 58 193 0 49 201 0 41 219 3 31 227 3 25 224 0 30 225 0 31 226 0 31 226 0 31 226 0 30 227 0 28 227 0 28 227 0 27 228 0 27 228 0 2 253 0 2 253 0 2 253 0 2 253 0 2 253 0 2 253 0 2 253 0 2 253 0 3 250 0 1 255 0 0 255 2 7 252 9 0 223 0 6 220 0 3 218 0 1 225 5 0 221 0 0 221 0 0 221 0 0 221 0 0 221 0 0 221 0 0 221 0 0 221 0 0 189 0 0 189 0 0 189 0 0 189 0 0 189 0 0 189 0 0 189 0 0 189 0 4 187 0 0 190 0 0 187 0 4 186 6 0 159 0 8 158 0 3 154 0 0 157 2 1 156 2 1 156 2 1 156 2 1 156 2 1 156 2 1 156 2 1 156 2 1 156 2 1 124 0 1 124 0 1 124 0 1 124 0 1 124 0 1 124 0 1 124 0 1 124 0 4 124 0 1 127 2 0 124 2 5 121 10 0 96 0 9 94 3 3 91 4 0 93 5 0 93 2 0 93 2 0 93 2 0 93 2 0 93 2 0 93 2 0 93 2 0 93 2 1 61 1 1 61 1 1 61 1 1 61 1 1 61 1 1 61 1 1 61 1 1 61 1 3 59 0 0 65 1 0 63 2 6 60 10 0 30 0 4 27 0 1 25 0 0 31 4 0 30 0 3 28 0 4 27 0 2 28 0 0 31 0 0 29 0 11 23 0 24 17 0 246 20 8 248 7 0 252 0 0 255 1 0 250 7 1 244 7 0 247 4 0 254 2 0 248 5 1 252 4 2 247 2 0 238 11 0 230 30 4 221 38 4 216 36 0 220 36 0 215 37 0 215 37 0 215 37 0 215 37 0 215 37 0 215 37 0 215 37 0 215 37 0 190 68 1 190 68 1 190 68 1 190 68 1 190 68 1 190 68 1 190 68 1 190 68 1 186 67 0 252 3 0 252 3 0 252 3 0 252 3 0 252 3 0 252 3 0 252 3 0 252 3 0 252 3 1 255 2 2 252 0 0 241 9 0 233 29 4 222 38 4 216 36 0 220 36 0 222 34 0 222 34 0 221 34 0 221 34 0 219 35 0 218 36 0 218 36 0 218 36 0 190 65 0 190 65 0 190 65 0 189 66 0 188 66 0 188 66 0 186 67 0 186 67 0 190 66 2 194 66 3 188 65 0 176 73 0 168 92 4 156 100 3 151 99 0 154 99 0 157 97 0 157 97 0 156 98 0 156 98 0 154 99 0 153 99 0 153 99 0 153 99 0 126 131 2 126 131 2 126 131 2 126 131 2 126 131 2 126 131 2 126 131 2 126 131 2 122 131 2 126 131 3 122 129 0 112 136 0 105 155 4 93 163 4 89 161 0 93 161 0 94 160 0 93 161 0 93 161 0 91 162 0 90 163 0 90 163 0 88 163 0 88 163 0 64 194 0 64 194 0 63 195 0 61 195 0 61 195 0 60 196 0 60 196 0 59 197 0 59 196 2 64 196 1 59 194 0 48 201 0 40 219 3 
31 227 3 25 226 0 30 225 0 31 226 0 31 226 0 30 227 0 28 227 0 28 227 0 27 228 0 27 228 0 26 229 0 2 253 0 2 253 0 2 253 0 2 253 0 2 253 0 2 253 0 2 253 0 2 253 0 3 250 0 0 255 0 0 255 2 7 252 9 0 222 0 5 219 0 3 218 0 0 224 4 0 221 0 0 221 0 0 221 0 0 221 0 0 221 0 0 221 0 0 221 0 0 221 0 0 188 0 0 188 0 0 188 0 0 188 0 0 188 0 0 188 0 0 188 0 0 188 0 4 187 0 0 190 0 0 187 0 4 186 6 0 159 0 8 158 0 3 154 0 0 157 2 1 156 2 1 156 2 1 156 2 1 156 2 1 156 2 1 156 2 1 156 2 1 156 2 1 124 0 1 124 0 1 124 0 1 124 0 1 124 0 1 124 0 1 124 0 1 124 0 4 124 0 0 126 1 0 124 2 5 121 10 0 96 0 9 94 3 2 90 3 0 93 5 0 92 1 0 92 1 0 92 1 0 92 1 0 92 1 0 92 1 0 92 1 0 92 1 1 61 1 1 61 1 1 61 1 1 61 1 1 61 1 1 61 1 1 61 1 1 61 1 2 58 0 0 65 1 0 63 2 5 59 9 0 30 0 3 26 0 0 24 0 0 31 4 0 30 0 3 28 0 4 27 0 2 28 0 0 31 0 0 29 0 11 23 0 24 17 0 246 20 8 247 8 1 251 0 0 254 2 0 249 8 1 245 8 0 246 5 0 252 3 0 247 5 1 250 5 2 246 3 0 237 11 0 230 30 4 219 39 4 215 37 0 219 37 0 215 37 0 215 37 0 215 37 0 215 37 0 215 37 0 215 37 0 215 37 0 215 37 0 188 69 1 188 69 1 188 69 1 188 69 1 188 69 1 188 69 1 188 69 1 188 69 1 185 68 0 252 3 0 252 3 0 252 3 0 252 3 0 252 3 0 252 3 0 252 3 0 252 3 0 252 3 1 255 2 2 250 1 0 240 10 0 231 30 4 221 38 4 216 36 0 220 36 0 221 34 0 221 34 0 221 34 0 219 35 0 218 36 0 218 36 0 216 36 0 216 36 0 190 65 0 189 66 0 189 66 0 188 66 0 188 66 0 186 67 0 185 68 0 185 68 0 189 67 2 192 67 3 187 65 0 175 74 0 167 93 4 155 101 3 151 99 0 154 99 0 157 97 0 157 97 0 156 98 0 156 98 0 154 99 0 153 99 0 153 99 0 153 99 0 125 132 2 125 132 2 125 132 2 125 132 2 125 132 2 125 132 2 125 132 2 125 132 2 122 131 2 126 131 3 122 129 0 110 137 0 103 156 4 93 163 4 89 161 0 93 161 0 93 161 0 93 161 0 91 162 0 91 162 0 90 163 0 88 163 0 88 163 0 87 164 0 63 195 0 63 195 0 61 195 0 61 195 0 60 196 0 59 197 0 59 197 0 59 197 0 59 196 2 63 197 2 58 194 0 49 202 0 40 221 4 30 229 4 25 226 0 30 227 0 30 227 0 30 227 0 28 227 0 28 227 0 27 228 0 26 229 0 26 229 0 26 229 0 1 252 0 1 252 0 1 252 0 1 252 0 1 252 0 1 252 0 1 252 0 1 252 0 2 249 0 0 255 0 0 254 1 6 251 8 0 222 0 5 219 0 2 217 0 0 224 4 0 221 0 0 221 0 0 221 0 0 221 0 
0 221 0 0 221 0 0 221 0 0 221 0 0 188 0 0 188 0 0 188 0 0 188 0 0 188 0 0 188 0 0 188 0 0 188 0 4 187 0 0 190 0 0 187 0 4 186 6 0 159 0 8 158 0 3 154 0 0 157 2 1 156 2 1 156 2 1 156 2 1 156 2 1 156 2 1 156 2 1 156 2 1 156 2 1 124 0 1 124 0 1 124 0 1 124 0 1 124 0 1 124 0 1 124 0 1 124 0 3 123 0 0 126 1 0 123 1 4 120 9 0 95 0 8 93 2 2 90 3 0 92 4 0 92 1 0 92 1 0 92 1 0 92 1 0 92 1 0 92 1 0 92 1 0 92 1 1 61 1 1 61 1 1 61 1 1 61 1 1 61 1 1 61 1 1 61 1 1 61 1 2 58 0 0 64 0 0 62 1 5 59 9 0 29 0 3 26 0 0 24 0 0 30 3 0 29 0 2 27 0 3 26 0 1 27 0 0 30 0 0 28 0 10 22 0 23 16 0 245 21 9 246 9 1 250 1 0 253 4 0 250 9 2 243 9 0 247 6 0 252 5 0 247 5 1 250 5 2 246 3 0 235 12 0 229 31 4 219 39 4 215 37 0 219 37 0 215 37 0 215 37 0 215 37 0 215 37 0 215 37 0 215 37 0 215 37 0 215 37 0 188 69 1 188 69 1 188 69 1 188 69 1 188 69 1 188 69 1 188 69 1 188 69 1 183 69 0 251 4 0 251 4 0 251 4 0 251 4 0 251 4 0 251 4 0 251 4 0 251 4 0 251 3 1 255 3 2 250 1 0 238 11 0 231 30 4 221 38 4 215 37 0 219 37 0 221 34 0 221 34 0 219 35 0 218 36 0 218 36 0 216 36 0 216 36 0 215 37 0 189 66 0 189 66 0 188 66 0 188 66 0 186 67 0 185 68 0 185 68 0 185 68 0 187 68 2 191 67 3 187 65 0 175 74 0 167 93 4 155 101 3 149 100 0 153 100 0 157 97 0 157 97 0 156 98 0 156 98 0 154 99 0 153 99 0 153 99 0 153 99 0 125 132 2 125 132 2 125 132 2 125 132 2 125 132 2 125 132 2 125 132 2 125 132 2 121 132 2 125 132 3 120 130 0 110 137 0 102 157 4 92 164 4 87 162 0 91 162 0 91 162 0 91 162 0 91 162 0 90 163 0 88 163 0 88 163 0 87 164 0 87 164 0 63 195 0 61 195 0 61 195 0 60 196 0 59 197 0 59 197 0 57 197 0 57 197 0 58 198 3 62 198 2 58 196 0 47 203 0 40 221 4 29 230 4 25 228 0 28 228 0 30 227 0 28 227 0 28 227 0 27 228 0 26 229 0 26 229 0 24 230 0 24 230 0 1 252 0 1 252 0 1 252 0 1 252 0 1 252 0 1 252 0 1 252 0 1 252 0 2 249 0 0 255 0 0 254 1 6 251 8 0 222 0 4 218 0 2 217 0 0 223 3 0 221 0 0 221 0 0 221 0 0 221 0 0 221 0 0 221 0 0 221 0 0 221 0 0 187 0 0 187 0 0 187 0 0 187 0 0 187 0 0 187 0 0 187 0 0 187 0 4 187 0 0 190 0 0 187 0 4 186 6 0 159 0 8 158 0 3 154 0 0 157 2 1 156 2 1 156 2 1 156 2 1 156 2 1 156 2 1 156 2 1 156 2 1 156 2 1 124 0 1 124 0 1 124 0 
1 124 0 1 124 0 1 124 0 1 124 0 1 124 0 3 123 0 0 125 0 0 123 1 4 120 9 0 95 0 8 93 2 1 89 2 0 92 4 0 91 0 0 91 0 0 91 0 0 91 0 0 91 0 0 91 0 0 91 0 0 91 0 1 61 1 1 61 1 1 61 1 1 61 1 1 61 1 1 61 1 1 61 1 1 61 1 1 57 0 0 64 0 0 62 1 4 58 8 0 29 0 2 25 0 0 23 0 0 30 3 0 29 0 2 27 0 3 26 0 1 27 0 0 30 0 0 28 0 10 22 0 23 16 0 244 22 9 247 10 2 250 1 0 253 4 0 248 9 2 243 11 1 245 6 0 252 5 0 245 6 1 249 6 2 245 4 0 235 12 0 227 32 4 218 40 4 214 38 0 217 38 0 215 37 0 215 37 0 215 37 0 215 37 0 215 37 0 215 37 0 215 37 0 215 37 0 187 70 1 187 70 1 187 70 1 187 70 1 187 70 1 187 70 1 187 70 1 187 70 1 183 69 0 251 4 0 251 4 0 251 4 0 251 4 0 251 4 0 251 4 0 251 4 0 251 4 0 251 3 1 255 3 2 249 2 0 238 11 0 230 30 4 219 39 4 214 38 0 217 38 0 219 35 0 219 35 0 219 35 0 218 36 0 216 36 0 216 36 0 215 37 0 215 37 0 189 66 0 188 66 0 188 66 0 186 67 0 185 68 0 185 68 0 183 69 0 183 69 0 187 68 2 191 67 3 185 66 0 174 74 0 165 94 4 154 102 3 149 100 0 153 100 0 157 97 0 157 97 0 156 98 0 156 98 0 154 99 0 153 99 0 153 99 0 153 99 0 123 133 2 123 133 2 123 133 2 123 133 2 123 133 2 123 133 2 123 133 2 123 133 2 120 133 2 125 132 3 120 130 0 109 138 0 102 157 4 92 164 4 86 163 0 91 162 0 91 162 0 91 162 0 90 163 0 88 163 0 88 163 0 87 164 0 87 164 0 86 165 0 61 195 0 61 195 0 60 196 0 60 196 0 59 197 0 57 197 0 57 197 0 57 197 0 58 198 3 62 198 2 58 196 0 47 205 0 39 223 5 29 230 4 25 228 0 28 228 0 28 227 0 28 227 0 27 228 0 27 228 0 26 229 0 24 230 0 24 230 0 24 230 0 0 251 0 0 251 0 0 251 0 0 251 0 0 251 0 0 251 0 0 251 0 0 251 0 2 249 0 0 255 0 0 254 1 5 250 7 0 221 0 4 218 0 2 217 0 0 223 3 0 221 0 0 221 0 0 221 0 0 221 0 0 221 0 0 221 0 0 221 0 0 221 0 0 187 0 0 187 0 0 187 0 0 187 0 0 187 0 0 187 0 0 187 0 0 187 0 4 187 0 0 190 0 0 187 0 4 186 6 0 159 0 8 158 0 3 154 0 0 157 2 1 156 2 1 156 2 1 156 2 1 156 2 1 156 2 1 156 2 1 156 2 1 156 2 1 124 0 1 124 0 1 124 0 1 124 0 1 124 0 1 124 0 1 124 0 1 124 0 3 123 0 0 125 0 0 122 0 4 120 9 0 94 0 7 92 1 1 89 2 0 91 3 0 91 0 0 91 0 0 91 0 0 91 0 0 91 0 0 91 0 0 91 0 0 91 0 1 61 1 1 61 1 1 61 1 1 61 1 1 61 1 1 61 1 1 61 1 1 61 1 1 57 0 0 63 0 
0 62 1 4 58 8 0 28 0 2 25 0 0 23 0 0 29 2 0 29 0 2 27 0 3 26 0 1 27 0 0 30 0 0 28 0 10 22 0 23 16 0 245 23 10 245 11 2 250 3 0 252 5 0 249 10 3 243 11 1 245 8 0 251 6 1 244 7 1 249 6 2 245 4 0 234 13 0 227 32 4 218 40 4 212 39 0 217 38 0 215 37 0 215 37 0 215 37 0 215 37 0 215 37 0 215 37 0 215 37 0 215 37 0 187 70 1 187 70 1 187 70 1 187 70 1 187 70 1 187 70 1 187 70 1 187 70 1 182 69 0 249 4 0 249 4 0 249 4 0 249 4 0 249 4 0 249 4 0 249 4 0 249 4 0 249 4 1 253 4 2 249 2 0 238 11 0 230 30 4 219 39 4 214 38 0 217 38 0 219 35 0 219 35 0 218 36 0 218 36 0 216 36 0 215 37 0 215 37 0 215 37 0 188 66 0 188 66 0 188 66 0 186 67 0 185 68 0 185 68 0 183 69 0 183 69 0 187 68 2 191 67 3 185 66 0 174 74 0 165 94 4 154 102 3 148 100 0 152 100 0 157 97 0 157 97 0 156 98 0 156 98 0 154 99 0 153 99 0 153 99 0 153 99 0 123 133 2 123 133 2 123 133 2 123 133 2 123 133 2 123 133 2 123 133 2 123 133 2 120 133 2 123 132 3 119 130 0 109 138 0 102 157 4 90 165 4 86 163 0 90 163 0 91 162 0 90 163 0 90 163 0 88 163 0 87 164 0 87 164 0 86 165 0 86 165 0 61 195 0 61 195 0 60 196 0 59 197 0 59 197 0 57 197 0 57 197 0 56 198 0 57 199 3 63 199 3 58 196 0 47 205 0 39 223 5 30 231 5 23 229 0 28 228 0 28 227 0 28 227 0 27 228 0 26 229 0 26 229 0 24 230 0 24 230 0 23 230 0 0 251 0 0 251 0 0 251 0 0 251 0 0 251 0 0 251 0 0 251 0 0 251 0 1 248 0 0 255 0 0 253 0 5 250 7 0 221 0 4 218 0 1 216 0 0 223 3 0 221 0 0 221 0 0 221 0 0 221 0 0 221 0 0 221 0 0 221 0 0 221 0 0 187 0 0 187 0 0 187 0 0 187 0 0 187 0 0 187 0 0 187 0 0 187 0 4 187 0 0 190 0 0 187 0 4 186 6 0 159 0 8 158 0 3 154 0 0 157 2 1 156 2 1 156 2 1 156 2 1 156 2 1 156 2 1 156 2 1 156 2 1 156 2 1 124 0 1 124 0 1 124 0 1 124 0 1 124 0 1 124 0 1 124 0 1 124 0 2 122 0 0 125 0 0 122 0 3 119 8 0 94 0 7 92 1 1 89 2 0 91 3 0 91 0 0 91 0 0 91 0 0 91 0 0 91 0 0 91 0 0 91 0 0 91 0 1 61 1 1 61 1 1 61 1 1 61 1 1 61 1 1 61 1 1 61 1 1 61 1 1 57 0 0 63 0 0 61 0 4 58 8 0 28 0 2 25 0 0 23 0 0 29 2 0 29 0 2 27 0 3 26 0 1 27 0 0 30 0 0 28 0 10 22 0 23 16 0 245 23 10 245 11 2 250 3 0 253 6 1 248 11 3 243 11 1 245 8 0 251 6 1 244 7 1 248 6 2 243 4 0 234 13 0 227 32 4 217 41 4 212 39 0 216 39 0 215 37 0 
215 37 0 215 37 0 215 37 0 215 37 0 215 37 0 215 37 0 215 37 0 185 71 1 185 71 1 185 71 1 185 71 1 185 71 1 185 71 1 185 71 1 185 71 1 182 69 0 251 4 0 251 4 0 251 4 0 251 4 0 251 4 0 251 4 0 251 4 0 251 4 0 251 3 1 255 3 2 249 2 0 238 11 0 230 30 4 219 39 4 215 37 0 219 37 0 218 36 0 218 36 0 218 36 0 218 36 0 218 36 0 218 36 0 218 36 0 218 36 0 191 68 1 190 68 1 190 68 1 188 69 1 188 69 1 187 70 1 187 70 1 185 71 1 184 69 2 190 68 3 185 66 0 174 74 0 167 93 4 155 101 3 151 99 0 156 98 0 156 98 0 154 99 0 154 99 0 153 99 0 153 99 0 152 100 0 152 100 0 150 101 0 123 133 2 123 133 2 123 133 2 123 133 2 123 133 2 123 133 2 123 133 2 123 133 2 120 131 1 124 131 2 119 129 0 109 138 0 102 157 4 93 165 5 88 163 0 92 163 0 93 164 0 93 164 0 92 165 0 92 165 0 90 165 0 89 166 0 89 166 0 89 166 0 61 195 0 61 195 0 60 196 0 60 196 0 59 197 0 59 197 0 57 197 0 57 197 0 58 198 3 63 199 3 58 196 0 48 204 0 39 223 5 29 230 4 25 228 0 28 228 0 28 227 0 28 227 0 27 228 0 27 228 0 26 229 0 26 229 0 24 230 0 24 230 0 0 251 0 0 251 0 0 251 0 0 251 0 0 251 0 0 251 0 0 251 0 0 251 0 4 250 0 0 253 1 0 250 1 4 249 8 0 222 0 7 221 1 2 217 0 0 221 3 1 219 0 1 219 0 1 219 0 1 219 0 1 219 0 1 219 0 1 219 0 1 219 0 0 188 0 0 188 0 0 188 0 0 188 0 0 188 0 0 188 0 0 188 0 0 188 0 1 184 0 0 190 2 0 188 4 5 186 9 0 157 0 5 154 0 2 152 1 0 159 7 0 155 1 0 155 1 0 155 1 0 155 1 0 155 1 0 155 1 0 155 1 0 155 1 0 123 0 0 123 0 0 123 0 0 123 0 0 123 0 0 123 0 0 123 0 0 123 0 4 120 0 1 125 1 0 124 4 7 121 10 0 92 0 5 88 0 2 86 0 0 92 5 0 90 0 0 90 0 0 90 0 0 90 0 0 90 0 0 90 0 0 90 0 0 90 0 0 60 0 0 60 0 0 60 0 0 60 0 0 60 0 0 60 0 0 60 0 0 60 0 3 57 0 1 62 2 0 61 4 6 58 10 0 27 0 5 25 0 1 23 0 0 29 5 0 29 0 2 26 0 3 26 0 1 27 0 0 30 0 0 28 0 10 22 0 23 16 0 245 23 10 247 10 2 251 2 0 252 5 0 249 10 3 243 11 1 246 7 0 253 6 1 249 7 3 252 7 4 248 5 0 239 13 0 230 32 5 219 39 4 215 37 0 219 37 0 218 36 0 218 36 0 216 36 0 216 36 0 215 37 0 215 37 0 214 38 0 214 38 0 187 70 1 187 70 1 187 70 1 187 70 1 187 70 1 187 70 1 187 70 1 187 70 1 182 69 0 251 4 0 251 4 0 251 4 0 251 4 0 251 4 0 251 4 0 251 4 0 251 4 0 251 3 1 255 3 2 249 2 0 238 11 0 230 30 4 219 39 4 215 37 0 
219 37 0 218 36 0 218 36 0 218 36 0 218 36 0 218 36 0 218 36 0 218 36 0 218 36 0 191 68 1 190 68 1 190 68 1 188 69 1 188 69 1 187 70 1 187 70 1 185 71 1 184 69 2 190 68 3 185 66 0 174 74 0 167 93 4 155 101 3 151 99 0 156 98 0 156 98 0 154 99 0 154 99 0 153 99 0 153 99 0 152 100 0 152 100 0 150 101 0 123 133 2 123 133 2 123 133 2 123 133 2 123 133 2 123 133 2 123 133 2 123 133 2 120 131 1 124 131 2 119 129 0 109 138 0 102 157 4 93 165 5 88 163 0 92 163 0 93 164 0 93 164 0 92 165 0 92 165 0 90 165 0 89 166 0 89 166 0 89 166 0 61 195 0 61 195 0 60 196 0 60 196 0 59 197 0 59 197 0 57 197 0 57 197 0 58 198 3 63 199 3 58 196 0 48 204 0 39 223 5 29 230 4 25 228 0 28 228 0 28 227 0 28 227 0 27 228 0 27 228 0 26 229 0 26 229 0 24 230 0 24 230 0 0 251 0 0 251 0 0 251 0 0 251 0 0 251 0 0 251 0 0 251 0 0 251 0 4 250 0 0 253 1 0 250 1 4 249 8 0 222 0 7 221 1 2 217 0 0 221 3 1 219 0 1 219 0 1 219 0 1 219 0 1 219 0 1 219 0 1 219 0 1 219 0 0 188 0 0 188 0 0 188 0 0 188 0 0 188 0 0 188 0 0 188 0 0 188 0 1 184 0 0 190 2 0 188 4 5 186 9 0 157 0 5 154 0 2 152 1 0 159 7 0 155 1 0 155 1 0 155 1 0 155 1 0 155 1 0 155 1 0 155 1 0 155 1 0 123 0 0 123 0 0 123 0 0 123 0 0 123 0 0 123 0 0 123 0 0 123 0 4 120 0 1 125 1 0 124 4 7 121 10 0 92 0 5 88 0 2 86 0 0 92 5 0 90 0 0 90 0 0 90 0 0 90 0 0 90 0 0 90 0 0 90 0 0 90 0 0 60 0 0 60 0 0 60 0 0 60 0 0 60 0 0 60 0 0 60 0 0 60 0 3 57 0 1 62 2 0 61 4 6 58 10 0 27 0 5 25 0 1 23 0 0 29 5 0 29 0 2 26 0 3 26 0 1 27 0 0 30 0 0 28 0 10 22 0 23 16 0 245 23 10 247 10 2 251 2 0 252 5 0 249 10 3 243 11 1 246 7 0 253 6 1 249 7 3 252 7 4 248 5 0 239 13 0 230 32 5 219 39 4 215 37 0 219 37 0 218 36 0 218 36 0 216 36 0 216 36 0 215 37 0 215 37 0 214 38 0 214 38 0 187 70 1 187 70 1 187 70 1 187 70 1 187 70 1 187 70 1 187 70 1 187 70 1 182 69 0 251 4 0 251 4 0 251 4 0 251 4 0 251 4 0 251 4 0 251 4 0 251 4 0 251 3 1 255 3 2 249 2 0 238 11 0 230 30 4 219 39 4 215 37 0 219 37 0 218 36 0 218 36 0 218 36 0 218 36 0 218 36 0 218 36 0 218 36 0 218 36 0 191 68 1 190 68 1 190 68 1 188 69 1 188 69 1 187 70 1 187 70 1 185 71 1 184 69 2 190 68 3 185 66 0 174 74 0 167 93 4 155 101 3 151 99 0 156 98 0 156 98 0 154 99 0 154 99 0 153 99 0 153 99 0 152 100 0 
152 100 0 150 101 0 123 133 2 123 133 2 123 133 2 123 133 2 123 133 2 123 133 2 123 133 2 123 133 2 120 131 1 124 131 2 119 129 0 109 138 0 102 157 4 93 165 5 88 163 0 92 163 0 93 164 0 93 164 0 92 165 0 92 165 0 90 165 0 89 166 0 89 166 0 89 166 0 61 195 0 61 195 0 60 196 0 60 196 0 59 197 0 59 197 0 57 197 0 57 197 0 58 198 3 63 199 3 58 196 0 48 204 0 39 223 5 29 230 4 25 228 0 28 228 0 28 227 0 28 227 0 27 228 0 27 228 0 26 229 0 26 229 0 24 230 0 24 230 0 0 251 0 0 251 0 0 251 0 0 251 0 0 251 0 0 251 0 0 251 0 0 251 0 4 250 0 0 253 1 0 250 1 4 249 8 0 222 0 7 221 1 2 217 0 0 221 3 1 219 0 1 219 0 1 219 0 1 219 0 1 219 0 1 219 0 1 219 0 1 219 0 0 188 0 0 188 0 0 188 0 0 188 0 0 188 0 0 188 0 0 188 0 0 188 0 1 184 0 0 190 2 0 188 4 5 186 9 0 157 0 5 154 0 2 152 1 0 159 7 0 155 1 0 155 1 0 155 1 0 155 1 0 155 1 0 155 1 0 155 1 0 155 1 0 123 0 0 123 0 0 123 0 0 123 0 0 123 0 0 123 0 0 123 0 0 123 0 4 120 0 1 125 1 0 124 4 7 121 10 0 92 0 5 88 0 2 86 0 0 92 5 0 90 0 0 90 0 0 90 0 0 90 0 0 90 0 0 90 0 0 90 0 0 90 0 0 60 0 0 60 0 0 60 0 0 60 0 0 60 0 0 60 0 0 60 0 0 60 0 3 57 0 1 62 2 0 61 4 6 58 10 0 27 0 5 25 0 1 23 0 0 29 5 0 29 0 2 26 0 3 26 0 1 27 0 0 30 0 0 28 0 10 22 0 23 16 0 245 23 10 247 10 2 251 2 0 252 5 0 249 10 3 243 11 1 246 7 0 253 6 1 249 7 3 252 7 4 248 5 0 239 13 0 230 32 5 219 39 4 215 37 0 219 37 0 218 36 0 218 36 0 216 36 0 216 36 0 215 37 0 215 37 0 214 38 0 214 38 0 187 70 1 187 70 1 187 70 1 187 70 1 187 70 1 187 70 1 187 70 1 187 70 1 182 69 0 251 4 0 251 4 0 251 4 0 251 4 0 251 4 0 251 4 0 251 4 0 251 4 0 251 3 1 255 3 2 249 2 0 238 11 0 230 30 4 219 39 4 215 37 0 219 37 0 218 36 0 218 36 0 218 36 0 218 36 0 218 36 0 218 36 0 218 36 0 218 36 0 191 68 1 190 68 1 190 68 1 188 69 1 188 69 1 187 70 1 187 70 1 185 71 1 184 69 2 190 68 3 185 66 0 174 74 0 167 93 4 155 101 3 151 99 0 156 98 0 156 98 0 154 99 0 154 99 0 153 99 0 153 99 0 152 100 0 152 100 0 150 101 0 123 133 2 123 133 2 123 133 2 123 133 2 123 133 2 123 133 2 123 133 2 123 133 2 120 131 1 124 131 2 119 129 0 109 138 0 102 157 4 93 165 5 88 163 0 92 163 0 93 164 0 93 164 0 92 165 0 92 165 0 90 165 0 89 166 0 89 166 0 89 166 0 61 195 0 61 195 0 60 196 0 60 196 0 59 197 0 
59 197 0 57 197 0 57 197 0 58 198 3 63 199 3 58 196 0 48 204 0 39 223 5 29 230 4 25 228 0 28 228 0 28 227 0 28 227 0 27 228 0 27 228 0 26 229 0 26 229 0 24 230 0 24 230 0 0 251 0 0 251 0 0 251 0 0 251 0 0 251 0 0 251 0 0 251 0 0 251 0 4 250 0 0 253 1 0 250 1 4 249 8 0 222 0 7 221 1 2 217 0 0 221 3 1 219 0 1 219 0 1 219 0 1 219 0 1 219 0 1 219 0 1 219 0 1 219 0 0 188 0 0 188 0 0 188 0 0 188 0 0 188 0 0 188 0 0 188 0 0 188 0 1 184 0 0 190 2 0 188 4 5 186 9 0 157 0 5 154 0 2 152 1 0 159 7 0 155 1 0 155 1 0 155 1 0 155 1 0 155 1 0 155 1 0 155 1 0 155 1 0 123 0 0 123 0 0 123 0 0 123 0 0 123 0 0 123 0 0 123 0 0 123 0 4 120 0 1 125 1 0 124 4 7 121 10 0 92 0 5 88 0 2 86 0 0 92 5 0 90 0 0 90 0 0 90 0 0 90 0 0 90 0 0 90 0 0 90 0 0 90 0 0 60 0 0 60 0 0 60 0 0 60 0 0 60 0 0 60 0 0 60 0 0 60 0 3 57 0 1 62 2 0 61 4 6 58 10 0 27 0 5 25 0 1 23 0 0 29 5 0 29 0 2 26 0 3 26 0 1 27 0 0 30 0 0 28 0 10 22 0 23 16 0 245 23 10 247 10 2 251 2 0 252 5 0 249 10 3 243 11 1 246 7 0 253 6 1 249 7 3 252 7 4 248 5 0 239 13 0 230 32 5 219 39 4 215 37 0 219 37 0 218 36 0 218 36 0 216 36 0 216 36 0 215 37 0 215 37 0 214 38 0 214 38 0 187 70 1 187 70 1 187 70 1 187 70 1 187 70 1 187 70 1 187 70 1 187 70 1 182 69 0 251 4 0 251 4 0 251 4 0 251 4 0 251 4 0 251 4 0 251 4 0 251 4 0 251 3 1 255 3 2 249 2 0 238 11 0 230 30 4 219 39 4 215 37 0 219 37 0 218 36 0 218 36 0 218 36 0 218 36 0 218 36 0 218 36 0 218 36 0 218 36 0 191 68 1 190 68 1 190 68 1 188 69 1 188 69 1 187 70 1 187 70 1 185 71 1 184 69 2 190 68 3 185 66 0 174 74 0 167 93 4 155 101 3 151 99 0 156 98 0 156 98 0 154 99 0 154 99 0 153 99 0 153 99 0 152 100 0 152 100 0 150 101 0 123 133 2 123 133 2 123 133 2 123 133 2 123 133 2 123 133 2 123 133 2 123 133 2 120 131 1 124 131 2 119 129 0 109 138 0 102 157 4 93 165 5 88 163 0 92 163 0 93 164 0 93 164 0 92 165 0 92 165 0 90 165 0 89 166 0 89 166 0 89 166 0 61 195 0 61 195 0 60 196 0 60 196 0 59 197 0 59 197 0 57 197 0 57 197 0 58 198 3 63 199 3 58 196 0 48 204 0 39 223 5 29 230 4 25 228 0 28 228 0 28 227 0 28 227 0 27 228 0 27 228 0 26 229 0 26 229 0 24 230 0 24 230 0 0 251 0 0 251 0 0 251 0 0 251 0 0 251 0 0 251 0 0 251 0 0 251 0 4 250 0 0 253 1 0 250 1 4 249 8 
0 222 0 7 221 1 2 217 0 0 221 3 1 219 0 1 219 0 1 219 0 1 219 0 1 219 0 1 219 0 1 219 0 1 219 0 0 188 0 0 188 0 0 188 0 0 188 0 0 188 0 0 188 0 0 188 0 0 188 0 1 184 0 0 190 2 0 188 4 5 186 9 0 157 0 5 154 0 2 152 1 0 159 7 0 155 1 0 155 1 0 155 1 0 155 1 0 155 1 0 155 1 0 155 1 0 155 1 0 123 0 0 123 0 0 123 0 0 123 0 0 123 0 0 123 0 0 123 0 0 123 0 4 120 0 1 125 1 0 124 4 7 121 10 0 92 0 5 88 0 2 86 0 0 92 5 0 90 0 0 90 0 0 90 0 0 90 0 0 90 0 0 90 0 0 90 0 0 90 0 0 60 0 0 60 0 0 60 0 0 60 0 0 60 0 0 60 0 0 60 0 0 60 0 3 57 0 1 62 2 0 61 4 6 58 10 0 27 0 5 25 0 1 23 0 0 29 5 0 29 0 2 26 0 3 26 0 1 27 0 0 30 0 0 28 0 10 22 0 23 16 0 245 23 10 247 10 2 251 2 0 252 5 0 249 10 3 243 11 1 246 7 0 253 6 1 249 7 3 252 7 4 248 5 0 239 13 0 230 32 5 219 39 4 215 37 0 219 37 0 218 36 0 218 36 0 216 36 0 216 36 0 215 37 0 215 37 0 214 38 0 214 38 0 187 70 1 187 70 1 187 70 1 187 70 1 187 70 1 187 70 1 187 70 1 187 70 1 182 69 0 251 4 0 251 4 0 251 4 0 251 4 0 251 4 0 251 4 0 251 4 0 251 4 0 251 3 1 255 3 2 249 2 0 238 11 0 230 30 4 219 39 4 215 37 0 219 37 0 218 36 0 218 36 0 218 36 0 218 36 0 218 36 0 218 36 0 218 36 0 218 36 0 191 68 1 190 68 1 190 68 1 188 69 1 188 69 1 187 70 1 187 70 1 185 71 1 184 69 2 190 68 3 185 66 0 174 74 0 167 93 4 155 101 3 151 99 0 156 98 0 156 98 0 154 99 0 154 99 0 153 99 0 153 99 0 152 100 0 152 100 0 150 101 0 123 133 2 123 133 2 123 133 2 123 133 2 123 133 2 123 133 2 123 133 2 123 133 2 120 131 1 124 131 2 119 129 0 109 138 0 102 157 4 93 165 5 88 163 0 92 163 0 93 164 0 93 164 0 92 165 0 92 165 0 90 165 0 89 166 0 89 166 0 89 166 0 61 195 0 61 195 0 60 196 0 60 196 0 59 197 0 59 197 0 57 197 0 57 197 0 58 198 3 63 199 3 58 196 0 48 204 0 39 223 5 29 230 4 25 228 0 28 228 0 28 227 0 28 227 0 27 228 0 27 228 0 26 229 0 26 229 0 24 230 0 24 230 0 0 251 0 0 251 0 0 251 0 0 251 0 0 251 0 0 251 0 0 251 0 0 251 0 4 250 0 0 253 1 0 250 1 4 249 8 0 222 0 7 221 1 2 217 0 0 221 3 1 219 0 1 219 0 1 219 0 1 219 0 1 219 0 1 219 0 1 219 0 1 219 0 0 188 0 0 188 0 0 188 0 0 188 0 0 188 0 0 188 0 0 188 0 0 188 0 1 184 0 0 190 2 0 188 4 5 186 9 0 157 0 5 154 0 2 152 1 0 159 7 0 155 1 0 155 1 0 155 1 
0 155 1 0 155 1 0 155 1 0 155 1 0 155 1 0 123 0 0 123 0 0 123 0 0 123 0 0 123 0 0 123 0 0 123 0 0 123 0 4 120 0 1 125 1 0 124 4 7 121 10 0 92 0 5 88 0 2 86 0 0 92 5 0 90 0 0 90 0 0 90 0 0 90 0 0 90 0 0 90 0 0 90 0 0 90 0 0 60 0 0 60 0 0 60 0 0 60 0 0 60 0 0 60 0 0 60 0 0 60 0 3 57 0 1 62 2 0 61 4 6 58 10 0 27 0 5 25 0 1 23 0 0 29 5 0 29 0 2 26 0 3 26 0 1 27 0 0 30 0 0 28 0 10 22 0 23 16 0 245 23 10 247 10 2 251 2 0 252 5 0 249 10 3 243 11 1 246 7 0 253 6 1 249 7 3 252 7 4 248 5 0 239 13 0 230 32 5 219 39 4 215 37 0 219 37 0 218 36 0 218 36 0 216 36 0 216 36 0 215 37 0 215 37 0 214 38 0 214 38 0 187 70 1 187 70 1 187 70 1 187 70 1 187 70 1 187 70 1 187 70 1 187 70 1 182 69 0 251 4 0 251 4 0 251 4 0 251 4 0 251 4 0 251 4 0 251 4 0 251 4 0 251 3 1 255 3 2 249 2 0 238 11 0 230 30 4 219 39 4 215 37 0 219 37 0 218 36 0 218 36 0 218 36 0 218 36 0 218 36 0 218 36 0 218 36 0 218 36 0 191 68 1 190 68 1 190 68 1 188 69 1 188 69 1 187 70 1 187 70 1 185 71 1 184 69 2 190 68 3 185 66 0 174 74 0 167 93 4 155 101 3 151 99 0 156 98 0 156 98 0 154 99 0 154 99 0 153 99 0 153 99 0 152 100 0 152 100 0 150 101 0 123 133 2 123 133 2 123 133 2 123 133 2 123 133 2 123 133 2 123 133 2 123 133 2 120 131 1 124 131 2 119 129 0 109 138 0 102 157 4 93 165 5 88 163 0 92 163 0 93 164 0 93 164 0 92 165 0 92 165 0 90 165 0 89 166 0 89 166 0 89 166 0 61 195 0 61 195 0 60 196 0 60 196 0 59 197 0 59 197 0 57 197 0 57 197 0 58 198 3 63 199 3 58 196 0 48 204 0 39 223 5 29 230 4 25 228 0 28 228 0 28 227 0 28 227 0 27 228 0 27 228 0 26 229 0 26 229 0 24 230 0 24 230 0 0 251 0 0 251 0 0 251 0 0 251 0 0 251 0 0 251 0 0 251 0 0 251 0 4 250 0 0 253 1 0 250 1 4 249 8 0 222 0 7 221 1 2 217 0 0 221 3 1 219 0 1 219 0 1 219 0 1 219 0 1 219 0 1 219 0 1 219 0 1 219 0 0 188 0 0 188 0 0 188 0 0 188 0 0 188 0 0 188 0 0 188 0 0 188 0 1 184 0 0 190 2 0 188 4 5 186 9 0 157 0 5 154 0 2 152 1 0 159 7 0 155 1 0 155 1 0 155 1 0 155 1 0 155 1 0 155 1 0 155 1 0 155 1 0 123 0 0 123 0 0 123 0 0 123 0 0 123 0 0 123 0 0 123 0 0 123 0 4 120 0 1 125 1 0 124 4 7 121 10 0 92 0 5 88 0 2 86 0 0 92 5 0 90 0 0 90 0 0 90 0 0 90 0 0 90 0 0 90 0 0 90 0 0 90 0 0 60 0 0 60 0 
0 60 0 0 60 0 0 60 0 0 60 0 0 60 0 0 60 0 3 57 0 1 62 2 0 61 4 6 58 10 0 27 0 5 25 0 1 23 0 0 29 5 0 29 0 2 26 0 3 26 0 1 27 0 0 30 0 0 28 0 10 22 0 23 16 0 245 23 10 247 10 2 251 2 0 252 5 0 249 10 3 243 11 1 246 7 0 253 6 1 249 7 3 252 7 4 248 5 0 239 13 0 230 32 5 219 39 4 215 37 0 219 37 0 218 36 0 218 36 0 216 36 0 216 36 0 215 37 0 215 37 0 214 38 0 214 38 0 187 70 1 187 70 1 187 70 1 187 70 1 187 70 1 187 70 1 187 70 1 187 70 1 182 69 0 251 4 0 251 4 0 251 4 0 251 4 0 251 4 0 251 4 0 251 4 0 251 4 0 251 3 1 255 3 2 249 2 0 238 11 0 230 30 4 219 39 4 215 37 0 219 37 0 218 36 0 218 36 0 218 36 0 218 36 0 218 36 0 218 36 0 218 36 0 218 36 0 191 68 1 190 68 1 190 68 1 188 69 1 188 69 1 187 70 1 187 70 1 185 71 1 184 69 2 190 68 3 185 66 0 174 74 0 167 93 4 155 101 3 151 99 0 156 98 0 156 98 0 154 99 0 154 99 0 153 99 0 153 99 0 152 100 0 152 100 0 150 101 0 123 133 2 123 133 2 123 133 2 123 133 2 123 133 2 123 133 2 123 133 2 123 133 2 120 131 1 124 131 2 119 129 0 109 138 0 102 157 4 93 165 5 88 163 0 92 163 0 93 164 0 93 164 0 92 165 0 92 165 0 90 165 0 89 166 0 89 166 0 89 166 0 61 195 0 61 195 0 60 196 0 60 196 0 59 197 0 59 197 0 57 197 0 57 197 0 58 198 3 63 199 3 58 196 0 48 204 0 39 223 5 29 230 4 25 228 0 28 228 0 28 227 0 28 227 0 27 228 0 27 228 0 26 229 0 26 229 0 24 230 0 24 230 0 0 251 0 0 251 0 0 251 0 0 251 0 0 251 0 0 251 0 0 251 0 0 251 0 4 250 0 0 253 1 0 250 1 4 249 8 0 222 0 7 221 1 2 217 0 0 221 3 1 219 0 1 219 0 1 219 0 1 219 0 1 219 0 1 219 0 1 219 0 1 219 0 0 188 0 0 188 0 0 188 0 0 188 0 0 188 0 0 188 0 0 188 0 0 188 0 1 184 0 0 190 2 0 188 4 5 186 9 0 157 0 5 154 0 2 152 1 0 159 7 0 155 1 0 155 1 0 155 1 0 155 1 0 155 1 0 155 1 0 155 1 0 155 1 0 123 0 0 123 0 0 123 0 0 123 0 0 123 0 0 123 0 0 123 0 0 123 0 4 120 0 1 125 1 0 124 4 7 121 10 0 92 0 5 88 0 2 86 0 0 92 5 0 90 0 0 90 0 0 90 0 0 90 0 0 90 0 0 90 0 0 90 0 0 90 0 0 60 0 0 60 0 0 60 0 0 60 0 0 60 0 0 60 0 0 60 0 0 60 0 3 57 0 1 62 2 0 61 4 6 58 10 0 27 0 5 25 0 1 23 0 0 29 5 0 29 0 2 26 0 3 26 0 1 27 0 0 30 0 0 28 0 10 22 0 23 16 0 245 23 10 247 10 2 251 2 0 252 5 0 249 10 3 243 11 1 246 7 0 253 6 1 249 7 3 
252 7 4 248 5 0 239 13 0 230 32 5 219 39 4 215 37 0 219 37 0 218 36 0 218 36 0 216 36 0 216 36 0 215 37 0 215 37 0 214 38 0 214 38 0 187 70 1 187 70 1 187 70 1 187 70 1 187 70 1 187 70 1 187 70 1 187 70 1 182 69 0 247 6 0 247 6 0 247 6 0 247 6 0 247 6 0 247 6 0 247 6 0 247 6 0 249 7 3 252 7 4 248 5 0 239 13 0 230 32 5 219 39 4 215 37 0 219 37 0 218 36 0 218 36 0 216 36 0 216 36 0 215 37 0 215 37 0 214 38 0 214 38 0 187 70 1 187 70 1 187 70 1 187 70 1 187 70 1 187 70 1 187 70 1 187 70 1 183 70 0 188 71 1 182 68 0 173 76 0 166 95 3 156 104 3 151 102 0 155 102 0 154 102 0 154 102 0 154 102 0 154 102 0 154 102 0 154 102 0 154 102 0 154 102 0 125 132 0 123 133 0 123 133 0 122 134 0 122 134 0 121 135 0 121 135 0 119 135 0 120 136 3 126 136 3 121 133 0 110 142 0 103 160 5 91 168 4 87 166 0 92 165 0 92 165 0 90 165 0 90 165 0 89 166 0 89 166 0 88 167 0 88 167 0 86 167 0 60 196 0 60 196 0 59 197 0 59 197 0 57 197 0 56 198 0 56 198 0 56 198 0 57 197 2 61 197 1 57 195 0 46 204 0 37 222 4 25 230 3 19 229 0 23 229 0 26 229 0 24 230 0 24 230 0 23 230 0 23 230 0 21 231 0 21 231 0 20 232 0 0 249 0 0 249 0 0 249 0 0 249 0 0 249 0 0 249 0 0 249 0 0 249 0 2 246 0 0 253 4 0 251 5 5 248 10 0 218 0 4 215 0 1 214 2 0 219 7 0 216 1 0 216 1 0 216 1 0 216 1 0 216 1 0 216 1 0 216 1 0 216 1 0 186 1 0 186 1 0 186 1 0 186 1 0 186 1 0 186 1 0 186 1 0 186 1 3 183 0 3 189 2 0 188 4 7 184 8 0 155 0 6 151 0 1 149 0 1 155 5 0 153 0 0 153 0 0 153 0 0 153 0 0 153 0 0 153 0 0 153 0 0 153 0 0 122 1 0 122 1 0 122 1 0 122 1 0 122 1 0 122 1 0 122 1 0 122 1 3 119 0 0 124 0 0 123 3 6 120 9 0 90 0 4 87 0 1 85 0 0 90 3 0 89 1 0 89 1 0 89 1 0 89 1 0 89 1 0 89 1 0 89 1 0 89 1 0 58 0 0 58 0 0 58 0 0 58 0 0 58 0 0 58 0 0 58 0 0 58 0 3 57 0 0 60 0 0 56 0 3 55 7 0 28 0 7 27 0 1 23 0 0 27 3 0 27 2 2 24 1 4 23 1 1 25 1 0 26 0 0 25 0 11 18 0 21 11 0 244 24 10 244 12 2 248 3 0 250 5 0 248 11 3 242 11 1 243 9 0 250 7 1 244 10 1 250 9 0 245 7 0 235 16 0 227 34 3 215 42 2 211 40 0 216 39 0 217 40 0 216 40 0 216 40 0 214 41 0 214 41 0 213 42 0 213 42 0 211 42 0 185 71 0 185 71 0 184 72 0 184 72 0 183 72 0 181 73 0 181 73 0 181 73 0 183 72 0 247 6 0 247 6 0 247 6 0 247 6 0 247 6 0 247 6 0 247 6 0 
247 6 0 249 7 3 252 7 4 248 5 0 239 13 0 230 32 5 219 39 4 215 37 0 219 37 0 218 36 0 218 36 0 216 36 0 216 36 0 215 37 0 215 37 0 214 38 0 214 38 0 187 70 1 187 70 1 187 70 1 187 70 1 187 70 1 187 70 1 187 70 1 187 70 1 183 70 0 188 71 1 182 68 0 173 76 0 166 95 3 156 104 3 151 102 0 155 102 0 154 102 0 154 102 0 154 102 0 154 102 0 154 102 0 154 102 0 154 102 0 154 102 0 125 132 0 123 133 0 123 133 0 122 134 0 122 134 0 121 135 0 121 135 0 119 135 0 120 136 3 126 136 3 121 133 0 110 142 0 103 160 5 91 168 4 87 166 0 92 165 0 92 165 0 90 165 0 90 165 0 89 166 0 89 166 0 88 167 0 88 167 0 86 167 0 60 196 0 60 196 0 59 197 0 59 197 0 57 197 0 56 198 0 56 198 0 56 198 0 57 197 2 61 197 1 57 195 0 46 204 0 37 222 4 25 230 3 19 229 0 23 229 0 26 229 0 24 230 0 24 230 0 23 230 0 23 230 0 21 231 0 21 231 0 20 232 0 0 249 0 0 249 0 0 249 0 0 249 0 0 249 0 0 249 0 0 249 0 0 249 0 2 246 0 0 253 4 0 251 5 5 248 10 0 218 0 4 215 0 1 214 2 0 219 7 0 216 1 0 216 1 0 216 1 0 216 1 0 216 1 0 216 1 0 216 1 0 216 1 0 186 1 0 186 1 0 186 1 0 186 1 0 186 1 0 186 1 0 186 1 0 186 1 3 183 0 3 189 2 0 188 4 7 184 8 0 155 0 6 151 0 1 149 0 1 155 5 0 153 0 0 153 0 0 153 0 0 153 0 0 153 0 0 153 0 0 153 0 0 153 0 0 122 1 0 122 1 0 122 1 0 122 1 0 122 1 0 122 1 0 122 1 0 122 1 3 119 0 0 124 0 0 123 3 6 120 9 0 90 0 4 87 0 1 85 0 0 90 3 0 89 1 0 89 1 0 89 1 0 89 1 0 89 1 0 89 1 0 89 1 0 89 1 0 58 0 0 58 0 0 58 0 0 58 0 0 58 0 0 58 0 0 58 0 0 58 0 3 57 0 0 60 0 0 56 0 3 55 7 0 28 0 7 27 0 1 23 0 0 27 3 0 27 2 2 24 1 4 23 1 1 25 1 0 26 0 0 25 0 11 18 0 21 11 0 244 24 10 244 12 2 248 3 0 250 5 0 248 11 3 242 11 1 243 9 0 250 7 1 244 10 1 250 9 0 245 7 0 235 16 0 227 34 3 215 42 2 211 40 0 216 39 0 217 40 0 216 40 0 216 40 0 214 41 0 214 41 0 213 42 0 213 42 0 211 42 0 185 71 0 185 71 0 184 72 0 184 72 0 183 72 0 181 73 0 181 73 0 181 73 0 183 72 0 247 6 0 247 6 0 247 6 0 247 6 0 247 6 0 247 6 0 247 6 0 247 6 0 249 7 3 252 7 4 248 5 0 239 13 0 230 32 5 219 39 4 215 37 0 219 37 0 218 36 0 218 36 0 216 36 0 216 36 0 215 37 0 215 37 0 214 38 0 214 38 0 187 70 1 187 70 1 187 70 1 187 70 1 187 70 1 187 70 1 187 70 1 187 70 1 183 70 0 188 71 1 182 68 0 173 76 0 166 95 3 156 104 3 
151 102 0 155 102 0 154 102 0 154 102 0 154 102 0 154 102 0 154 102 0 154 102 0 154 102 0 154 102 0 125 132 0 123 133 0 123 133 0 122 134 0 122 134 0 121 135 0 121 135 0 119 135 0 120 136 3 126 136 3 121 133 0 110 142 0 103 160 5 91 168 4 87 166 0 92 165 0 92 165 0 90 165 0 90 165 0 89 166 0 89 166 0 88 167 0 88 167 0 86 167 0 60 196 0 60 196 0 59 197 0 59 197 0 57 197 0 56 198 0 56 198 0 56 198 0 57 197 2 61 197 1 57 195 0 46 204 0 37 222 4 25 230 3 19 229 0 23 229 0 26 229 0 24 230 0 24 230 0 23 230 0 23 230 0 21 231 0 21 231 0 20 232 0 0 249 0 0 249 0 0 249 0 0 249 0 0 249 0 0 249 0 0 249 0 0 249 0 2 246 0 0 253 4 0 251 5 5 248 10 0 218 0 4 215 0 1 214 2 0 219 7 0 216 1 0 216 1 0 216 1 0 216 1 0 216 1 0 216 1 0 216 1 0 216 1 0 186 1 0 186 1 0 186 1 0 186 1 0 186 1 0 186 1 0 186 1 0 186 1 3 183 0 3 189 2 0 188 4 7 184 8 0 155 0 6 151 0 1 149 0 1 155 5 0 153 0 0 153 0 0 153 0 0 153 0 0 153 0 0 153 0 0 153 0 0 153 0 0 122 1 0 122 1 0 122 1 0 122 1 0 122 1 0 122 1 0 122 1 0 122 1 3 119 0 0 124 0 0 123 3 6 120 9 0 90 0 4 87 0 1 85 0 0 90 3 0 89 1 0 89 1 0 89 1 0 89 1 0 89 1 0 89 1 0 89 1 0 89 1 0 58 0 0 58 0 0 58 0 0 58 0 0 58 0 0 58 0 0 58 0 0 58 0 3 57 0 0 60 0 0 56 0 3 55 7 0 28 0 7 27 0 1 23 0 0 27 3 0 27 2 2 24 1 4 23 1 1 25 1 0 26 0 0 25 0 11 18 0 21 11 0 244 24 10 244 12 2 248 3 0 250 5 0 248 11 3 242 11 1 243 9 0 250 7 1 244 10 1 250 9 0 245 7 0 235 16 0 227 34 3 215 42 2 211 40 0 216 39 0 217 40 0 216 40 0 216 40 0 214 41 0 214 41 0 213 42 0 213 42 0 211 42 0 185 71 0 185 71 0 184 72 0 184 72 0 183 72 0 181 73 0 181 73 0 181 73 0 183 72 0 247 6 0 247 6 0 247 6 0 247 6 0 247 6 0 247 6 0 247 6 0 247 6 0 249 7 3 252 7 4 248 5 0 239 13 0 230 32 5 219 39 4 215 37 0 219 37 0 218 36 0 218 36 0 216 36 0 216 36 0 215 37 0 215 37 0 214 38 0 214 38 0 187 70 1 187 70 1 187 70 1 187 70 1 187 70 1 187 70 1 187 70 1 187 70 1 183 70 0 188 71 1 182 68 0 173 76 0 166 95 3 156 104 3 151 102 0 155 102 0 154 102 0 154 102 0 154 102 0 154 102 0 154 102 0 154 102 0 154 102 0 154 102 0 125 132 0 123 133 0 123 133 0 122 134 0 122 134 0 121 135 0 121 135 0 119 135 0 120 136 3 126 136 3 121 133 0 110 142 0 103 160 5 91 168 4 87 166 0 92 165 0 92 165 0 90 165 0 90 165 0 89 166 0 89 166 0 
88 167 0 88 167 0 86 167 0 60 196 0 60 196 0 59 197 0 59 197 0 57 197 0 56 198 0 56 198 0 56 198 0 57 197 2 61 197 1 57 195 0 46 204 0 37 222 4 25 230 3 19 229 0 23 229 0 26 229 0 24 230 0 24 230 0 23 230 0 23 230 0 21 231 0 21 231 0 20 232 0 0 249 0 0 249 0 0 249 0 0 249 0 0 249 0 0 249 0 0 249 0 0 249 0 2 246 0 0 253 4 0 251 5 5 248 10 0 218 0 4 215 0 1 214 2 0 219 7 0 216 1 0 216 1 0 216 1 0 216 1 0 216 1 0 216 1 0 216 1 0 216 1 0 186 1 0 186 1 0 186 1 0 186 1 0 186 1 0 186 1 0 186 1 0 186 1 3 183 0 3 189 2 0 188 4 7 184 8 0 155 0 6 151 0 1 149 0 1 155 5 0 153 0 0 153 0 0 153 0 0 153 0 0 153 0 0 153 0 0 153 0 0 153 0 0 122 1 0 122 1 0 122 1 0 122 1 0 122 1 0 122 1 0 122 1 0 122 1 3 119 0 0 124 0 0 123 3 6 120 9 0 90 0 4 87 0 1 85 0 0 90 3 0 89 1 0 89 1 0 89 1 0 89 1 0 89 1 0 89 1 0 89 1 0 89 1 0 58 0 0 58 0 0 58 0 0 58 0 0 58 0 0 58 0 0 58 0 0 58 0 3 57 0 0 60 0 0 56 0 3 55 7 0 28 0 7 27 0 1 23 0 0 27 3 0 27 2 2 24 1 4 23 1 1 25 1 0 26 0 0 25 0 11 18 0 21 11 0 244 24 10 244 12 2 248 3 0 250 5 0 248 11 3 242 11 1 243 9 0 250 7 1 244 10 1 250 9 0 245 7 0 235 16 0 227 34 3 215 42 2 211 40 0 216 39 0 217 40 0 216 40 0 216 40 0 214 41 0 214 41 0 213 42 0 213 42 0 211 42 0 185 71 0 185 71 0 184 72 0 184 72 0 183 72 0 181 73 0 181 73 0 181 73 0 183 72 0 247 6 0 247 6 0 247 6 0 247 6 0 247 6 0 247 6 0 247 6 0 247 6 0 249 7 3 252 7 4 248 5 0 239 13 0 230 32 5 219 39 4 215 37 0 219 37 0 218 36 0 218 36 0 216 36 0 216 36 0 215 37 0 215 37 0 214 38 0 214 38 0 187 70 1 187 70 1 187 70 1 187 70 1 187 70 1 187 70 1 187 70 1 187 70 1 183 70 0 188 71 1 182 68 0 173 76 0 166 95 3 156 104 3 151 102 0 155 102 0 154 102 0 154 102 0 154 102 0 154 102 0 154 102 0 154 102 0 154 102 0 154 102 0 125 132 0 123 133 0 123 133 0 122 134 0 122 134 0 121 135 0 121 135 0 119 135 0 120 136 3 126 136 3 121 133 0 110 142 0 103 160 5 91 168 4 87 166 0 92 165 0 92 165 0 90 165 0 90 165 0 89 166 0 89 166 0 88 167 0 88 167 0 86 167 0 60 196 0 60 196 0 59 197 0 59 197 0 57 197 0 56 198 0 56 198 0 56 198 0 57 197 2 61 197 1 57 195 0 46 204 0 37 222 4 25 230 3 19 229 0 23 229 0 26 229 0 24 230 0 24 230 0 23 230 0 23 230 0 21 231 0 21 231 0 20 232 0 0 249 0 0 249 0 0 249 0 0 249 0 
0 249 0 0 249 0 0 249 0 0 249 0 2 246 0 0 253 4 0 251 5 5 248 10 0 218 0 4 215 0 1 214 2 0 219 7 0 216 1 0 216 1 0 216 1 0 216 1 0 216 1 0 216 1 0 216 1 0 216 1 0 186 1 0 186 1 0 186 1 0 186 1 0 186 1 0 186 1 0 186 1 0 186 1 3 183 0 3 189 2 0 188 4 7 184 8 0 155 0 6 151 0 1 149 0 1 155 5 0 153 0 0 153 0 0 153 0 0 153 0 0 153 0 0 153 0 0 153 0 0 153 0 0 122 1 0 122 1 0 122 1 0 122 1 0 122 1 0 122 1 0 122 1 0 122 1 3 119 0 0 124 0 0 123 3 6 120 9 0 90 0 4 87 0 1 85 0 0 90 3 0 89 1 0 89 1 0 89 1 0 89 1 0 89 1 0 89 1 0 89 1 0 89 1 0 58 0 0 58 0 0 58 0 0 58 0 0 58 0 0 58 0 0 58 0 0 58 0 3 57 0 0 60 0 0 56 0 3 55 7 0 28 0 7 27 0 1 23 0 0 27 3 0 27 2 2 24 1 4 23 1 1 25 1 0 26 0 0 25 0 11 18 0 21 11 0 244 24 10 244 12 2 248 3 0 250 5 0 248 11 3 242 11 1 243 9 0 250 7 1 244 10 1 250 9 0 245 7 0 235 16 0 227 34 3 215 42 2 211 40 0 216 39 0 217 40 0 216 40 0 216 40 0 214 41 0 214 41 0 213 42 0 213 42 0 211 42 0 185 71 0 185 71 0 184 72 0 184 72 0 183 72 0 181 73 0 181 73 0 181 73 0 183 72 0 247 6 0 247 6 0 247 6 0 247 6 0 247 6 0 247 6 0 247 6 0 247 6 0 249 7 3 252 7 4 248 5 0 239 13 0 230 32 5 219 39 4 215 37 0 219 37 0 218 36 0 218 36 0 216 36 0 216 36 0 215 37 0 215 37 0 214 38 0 214 38 0 187 70 1 187 70 1 187 70 1 187 70 1 187 70 1 187 70 1 187 70 1 187 70 1 183 70 0 188 71 1 182 68 0 173 76 0 166 95 3 156 104 3 151 102 0 155 102 0 154 102 0 154 102 0 154 102 0 154 102 0 154 102 0 154 102 0 154 102 0 154 102 0 125 132 0 123 133 0 123 133 0 122 134 0 122 134 0 121 135 0 121 135 0 119 135 0 120 136 3 126 136 3 121 133 0 110 142 0 103 160 5 91 168 4 87 166 0 92 165 0 92 165 0 90 165 0 90 165 0 89 166 0 89 166 0 88 167 0 88 167 0 86 167 0 60 196 0 60 196 0 59 197 0 59 197 0 57 197 0 56 198 0 56 198 0 56 198 0 57 197 2 61 197 1 57 195 0 46 204 0 37 222 4 25 230 3 19 229 0 23 229 0 26 229 0 24 230 0 24 230 0 23 230 0 23 230 0 21 231 0 21 231 0 20 232 0 0 249 0 0 249 0 0 249 0 0 249 0 0 249 0 0 249 0 0 249 0 0 249 0 2 246 0 0 253 4 0 251 5 5 248 10 0 218 0 4 215 0 1 214 2 0 219 7 0 216 1 0 216 1 0 216 1 0 216 1 0 216 1 0 216 1 0 216 1 0 216 1 0 186 1 0 186 1 0 186 1 0 186 1 0 186 1 0 186 1 0 186 1 0 186 1 3 183 0 3 189 2 0 188 4 
7 184 8 0 155 0 6 151 0 1 149 0 1 155 5 0 153 0 0 153 0 0 153 0 0 153 0 0 153 0 0 153 0 0 153 0 0 153 0 0 122 1 0 122 1 0 122 1 0 122 1 0 122 1 0 122 1 0 122 1 0 122 1 3 119 0 0 124 0 0 123 3 6 120 9 0 90 0 4 87 0 1 85 0 0 90 3 0 89 1 0 89 1 0 89 1 0 89 1 0 89 1 0 89 1 0 89 1 0 89 1 0 58 0 0 58 0 0 58 0 0 58 0 0 58 0 0 58 0 0 58 0 0 58 0 3 57 0 0 60 0 0 56 0 3 55 7 0 28 0 7 27 0 1 23 0 0 27 3 0 27 2 2 24 1 4 23 1 1 25 1 0 26 0 0 25 0 11 18 0 21 11 0 244 24 10 244 12 2 248 3 0 250 5 0 248 11 3 242 11 1 243 9 0 250 7 1 244 10 1 250 9 0 245 7 0 235 16 0 227 34 3 215 42 2 211 40 0 216 39 0 217 40 0 216 40 0 216 40 0 214 41 0 214 41 0 213 42 0 213 42 0 211 42 0 185 71 0 185 71 0 184 72 0 184 72 0 183 72 0 181 73 0 181 73 0 181 73 0 183 72 0 247 6 0 247 6 0 247 6 0 247 6 0 247 6 0 247 6 0 247 6 0 247 6 0 249 7 3 252 7 4 248 5 0 239 13 0 230 32 5 219 39 4 215 37 0 219 37 0 218 36 0 218 36 0 216 36 0 216 36 0 215 37 0 215 37 0 214 38 0 214 38 0 187 70 1 187 70 1 187 70 1 187 70 1 187 70 1 187 70 1 187 70 1 187 70 1 183 70 0 188 71 1 182 68 0 173 76 0 166 95 3 156 104 3 151 102 0 155 102 0 154 102 0 154 102 0 154 102 0 154 102 0 154 102 0 154 102 0 154 102 0 154 102 0 125 132 0 123 133 0 123 133 0 122 134 0 122 134 0 121 135 0 121 135 0 119 135 0 120 136 3 126 136 3 121 133 0 110 142 0 103 160 5 91 168 4 87 166 0 92 165 0 92 165 0 90 165 0 90 165 0 89 166 0 89 166 0 88 167 0 88 167 0 86 167 0 60 196 0 60 196 0 59 197 0 59 197 0 57 197 0 56 198 0 56 198 0 56 198 0 57 197 2 61 197 1 57 195 0 46 204 0 37 222 4 25 230 3 19 229 0 23 229 0 26 229 0 24 230 0 24 230 0 23 230 0 23 230 0 21 231 0 21 231 0 20 232 0 0 249 0 0 249 0 0 249 0 0 249 0 0 249 0 0 249 0 0 249 0 0 249 0 2 246 0 0 253 4 0 251 5 5 248 10 0 218 0 4 215 0 1 214 2 0 219 7 0 216 1 0 216 1 0 216 1 0 216 1 0 216 1 0 216 1 0 216 1 0 216 1 0 186 1 0 186 1 0 186 1 0 186 1 0 186 1 0 186 1 0 186 1 0 186 1 3 183 0 3 189 2 0 188 4 7 184 8 0 155 0 6 151 0 1 149 0 1 155 5 0 153 0 0 153 0 0 153 0 0 153 0 0 153 0 0 153 0 0 153 0 0 153 0 0 122 1 0 122 1 0 122 1 0 122 1 0 122 1 0 122 1 0 122 1 0 122 1 3 119 0 0 124 0 0 123 3 6 120 9 0 90 0 4 87 0 1 85 0 0 90 3 0 89 1 0 89 1 
0 89 1 0 89 1 0 89 1 0 89 1 0 89 1 0 89 1 0 58 0 0 58 0 0 58 0 0 58 0 0 58 0 0 58 0 0 58 0 0 58 0 3 57 0 0 60 0 0 56 0 3 55 7 0 28 0 7 27 0 1 23 0 0 27 3 0 27 2 2 24 1 4 23 1 1 25 1 0 26 0 0 25 0 11 18 0 21 11 0 244 24 10 244 12 2 248 3 0 250 5 0 248 11 3 242 11 1 243 9 0 250 7 1 244 10 1 250 9 0 245 7 0 235 16 0 227 34 3 215 42 2 211 40 0 216 39 0 217 40 0 216 40 0 216 40 0 214 41 0 214 41 0 213 42 0 213 42 0 211 42 0 185 71 0 185 71 0 184 72 0 184 72 0 183 72 0 181 73 0 181 73 0 181 73 0 183 72 0 247 6 0 247 6 0 247 6 0 247 6 0 247 6 0 247 6 0 247 6 0 247 6 0 249 7 3 252 7 4 248 5 0 239 13 0 230 32 5 219 39 4 215 37 0 219 37 0 218 36 0 218 36 0 216 36 0 216 36 0 215 37 0 215 37 0 214 38 0 214 38 0 187 70 1 187 70 1 187 70 1 187 70 1 187 70 1 187 70 1 187 70 1 187 70 1 183 70 0 188 71 1 182 68 0 173 76 0 166 95 3 156 104 3 151 102 0 155 102 0 154 102 0 154 102 0 154 102 0 154 102 0 154 102 0 154 102 0 154 102 0 154 102 0 125 132 0 123 133 0 123 133 0 122 134 0 122 134 0 121 135 0 121 135 0 119 135 0 120 136 3 126 136 3 121 133 0 110 142 0 103 160 5 91 168 4 87 166 0 92 165 0 92 165 0 90 165 0 90 165 0 89 166 0 89 166 0 88 167 0 88 167 0 86 167 0 60 196 0 60 196 0 59 197 0 59 197 0 57 197 0 56 198 0 56 198 0 56 198 0 57 197 2 61 197 1 57 195 0 46 204 0 37 222 4 25 230 3 19 229 0 23 229 0 26 229 0 24 230 0 24 230 0 23 230 0 23 230 0 21 231 0 21 231 0 20 232 0 0 249 0 0 249 0 0 249 0 0 249 0 0 249 0 0 249 0 0 249 0 0 249 0 2 246 0 0 253 4 0 251 5 5 248 10 0 218 0 4 215 0 1 214 2 0 219 7 0 216 1 0 216 1 0 216 1 0 216 1 0 216 1 0 216 1 0 216 1 0 216 1 0 186 1 0 186 1 0 186 1 0 186 1 0 186 1 0 186 1 0 186 1 0 186 1 3 183 0 3 189 2 0 188 4 7 184 8 0 155 0 6 151 0 1 149 0 1 155 5 0 153 0 0 153 0 0 153 0 0 153 0 0 153 0 0 153 0 0 153 0 0 153 0 0 122 1 0 122 1 0 122 1 0 122 1 0 122 1 0 122 1 0 122 1 0 122 1 3 119 0 0 124 0 0 123 3 6 120 9 0 90 0 4 87 0 1 85 0 0 90 3 0 89 1 0 89 1 0 89 1 0 89 1 0 89 1 0 89 1 0 89 1 0 89 1 0 58 0 0 58 0 0 58 0 0 58 0 0 58 0 0 58 0 0 58 0 0 58 0 3 57 0 0 60 0 0 56 0 3 55 7 0 28 0 7 27 0 1 23 0 0 27 3 0 27 2 2 24 1 4 23 1 1 25 1 0 26 0 0 25 0 11 18 0 21 11 0 244 24 10 
244 12 2 248 3 0 250 5 0 248 11 3 242 11 1 243 9 0 250 7 1 244 10 1 250 9 0 245 7 0 235 16 0 227 34 3 215 42 2 211 40 0 216 39 0 217 40 0 216 40 0 216 40 0 214 41 0 214 41 0 213 42 0 213 42 0 211 42 0 185 71 0 185 71 0 184 72 0 184 72 0 183 72 0 181 73 0 181 73 0 181 73 0 183 72 0 247 8 1 247 8 1 247 8 1 247 8 1 247 8 1 247 8 1 247 8 1 247 8 1 249 7 3 254 6 4 248 5 0 239 13 0 231 31 5 219 39 4 215 37 0 220 36 0 221 37 0 220 38 0 220 38 0 218 39 0 218 39 0 217 40 0 216 40 0 216 40 0 190 69 0 190 69 0 188 70 0 188 70 0 187 70 0 185 71 0 185 71 0 184 72 0 186 69 0 191 70 1 185 67 0 175 76 0 166 95 3 156 104 3 150 103 0 154 103 0 154 102 0 154 102 0 154 102 0 154 102 0 154 102 0 154 102 0 154 102 0 154 102 0 121 135 0 121 135 0 121 135 0 121 135 0 121 135 0 121 135 0 121 135 0 121 135 0 121 134 2 125 135 2 120 132 0 112 141 0 103 160 5 93 168 5 89 166 0 93 166 0 93 166 1 93 166 1 91 166 1 91 166 1 90 167 1 89 168 1 89 168 1 89 168 1 59 197 0 59 197 0 59 197 0 59 197 0 59 197 0 59 197 0 59 197 0 59 197 0 60 197 3 64 198 3 58 196 0 47 205 0 38 223 5 26 231 4 22 229 0 26 229 0 27 230 1 27 230 1 27 230 1 27 230 1 27 230 1 27 230 1 27 230 1 27 230 1 1 250 0 1 250 0 1 250 0 1 250 0 1 250 0 1 250 0 1 250 0 1 250 0 1 245 0 0 252 3 0 250 4 4 247 9 0 217 0 3 214 0 0 212 0 0 218 6 1 216 1 1 216 1 1 216 1 1 216 1 1 216 1 1 216 1 1 216 1 1 216 1 0 186 1 0 186 1 0 186 1 0 186 1 0 186 1 0 186 1 0 186 1 0 186 1 2 182 0 2 188 3 0 186 4 7 183 12 0 155 0 7 151 1 2 150 2 2 156 8 0 153 1 0 153 1 0 153 1 0 153 1 0 153 1 0 153 1 0 153 1 0 153 1 2 121 1 2 121 1 2 121 1 2 121 1 2 121 1 2 121 1 2 121 1 2 121 1 4 119 0 2 126 4 0 124 6 7 120 12 0 91 0 5 88 0 2 86 1 0 92 7 2 88 1 2 88 1 2 88 1 2 88 1 2 88 1 2 88 1 2 88 1 2 88 1 0 58 0 0 58 0 0 58 0 0 58 0 0 58 0 0 58 0 0 58 0 0 58 0 4 55 0 0 58 2 0 54 2 4 53 8 0 26 0 7 25 1 2 21 1 0 25 3 0 25 0 1 23 0 3 22 0 0 24 0 0 26 0 0 25 0 11 18 0 22 12 0 244 24 10 245 11 2 250 3 0 252 5 0 248 11 3 242 11 1 245 8 0 251 6 1 247 8 1 251 8 0 247 6 0 237 14 0 230 32 3 218 40 2 214 38 0 217 38 0 218 39 0 218 39 0 218 39 0 217 40 0 216 40 0 216 40 0 214 41 0 214 41 0 184 73 1 184 73 1 184 73 1 184 73 1 184 73 1 184 73 1 184 73 1 184 73 1 
182 74 1 247 8 1 247 8 1 247 8 1 247 8 1 247 8 1 247 8 1 247 8 1 247 8 1 249 7 3 252 7 4 248 5 0 239 13 0 231 31 5 219 39 4 215 37 0 219 37 0 220 38 0 220 38 0 220 38 0 218 39 0 217 40 0 217 40 0 216 40 0 216 40 0 190 69 0 188 70 0 188 70 0 187 70 0 187 70 0 185 71 0 184 72 0 184 72 0 186 69 0 191 70 1 184 68 0 173 76 0 166 95 3 154 105 3 150 103 0 154 103 0 154 102 0 154 102 0 154 102 0 154 102 0 154 102 0 154 102 0 154 102 0 154 102 0 121 135 0 121 135 0 121 135 0 121 135 0 121 135 0 121 135 0 121 135 0 121 135 0 121 134 2 125 135 2 120 132 0 110 142 0 103 160 5 93 168 5 89 166 0 93 166 0 93 166 1 93 166 1 91 166 1 91 166 1 90 167 1 89 168 1 89 168 1 87 168 1 57 197 0 57 197 0 57 197 0 57 197 0 57 197 0 57 197 0 57 197 0 57 197 0 60 197 3 64 198 3 58 196 0 47 205 0 38 223 5 26 231 4 20 230 0 24 230 0 25 231 1 25 231 1 25 231 1 25 231 1 25 231 1 25 231 1 25 231 1 25 231 1 1 250 0 1 250 0 1 250 0 1 250 0 1 250 0 1 250 0 1 250 0 1 250 0 1 245 0 0 252 3 0 250 4 4 247 9 0 217 0 3 214 0 0 212 0 0 218 6 1 216 1 1 216 1 1 216 1 1 216 1 1 216 1 1 216 1 1 216 1 1 216 1 0 186 1 0 186 1 0 186 1 0 186 1 0 186 1 0 186 1 0 186 1 0 186 1 2 182 0 2 188 3 0 186 4 7 183 12 0 155 0 7 151 1 2 150 2 2 156 8 0 153 1 0 153 1 0 153 1 0 153 1 0 153 1 0 153 1 0 153 1 0 153 1 2 121 1 2 121 1 2 121 1 2 121 1 2 121 1 2 121 1 2 121 1 2 121 1 4 119 0 1 125 3 0 124 6 7 120 12 0 90 0 5 88 0 2 86 1 0 91 6 2 88 1 2 88 1 2 88 1 2 88 1 2 88 1 2 88 1 2 88 1 2 88 1 0 58 0 0 58 0 0 58 0 0 58 0 0 58 0 0 58 0 0 58 0 0 58 0 4 55 0 0 58 2 0 54 2 4 53 8 0 26 0 7 25 1 2 21 1 0 25 3 0 25 0 1 23 0 3 22 0 0 24 0 0 26 0 0 25 0 11 18 0 22 12 0 244 24 10 245 11 2 250 3 0 250 5 0 248 11 3 242 11 1 245 8 0 251 6 1 247 8 1 251 8 0 247 6 0 237 14 0 228 33 3 218 40 2 214 38 0 217 38 0 218 39 0 218 39 0 217 40 0 217 40 0 216 40 0 214 41 0 214 41 0 214 41 0 184 73 1 184 73 1 184 73 1 184 73 1 184 73 1 184 73 1 184 73 1 184 73 1 182 74 1 247 8 1 247 8 1 247 8 1 247 8 1 247 8 1 247 8 1 247 8 1 247 8 1 249 7 3 252 7 4 248 5 0 237 14 0 230 32 5 219 39 4 215 37 0 219 37 0 220 38 0 220 38 0 218 39 0 218 39 0 217 40 0 216 40 0 216 40 0 214 41 0 188 70 0 188 70 0 187 70 0 187 70 0 185 71 0 184 72 0 
184 72 0 184 72 0 186 69 0 191 70 1 184 68 0 173 76 0 165 96 3 154 105 3 148 104 0 152 103 0 152 103 0 152 103 0 152 103 0 152 103 0 152 103 0 152 103 0 152 103 0 152 103 0 121 135 0 121 135 0 121 135 0 121 135 0 121 135 0 121 135 0 121 135 0 121 135 0 119 135 2 124 136 2 119 133 0 110 142 0 103 160 5 92 169 5 88 167 0 91 167 0 91 166 1 91 166 1 91 166 1 90 167 1 89 168 1 89 168 1 87 168 1 87 168 1 57 197 0 57 197 0 57 197 0 57 197 0 57 197 0 57 197 0 57 197 0 57 197 0 58 198 3 63 199 3 56 197 0 46 205 0 38 223 5 25 232 4 20 230 0 24 230 0 25 231 1 25 231 1 25 231 1 25 231 1 25 231 1 25 231 1 25 231 1 25 231 1 1 250 0 1 250 0 1 250 0 1 250 0 1 250 0 1 250 0 1 250 0 1 250 0 1 245 0 0 252 3 0 250 4 4 247 9 0 217 0 3 214 0 0 212 0 0 218 6 1 216 1 1 216 1 1 216 1 1 216 1 1 216 1 1 216 1 1 216 1 1 216 1 0 186 1 0 186 1 0 186 1 0 186 1 0 186 1 0 186 1 0 186 1 0 186 1 2 182 0 1 187 2 0 186 4 7 183 12 0 154 0 6 150 0 2 150 2 1 155 7 0 153 1 0 153 1 0 153 1 0 153 1 0 153 1 0 153 1 0 153 1 0 153 1 1 120 0 1 120 0 1 120 0 1 120 0 1 120 0 1 120 0 1 120 0 1 120 0 4 119 0 1 125 3 0 123 5 7 120 12 0 90 0 5 88 0 2 86 1 0 91 6 2 88 1 2 88 1 2 88 1 2 88 1 2 88 1 2 88 1 2 88 1 2 88 1 0 57 0 0 57 0 0 57 0 0 57 0 0 57 0 0 57 0 0 57 0 0 57 0 4 55 0 0 58 2 0 54 2 4 53 8 0 26 0 7 25 1 2 21 1 0 25 3 0 25 0 1 23 0 3 22 0 0 24 0 0 26 0 0 25 0 11 18 0 22 12 0 244 24 10 244 12 2 248 3 0 250 5 0 246 12 3 242 11 1 243 9 0 250 7 1 246 9 1 251 8 0 245 7 0 236 15 0 228 33 3 217 41 2 212 39 0 217 38 0 218 39 0 217 40 0 217 40 0 216 40 0 216 40 0 214 41 0 213 42 0 213 42 0 184 73 1 184 73 1 184 73 1 184 73 1 184 73 1 184 73 1 184 73 1 184 73 1 182 74 1 247 8 1 247 8 1 247 8 1 247 8 1 247 8 1 247 8 1 247 8 1 247 8 1 247 8 3 251 8 4 247 6 0 237 14 0 228 33 5 218 40 4 214 38 0 217 38 0 218 39 0 218 39 0 218 39 0 217 40 0 216 40 0 216 40 0 214 41 0 214 41 0 188 70 0 187 70 0 187 70 0 185 71 0 184 72 0 184 72 0 183 72 0 183 72 0 184 70 0 189 71 1 182 68 0 172 77 0 163 97 3 153 105 3 148 104 0 152 103 0 152 103 0 152 103 0 152 103 0 152 103 0 152 103 0 152 103 0 152 103 0 152 103 0 121 135 0 121 135 0 121 135 0 121 135 0 121 135 0 121 135 0 121 135 0 121 135 0 118 136 2 124 136 2 119 133 0 109 143 0 101 161 5 
92 169 5 86 167 0 91 167 0 91 166 1 91 166 1 90 167 1 89 168 1 89 168 1 87 168 1 87 168 1 86 169 1 56 198 0 56 198 0 56 198 0 56 198 0 56 198 0 56 198 0 56 198 0 56 198 0 57 199 3 62 200 3 56 197 0 46 205 0 36 224 5 25 232 4 19 231 0 23 231 0 24 231 1 24 231 1 24 231 1 24 231 1 24 231 1 24 231 1 24 231 1 24 231 1 0 249 0 0 249 0 0 249 0 0 249 0 0 249 0 0 249 0 0 249 0 0 249 0 1 245 0 0 252 3 0 250 4 4 247 9 0 217 0 3 214 0 0 212 0 0 218 6 1 216 1 1 216 1 1 216 1 1 216 1 1 216 1 1 216 1 1 216 1 1 216 1 0 185 0 0 185 0 0 185 0 0 185 0 0 185 0 0 185 0 0 185 0 0 185 0 1 181 0 1 187 2 0 185 3 6 182 11 0 154 0 6 150 0 1 149 1 1 155 7 0 153 1 0 153 1 0 153 1 0 153 1 0 153 1 0 153 1 0 153 1 0 153 1 1 120 0 1 120 0 1 120 0 1 120 0 1 120 0 1 120 0 1 120 0 1 120 0 3 118 0 1 125 3 0 123 5 6 119 11 0 90 0 4 87 0 1 85 0 0 91 6 2 88 1 2 88 1 2 88 1 2 88 1 2 88 1 2 88 1 2 88 1 2 88 1 0 57 0 0 57 0 0 57 0 0 57 0 0 57 0 0 57 0 0 57 0 0 57 0 4 55 0 0 58 2 0 54 2 4 53 8 0 26 0 7 25 1 2 21 1 0 25 3 0 25 0 1 23 0 3 22 0 0 24 0 0 26 0 0 25 0 11 18 0 22 12 0 242 25 10 243 12 2 247 4 0 249 6 0 246 12 3 240 12 1 243 9 0 249 8 1 246 9 1 250 9 0 245 7 0 235 16 0 227 34 3 217 41 2 212 39 0 216 39 0 217 40 0 217 40 0 216 40 0 216 40 0 214 41 0 213 42 0 213 42 0 213 42 0 184 73 1 184 73 1 184 73 1 184 73 1 184 73 1 184 73 1 184 73 1 184 73 1 182 74 1 247 8 1 247 8 1 247 8 1 247 8 1 247 8 1 247 8 1 247 8 1 247 8 1 246 9 3 251 8 4 245 6 0 236 15 0 228 33 5 217 41 4 212 39 0 217 38 0 218 39 0 217 40 0 217 40 0 216 40 0 216 40 0 214 41 0 213 42 0 213 42 0 187 70 0 187 70 0 185 71 0 185 71 0 184 72 0 183 72 0 183 72 0 181 73 0 183 70 0 188 71 1 182 68 0 172 77 0 163 97 3 153 105 3 147 104 0 151 104 0 151 104 0 151 104 0 151 104 0 151 104 0 151 104 0 151 104 0 151 104 0 151 104 0 121 135 0 121 135 0 121 135 0 121 135 0 121 135 0 121 135 0 121 135 0 121 135 0 118 136 2 123 137 2 117 134 0 109 143 0 100 161 5 91 169 5 86 167 0 90 167 0 90 167 1 90 167 1 89 168 1 89 168 1 87 168 1 86 169 1 86 169 1 86 169 1 57 199 1 57 199 1 57 199 1 57 199 1 57 199 1 57 199 1 57 199 1 57 199 1 57 199 3 62 200 3 55 197 0 44 206 0 35 225 5 23 233 4 19 231 0 23 231 0 24 231 1 24 231 1 24 231 1 24 231 1 
24 231 1 24 231 1 24 231 1 24 231 1 0 249 0 0 249 0 0 249 0 0 249 0 0 249 0 0 249 0 0 249 0 0 249 0 1 245 0 0 252 3 0 250 4 4 247 9 0 217 0 3 214 0 0 212 0 0 218 6 1 216 1 1 216 1 1 216 1 1 216 1 1 216 1 1 216 1 1 216 1 1 216 1 0 185 0 0 185 0 0 185 0 0 185 0 0 185 0 0 185 0 0 185 0 0 185 0 1 181 0 0 186 1 0 185 3 6 182 11 0 153 0 5 149 0 1 149 1 0 154 6 0 153 1 0 153 1 0 153 1 0 153 1 0 153 1 0 153 1 0 153 1 0 153 1 0 119 0 0 119 0 0 119 0 0 119 0 0 119 0 0 119 0 0 119 0 0 119 0 3 118 0 0 124 2 0 122 4 6 119 11 0 89 0 4 87 0 1 85 0 0 90 5 2 88 1 2 88 1 2 88 1 2 88 1 2 88 1 2 88 1 2 88 1 2 88 1 0 56 0 0 56 0 0 56 0 0 56 0 0 56 0 0 56 0 0 56 0 0 56 0 4 55 0 0 58 2 0 54 2 4 53 8 0 26 0 7 25 1 2 21 1 0 25 3 0 25 0 1 23 0 3 22 0 0 24 0 0 26 0 0 25 0 11 18 0 22 12 0 241 25 10 243 12 2 247 4 0 249 6 0 245 13 3 239 13 1 242 10 0 249 8 1 244 10 1 248 10 0 244 8 0 235 16 0 227 34 3 215 42 2 211 40 0 215 40 0 216 40 0 216 40 0 216 40 0 214 41 0 213 42 0 213 42 0 211 42 0 211 42 0 184 73 1 184 73 1 184 73 1 184 73 1 184 73 1 184 73 1 184 73 1 184 73 1 182 74 1 247 8 1 247 8 1 247 8 1 247 8 1 247 8 1 247 8 1 247 8 1 247 8 1 246 9 3 250 8 4 245 6 0 235 16 0 227 33 5 217 41 4 212 39 0 216 39 0 217 40 0 217 40 0 216 40 0 216 40 0 214 41 0 213 42 0 213 42 0 213 42 0 185 71 0 185 71 0 185 71 0 184 72 0 183 72 0 183 72 0 181 73 0 181 73 0 183 70 0 188 71 1 181 69 0 170 78 0 162 97 3 151 106 3 146 105 0 149 105 0 151 104 0 151 104 0 151 104 0 151 104 0 151 104 0 151 104 0 151 104 0 151 104 0 121 135 0 121 135 0 121 135 0 121 135 0 121 135 0 121 135 0 121 135 0 121 135 0 116 136 2 121 137 2 116 134 0 108 143 0 100 161 5 89 170 5 85 168 0 89 168 0 90 167 1 89 168 1 89 168 1 87 168 1 86 169 1 86 169 1 84 170 1 84 170 1 55 200 1 55 200 1 55 200 1 55 200 1 55 200 1 55 200 1 55 200 1 55 200 1 55 199 3 60 200 3 55 197 0 43 207 0 35 225 5 23 233 4 18 231 0 21 231 0 22 232 1 22 232 1 22 232 1 22 232 1 22 232 1 22 232 1 22 232 1 22 232 1 0 248 0 0 248 0 0 248 0 0 248 0 0 248 0 0 248 0 0 248 0 0 248 0 1 245 0 0 252 3 0 250 4 4 247 9 0 217 0 3 214 0 0 212 0 0 218 6 1 216 1 1 216 1 1 216 1 1 216 1 1 216 1 1 216 1 1 216 1 1 216 1 0 184 0 0 184 0 0 184 0 
0 184 0 0 184 0 0 184 0 0 184 0 0 184 0 0 180 0 0 186 1 0 184 2 5 181 10 0 153 0 5 149 0 0 148 0 0 154 6 0 153 1 0 153 1 0 153 1 0 153 1 0 153 1 0 153 1 0 153 1 0 153 1 0 119 0 0 119 0 0 119 0 0 119 0 0 119 0 0 119 0 0 119 0 0 119 0 2 117 0 0 124 2 0 122 4 5 118 10 0 89 0 3 86 0 0 84 0 0 90 5 2 88 1 2 88 1 2 88 1 2 88 1 2 88 1 2 88 1 2 88 1 2 88 1 0 56 0 0 56 0 0 56 0 0 56 0 0 56 0 0 56 0 0 56 0 0 56 0 4 55 0 0 58 2 0 54 2 4 53 8 0 26 0 7 25 1 2 21 1 0 25 3 0 25 0 1 23 0 3 22 0 0 24 0 0 26 0 0 25 0 11 18 0 22 12 0 241 25 10 241 13 2 246 5 0 248 7 0 244 13 3 239 13 1 241 10 0 247 8 1 243 11 1 248 10 0 244 8 0 233 17 0 225 35 3 215 42 2 209 40 0 215 40 0 216 40 0 216 40 0 214 41 0 213 42 0 213 42 0 211 42 0 211 42 0 210 43 0 184 73 1 184 73 1 184 73 1 184 73 1 184 73 1 184 73 1 184 73 1 184 73 1 182 74 1 247 8 1 247 8 1 247 8 1 247 8 1 247 8 1 247 8 1 247 8 1 247 8 1 244 10 3 248 9 4 244 7 0 235 16 0 227 33 5 215 41 4 211 39 0 215 39 0 217 40 0 216 40 0 216 40 0 214 41 0 213 42 0 213 42 0 211 42 0 211 42 0 185 71 0 185 71 0 184 72 0 183 72 0 183 72 0 181 73 0 181 73 0 180 74 0 182 71 0 186 72 1 181 69 0 169 78 0 162 97 3 151 106 3 146 105 0 149 105 0 149 105 0 149 105 0 149 105 0 149 105 0 149 105 0 149 105 0 149 105 0 149 105 0 121 135 0 121 135 0 121 135 0 121 135 0 121 135 0 121 135 0 121 135 0 121 135 0 116 136 2 121 137 2 116 134 0 106 144 0 98 162 5 89 170 5 85 168 0 89 168 0 89 168 1 89 168 1 87 168 1 87 168 1 86 169 1 84 170 1 84 170 1 84 170 1 56 201 2 56 201 2 56 201 2 56 201 2 56 201 2 56 201 2 56 201 2 56 201 2 55 199 3 60 200 3 53 198 0 43 207 0 34 226 5 22 233 4 16 232 0 20 232 0 22 232 1 22 232 1 22 232 1 22 232 1 22 232 1 22 232 1 22 232 1 22 232 1 0 248 0 0 248 0 0 248 0 0 248 0 0 248 0 0 248 0 0 248 0 0 248 0 1 245 0 0 252 3 0 250 4 4 247 9 0 217 0 3 214 0 0 212 0 0 218 6 1 216 1 1 216 1 1 216 1 1 216 1 1 216 1 1 216 1 1 216 1 1 216 1 0 184 0 0 184 0 0 184 0 0 184 0 0 184 0 0 184 0 0 184 0 0 184 0 0 180 0 0 186 1 0 184 2 5 181 10 0 153 0 5 149 0 0 148 0 0 154 6 0 153 1 0 153 1 0 153 1 0 153 1 0 153 1 0 153 1 0 153 1 0 153 1 0 119 0 0 119 0 0 119 0 0 119 0 0 119 0 0 119 0 0 119 0 0 119 0 2 117 0 0 123 1 
0 122 4 5 118 10 0 88 0 3 86 0 0 84 0 0 89 4 2 88 1 2 88 1 2 88 1 2 88 1 2 88 1 2 88 1 2 88 1 2 88 1 0 55 0 0 55 0 0 55 0 0 55 0 0 55 0 0 55 0 0 55 0 0 55 0 4 55 0 0 58 2 0 54 2 4 53 8 0 26 0 7 25 1 2 21 1 0 25 3 0 25 0 1 23 0 3 22 0 0 24 0 0 26 0 0 25 0 11 18 0 22 12 0 239 26 10 241 13 2 246 5 0 246 7 0 244 13 3 237 13 1 241 10 0 247 8 1 243 11 1 247 11 0 242 9 0 233 17 0 224 35 3 214 42 2 209 40 0 213 40 0 214 41 0 214 41 0 214 41 0 213 42 0 211 42 0 211 42 0 210 43 0 210 43 0 184 73 1 184 73 1 184 73 1 184 73 1 184 73 1 184 73 1 184 73 1 184 73 1 182 74 1 247 8 1 247 8 1 247 8 1 247 8 1 247 8 1 247 8 1 247 8 1 247 8 1 244 10 3 248 9 4 244 7 0 235 16 0 225 34 5 215 41 4 211 39 0 215 39 0 216 40 0 216 40 0 216 40 0 214 41 0 213 42 0 213 42 0 211 42 0 211 42 0 185 71 0 184 72 0 184 72 0 183 72 0 181 73 0 181 73 0 180 74 0 180 74 0 182 71 0 186 72 1 180 70 0 169 78 0 161 98 3 150 107 3 146 105 0 149 105 0 149 105 0 149 105 0 149 105 0 149 105 0 149 105 0 149 105 0 149 105 0 149 105 0 121 135 0 121 135 0 121 135 0 121 135 0 121 135 0 121 135 0 121 135 0 121 135 0 115 137 2 121 137 2 116 134 0 106 144 0 98 162 5 89 170 5 83 169 0 89 168 0 89 168 1 89 168 1 87 168 1 86 169 1 86 169 1 84 170 1 84 170 1 83 171 1 55 202 2 55 202 2 55 202 2 55 202 2 55 202 2 55 202 2 55 202 2 55 202 2 54 200 3 59 201 3 53 198 0 43 207 0 34 226 5 22 233 4 16 232 0 20 232 0 21 233 1 21 233 1 21 233 1 21 233 1 21 233 1 21 233 1 21 233 1 21 233 1 0 248 0 0 248 0 0 248 0 0 248 0 0 248 0 0 248 0 0 248 0 0 248 0 1 245 0 0 252 3 0 250 4 4 247 9 0 217 0 3 214 0 0 212 0 0 218 6 1 216 1 1 216 1 1 216 1 1 216 1 1 216 1 1 216 1 1 216 1 1 216 1 0 184 0 0 184 0 0 184 0 0 184 0 0 184 0 0 184 0 0 184 0 0 184 0 0 180 0 0 185 0 0 184 2 5 181 10 0 153 0 4 148 0 0 148 0 0 153 5 0 153 1 0 153 1 0 153 1 0 153 1 0 153 1 0 153 1 0 153 1 0 153 1 0 119 0 0 119 0 0 119 0 0 119 0 0 119 0 0 119 0 0 119 0 0 119 0 2 117 0 0 123 1 0 121 3 5 118 10 0 88 0 3 86 0 0 84 0 0 89 4 2 88 1 2 88 1 2 88 1 2 88 1 2 88 1 2 88 1 2 88 1 2 88 1 0 55 0 0 55 0 0 55 0 0 55 0 0 55 0 0 55 0 0 55 0 0 55 0 4 55 0 0 58 2 0 54 2 4 53 8 0 26 0 7 25 1 2 21 1 0 25 3 0 25 0 
1 23 0 3 22 0 0 24 0 0 26 0 0 25 0 11 18 0 22 12 0 239 26 10 240 14 2 244 5 0 246 7 0 244 13 3 237 13 1 239 11 0 246 9 1 243 11 1 247 11 0 242 9 0 232 17 0 224 35 3 214 42 2 209 40 0 213 40 0 214 41 0 214 41 0 213 42 0 213 42 0 211 42 0 210 43 0 210 43 0 210 43 0 184 73 1 184 73 1 184 73 1 184 73 1 184 73 1 184 73 1 184 73 1 184 73 1 182 74 1 247 8 1 247 8 1 247 8 1 247 8 1 247 8 1 247 8 1 247 8 1 247 8 1 244 10 1 250 9 0 245 7 0 235 16 0 227 34 3 215 42 2 211 40 0 216 39 0 217 40 0 216 40 0 216 40 0 214 41 0 214 41 0 213 42 0 213 42 0 211 42 0 185 71 0 185 71 0 184 72 0 184 72 0 183 72 0 181 73 0 181 73 0 181 73 0 183 72 1 186 72 1 182 70 0 171 79 0 162 97 3 150 105 2 145 104 0 148 104 0 151 104 0 149 105 0 149 105 0 148 105 0 148 105 0 147 106 0 147 106 0 145 107 0 121 135 0 121 135 0 121 135 0 121 135 0 121 135 0 121 135 0 121 135 0 121 135 0 119 135 2 124 136 2 117 134 0 108 143 0 98 162 5 88 171 5 82 170 0 86 169 0 89 168 1 89 168 1 87 168 1 87 168 1 86 169 1 86 169 1 84 170 1 84 170 1 55 200 0 55 200 0 55 200 0 55 200 0 55 200 0 55 200 0 55 200 0 55 200 0 55 200 1 60 201 1 53 198 0 43 207 0 34 226 3 22 234 0 18 232 0 21 232 0 22 232 0 22 232 0 22 232 0 22 232 0 22 232 0 22 232 0 22 232 0 22 232 0 1 247 0 1 247 0 1 247 0 1 247 0 1 247 0 1 247 0 1 247 0 1 247 0 2 245 0 1 251 3 0 249 4 5 246 9 0 217 0 4 213 0 1 211 0 0 217 6 0 215 0 0 215 0 0 215 0 0 215 0 0 215 0 0 215 0 0 215 0 0 215 0 0 184 0 0 184 0 0 184 0 0 184 0 0 184 0 0 184 0 0 184 0 0 184 0 2 182 0 0 185 0 0 181 0 3 179 8 0 154 0 7 151 1 1 149 1 0 151 3 1 151 0 1 151 0 1 151 0 1 151 0 1 151 0 1 151 0 1 151 0 1 151 0 0 119 1 0 119 1 0 119 1 0 119 1 0 119 1 0 119 1 0 119 1 0 119 1 4 118 0 0 121 0 0 117 0 4 116 8 0 89 0 8 88 1 2 84 0 0 87 3 2 88 1 2 88 1 2 88 1 2 88 1 2 88 1 2 88 1 2 88 1 2 88 1 0 55 0 0 55 0 0 55 0 0 55 0 0 55 0 0 55 0 0 55 0 0 55 0 4 55 0 0 58 2 0 54 2 4 53 8 0 26 0 7 25 1 2 21 1 0 25 3 0 24 0 0 22 0 2 21 0 0 23 0 0 25 0 0 24 0 10 17 0 21 11 0 239 26 10 241 13 2 246 5 0 248 7 0 244 13 3 237 13 1 241 10 0 247 8 1 243 11 1 247 11 0 242 9 0 233 17 0 225 35 3 214 42 2 209 40 0 213 40 0 214 41 0 214 41 0 214 41 0 213 42 0 211 42 0 211 42 0 210 43 0 210 43 0 
182 74 1 182 74 1 182 74 1 182 74 1 182 74 1 182 74 1 182 74 1 182 74 1 182 74 1 247 8 1 247 8 1 247 8 1 247 8 1 247 8 1 247 8 1 247 8 1 247 8 1 244 10 1 250 9 0 245 7 0 235 16 0 227 34 3 215 42 2 211 40 0 216 39 0 217 40 0 216 40 0 216 40 0 214 41 0 214 41 0 213 42 0 213 42 0 211 42 0 185 71 0 185 71 0 184 72 0 184 72 0 183 72 0 181 73 0 181 73 0 181 73 0 183 72 1 186 72 1 182 70 0 171 79 0 162 97 3 150 105 2 145 104 0 148 104 0 151 104 0 149 105 0 149 105 0 148 105 0 148 105 0 147 106 0 147 106 0 145 107 0 121 135 0 121 135 0 121 135 0 121 135 0 121 135 0 121 135 0 121 135 0 121 135 0 119 135 2 124 136 2 117 134 0 108 143 0 98 162 5 88 171 5 82 170 0 86 169 0 89 168 1 89 168 1 87 168 1 87 168 1 86 169 1 86 169 1 84 170 1 84 170 1 55 200 0 55 200 0 55 200 0 55 200 0 55 200 0 55 200 0 55 200 0 55 200 0 55 200 1 60 201 1 53 198 0 43 207 0 34 226 3 22 234 0 18 232 0 21 232 0 22 232 0 22 232 0 22 232 0 22 232 0 22 232 0 22 232 0 22 232 0 22 232 0 1 247 0 1 247 0 1 247 0 1 247 0 1 247 0 1 247 0 1 247 0 1 247 0 2 245 0 1 251 3 0 249 4 5 246 9 0 217 0 4 213 0 1 211 0 0 217 6 0 215 0 0 215 0 0 215 0 0 215 0 0 215 0 0 215 0 0 215 0 0 215 0 0 184 0 0 184 0 0 184 0 0 184 0 0 184 0 0 184 0 0 184 0 0 184 0 2 182 0 0 185 0 0 181 0 3 179 8 0 154 0 7 151 1 1 149 1 0 151 3 1 151 0 1 151 0 1 151 0 1 151 0 1 151 0 1 151 0 1 151 0 1 151 0 0 119 1 0 119 1 0 119 1 0 119 1 0 119 1 0 119 1 0 119 1 0 119 1 4 118 0 0 121 0 0 117 0 4 116 8 0 89 0 8 88 1 2 84 0 0 87 3 2 88 1 2 88 1 2 88 1 2 88 1 2 88 1 2 88 1 2 88 1 2 88 1 0 55 0 0 55 0 0 55 0 0 55 0 0 55 0 0 55 0 0 55 0 0 55 0 4 55 0 0 58 2 0 54 2 4 53 8 0 26 0 7 25 1 2 21 1 0 25 3 0 24 0 0 22 0 2 21 0 0 23 0 0 25 0 0 24 0 10 17 0 21 11 0 239 26 10 241 13 2 246 5 0 248 7 0 244 13 3 237 13 1 241 10 0 247 8 1 243 11 1 247 11 0 242 9 0 233 17 0 225 35 3 214 42 2 209 40 0 213 40 0 214 41 0 214 41 0 214 41 0 213 42 0 211 42 0 211 42 0 210 43 0 210 43 0 182 74 1 182 74 1 182 74 1 182 74 1 182 74 1 182 74 1 182 74 1 182 74 1 182 74 1 247 8 1 247 8 1 247 8 1 247 8 1 247 8 1 247 8 1 247 8 1 247 8 1 244 10 1 250 9 0 245 7 0 235 16 0 227 34 3 215 42 2 211 40 0 216 39 0 217 40 0 216 40 0 216 40 0 214 41 0 214 41 0 213 42 0 
213 42 0 211 42 0 185 71 0 185 71 0 184 72 0 184 72 0 183 72 0 181 73 0 181 73 0 181 73 0 183 72 1 186 72 1 182 70 0 171 79 0 162 97 3 150 105 2 145 104 0 148 104 0 151 104 0 149 105 0 149 105 0 148 105 0 148 105 0 147 106 0 147 106 0 145 107 0 121 135 0 121 135 0 121 135 0 121 135 0 121 135 0 121 135 0 121 135 0 121 135 0 119 135 2 124 136 2 117 134 0 108 143 0 98 162 5 88 171 5 82 170 0 86 169 0 89 168 1 89 168 1 87 168 1 87 168 1 86 169 1 86 169 1 84 170 1 84 170 1 55 200 0 55 200 0 55 200 0 55 200 0 55 200 0 55 200 0 55 200 0 55 200 0 55 200 1 60 201 1 53 198 0 43 207 0 34 226 3 22 234 0 18 232 0 21 232 0 22 232 0 22 232 0 22 232 0 22 232 0 22 232 0 22 232 0 22 232 0 22 232 0 1 247 0 1 247 0 1 247 0 1 247 0 1 247 0 1 247 0 1 247 0 1 247 0 2 245 0 1 251 3 0 249 4 5 246 9 0 217 0 4 213 0 1 211 0 0 217 6 0 215 0 0 215 0 0 215 0 0 215 0 0 215 0 0 215 0 0 215 0 0 215 0 0 184 0 0 184 0 0 184 0 0 184 0 0 184 0 0 184 0 0 184 0 0 184 0 2 182 0 0 185 0 0 181 0 3 179 8 0 154 0 7 151 1 1 149 1 0 151 3 1 151 0 1 151 0 1 151 0 1 151 0 1 151 0 1 151 0 1 151 0 1 151 0 0 119 1 0 119 1 0 119 1 0 119 1 0 119 1 0 119 1 0 119 1 0 119 1 4 118 0 0 121 0 0 117 0 4 116 8 0 89 0 8 88 1 2 84 0 0 87 3 2 88 1 2 88 1 2 88 1 2 88 1 2 88 1 2 88 1 2 88 1 2 88 1 0 55 0 0 55 0 0 55 0 0 55 0 0 55 0 0 55 0 0 55 0 0 55 0 4 55 0 0 58 2 0 54 2 4 53 8 0 26 0 7 25 1 2 21 1 0 25 3 0 24 0 0 22 0 2 21 0 0 23 0 0 25 0 0 24 0 10 17 0 21 11 0 239 26 10 241 13 2 246 5 0 248 7 0 244 13 3 237 13 1 241 10 0 247 8 1 243 11 1 247 11 0 242 9 0 233 17 0 225 35 3 214 42 2 209 40 0 213 40 0 214 41 0 214 41 0 214 41 0 213 42 0 211 42 0 211 42 0 210 43 0 210 43 0 182 74 1 182 74 1 182 74 1 182 74 1 182 74 1 182 74 1 182 74 1 182 74 1 182 74 1 247 8 1 247 8 1 247 8 1 247 8 1 247 8 1 247 8 1 247 8 1 247 8 1 244 10 1 250 9 0 245 7 0 235 16 0 227 34 3 215 42 2 211 40 0 216 39 0 217 40 0 216 40 0 216 40 0 214 41 0 214 41 0 213 42 0 213 42 0 211 42 0 185 71 0 185 71 0 184 72 0 184 72 0 183 72 0 181 73 0 181 73 0 181 73 0 183 72 1 186 72 1 182 70 0 171 79 0 162 97 3 150 105 2 145 104 0 148 104 0 151 104 0 149 105 0 149 105 0 148 105 0 148 105 0 147 106 0 147 106 0 145 107 0 121 135 0 121 135 0 121 135 0 121 135 0 121 135 0 
121 135 0 121 135 0 121 135 0 119 135 2 124 136 2 117 134 0 108 143 0 98 162 5 88 171 5 82 170 0 86 169 0 89 168 1 89 168 1 87 168 1 87 168 1 86 169 1 86 169 1 84 170 1 84 170 1 55 200 0 55 200 0 55 200 0 55 200 0 55 200 0 55 200 0 55 200 0 55 200 0 55 200 1 60 201 1 53 198 0 43 207 0 34 226 3 22 234 0 18 232 0 21 232 0 22 232 0 22 232 0 22 232 0 22 232 0 22 232 0 22 232 0 22 232 0 22 232 0 1 247 0 1 247 0 1 247 0 1 247 0 1 247 0 1 247 0 1 247 0 1 247 0 2 245 0 1 251 3 0 249 4 5 246 9 0 217 0 4 213 0 1 211 0 0 217 6 0 215 0 0 215 0 0 215 0 0 215 0 0 215 0 0 215 0 0 215 0 0 215 0 0 184 0 0 184 0 0 184 0 0 184 0 0 184 0 0 184 0 0 184 0 0 184 0 2 182 0 0 185 0 0 181 0 3 179 8 0 154 0 7 151 1 1 149 1 0 151 3 1 151 0 1 151 0 1 151 0 1 151 0 1 151 0 1 151 0 1 151 0 1 151 0 0 119 1 0 119 1 0 119 1 0 119 1 0 119 1 0 119 1 0 119 1 0 119 1 4 118 0 0 121 0 0 117 0 4 116 8 0 89 0 8 88 1 2 84 0 0 87 3 2 88 1 2 88 1 2 88 1 2 88 1 2 88 1 2 88 1 2 88 1 2 88 1 0 55 0 0 55 0 0 55 0 0 55 0 0 55 0 0 55 0 0 55 0 0 55 0 4 55 0 0 58 2 0 54 2 4 53 8 0 26 0 7 25 1 2 21 1 0 25 3 0 24 0 0 22 0 2 21 0 0 23 0 0 25 0 0 24 0 10 17 0 21 11 0 239 26 10 241 13 2 246 5 0 248 7 0 244 13 3 237 13 1 241 10 0 247 8 1 243 11 1 247 11 0 242 9 0 233 17 0 225 35 3 214 42 2 209 40 0 213 40 0 214 41 0 214 41 0 214 41 0 213 42 0 211 42 0 211 42 0 210 43 0 210 43 0 182 74 1 182 74 1 182 74 1 182 74 1 182 74 1 182 74 1 182 74 1 182 74 1 182 74 1 247 8 1 247 8 1 247 8 1 247 8 1 247 8 1 247 8 1 247 8 1 247 8 1 244 10 1 250 9 0 245 7 0 235 16 0 227 34 3 215 42 2 211 40 0 216 39 0 217 40 0 216 40 0 216 40 0 214 41 0 214 41 0 213 42 0 213 42 0 211 42 0 185 71 0 185 71 0 184 72 0 184 72 0 183 72 0 181 73 0 181 73 0 181 73 0 183 72 1 186 72 1 182 70 0 171 79 0 162 97 3 150 105 2 145 104 0 148 104 0 151 104 0 149 105 0 149 105 0 148 105 0 148 105 0 147 106 0 147 106 0 145 107 0 121 135 0 121 135 0 121 135 0 121 135 0 121 135 0 121 135 0 121 135 0 121 135 0 119 135 2 124 136 2 117 134 0 108 143 0 98 162 5 88 171 5 82 170 0 86 169 0 89 168 1 89 168 1 87 168 1 87 168 1 86 169 1 86 169 1 84 170 1 84 170 1 55 200 0 55 200 0 55 200 0 55 200 0 55 200 0 55 200 0 55 200 0 55 200 0 55 200 1 60 201 1 53 198 0 43 207 0 
34 226 3 22 234 0 18 232 0 21 232 0 22 232 0 22 232 0 22 232 0 22 232 0 22 232 0 22 232 0 22 232 0 22 232 0 1 247 0 1 247 0 1 247 0 1 247 0 1 247 0 1 247 0 1 247 0 1 247 0 2 245 0 1 251 3 0 249 4 5 246 9 0 217 0 4 213 0 1 211 0 0 217 6 0 215 0 0 215 0 0 215 0 0 215 0 0 215 0 0 215 0 0 215 0 0 215 0 0 184 0 0 184 0 0 184 0 0 184 0 0 184 0 0 184 0 0 184 0 0 184 0 2 182 0 0 185 0 0 181 0 3 179 8 0 154 0 7 151 1 1 149 1 0 151 3 1 151 0 1 151 0 1 151 0 1 151 0 1 151 0 1 151 0 1 151 0 1 151 0 0 119 1 0 119 1 0 119 1 0 119 1 0 119 1 0 119 1 0 119 1 0 119 1 4 118 0 0 121 0 0 117 0 4 116 8 0 89 0 8 88 1 2 84 0 0 87 3 2 88 1 2 88 1 2 88 1 2 88 1 2 88 1 2 88 1 2 88 1 2 88 1 0 55 0 0 55 0 0 55 0 0 55 0 0 55 0 0 55 0 0 55 0 0 55 0 4 55 0 0 58 2 0 54 2 4 53 8 0 26 0 7 25 1 2 21 1 0 25 3 0 24 0 0 22 0 2 21 0 0 23 0 0 25 0 0 24 0 10 17 0 21 11 0 239 26 10 241 13 2 246 5 0 248 7 0 244 13 3 237 13 1 241 10 0 247 8 1 243 11 1 247 11 0 242 9 0 233 17 0 225 35 3 214 42 2 209 40 0 213 40 0 214 41 0 214 41 0 214 41 0 213 42 0 211 42 0 211 42 0 210 43 0 210 43 0 182 74 1 182 74 1 182 74 1 182 74 1 182 74 1 182 74 1 182 74 1 182 74 1 182 74 1 247 8 1 247 8 1 247 8 1 247 8 1 247 8 1 247 8 1 247 8 1 247 8 1 244 10 1 250 9 0 245 7 0 235 16 0 227 34 3 215 42 2 211 40 0 216 39 0 217 40 0 216 40 0 216 40 0 214 41 0 214 41 0 213 42 0 213 42 0 211 42 0 185 71 0 185 71 0 184 72 0 184 72 0 183 72 0 181 73 0 181 73 0 181 73 0 183 72 1 186 72 1 182 70 0 171 79 0 162 97 3 150 105 2 145 104 0 148 104 0 151 104 0 149 105 0 149 105 0 148 105 0 148 105 0 147 106 0 147 106 0 145 107 0 121 135 0 121 135 0 121 135 0 121 135 0 121 135 0 121 135 0 121 135 0 121 135 0 119 135 2 124 136 2 117 134 0 108 143 0 98 162 5 88 171 5 82 170 0 86 169 0 89 168 1 89 168 1 87 168 1 87 168 1 86 169 1 86 169 1 84 170 1 84 170 1 55 200 0 55 200 0 55 200 0 55 200 0 55 200 0 55 200 0 55 200 0 55 200 0 55 200 1 60 201 1 53 198 0 43 207 0 34 226 3 22 234 0 18 232 0 21 232 0 22 232 0 22 232 0 22 232 0 22 232 0 22 232 0 22 232 0 22 232 0 22 232 0 1 247 0 1 247 0 1 247 0 1 247 0 1 247 0 1 247 0 1 247 0 1 247 0 2 245 0 1 251 3 0 249 4 5 246 9 0 217 0 4 213 0 1 211 0 0 217 6 0 215 0 0 215 0 0 215 0 
0 215 0 0 215 0 0 215 0 0 215 0 0 215 0 0 184 0 0 184 0 0 184 0 0 184 0 0 184 0 0 184 0 0 184 0 0 184 0 2 182 0 0 185 0 0 181 0 3 179 8 0 154 0 7 151 1 1 149 1 0 151 3 1 151 0 1 151 0 1 151 0 1 151 0 1 151 0 1 151 0 1 151 0 1 151 0 0 119 1 0 119 1 0 119 1 0 119 1 0 119 1 0 119 1 0 119 1 0 119 1 4 118 0 0 121 0 0 117 0 4 116 8 0 89 0 8 88 1 2 84 0 0 87 3 2 88 1 2 88 1 2 88 1 2 88 1 2 88 1 2 88 1 2 88 1 2 88 1 0 55 0 0 55 0 0 55 0 0 55 0 0 55 0 0 55 0 0 55 0 0 55 0 4 55 0 0 58 2 0 54 2 4 53 8 0 26 0 7 25 1 2 21 1 0 25 3 0 24 0 0 22 0 2 21 0 0 23 0 0 25 0 0 24 0 10 17 0 21 11 0 239 26 10 241 13 2 246 5 0 248 7 0 244 13 3 237 13 1 241 10 0 247 8 1 243 11 1 247 11 0 242 9 0 233 17 0 225 35 3 214 42 2 209 40 0 213 40 0 214 41 0 214 41 0 214 41 0 213 42 0 211 42 0 211 42 0 210 43 0 210 43 0 182 74 1 182 74 1 182 74 1 182 74 1 182 74 1 182 74 1 182 74 1 182 74 1 182 74 1 247 8 1 247 8 1 247 8 1 247 8 1 247 8 1 247 8 1 247 8 1 247 8 1 244 10 1 250 9 0 245 7 0 235 16 0 227 34 3 215 42 2 211 40 0 216 39 0 217 40 0 216 40 0 216 40 0 214 41 0 214 41 0 213 42 0 213 42 0 211 42 0 185 71 0 185 71 0 184 72 0 184 72 0 183 72 0 181 73 0 181 73 0 181 73 0 183 72 1 186 72 1 182 70 0 171 79 0 162 97 3 150 105 2 145 104 0 148 104 0 151 104 0 149 105 0 149 105 0 148 105 0 148 105 0 147 106 0 147 106 0 145 107 0 121 135 0 121 135 0 121 135 0 121 135 0 121 135 0 121 135 0 121 135 0 121 135 0 119 135 2 124 136 2 117 134 0 108 143 0 98 162 5 88 171 5 82 170 0 86 169 0 89 168 1 89 168 1 87 168 1 87 168 1 86 169 1 86 169 1 84 170 1 84 170 1 55 200 0 55 200 0 55 200 0 55 200 0 55 200 0 55 200 0 55 200 0 55 200 0 55 200 1 60 201 1 53 198 0 43 207 0 34 226 3 22 234 0 18 232 0 21 232 0 22 232 0 22 232 0 22 232 0 22 232 0 22 232 0 22 232 0 22 232 0 22 232 0 1 247 0 1 247 0 1 247 0 1 247 0 1 247 0 1 247 0 1 247 0 1 247 0 2 245 0 1 251 3 0 249 4 5 246 9 0 217 0 4 213 0 1 211 0 0 217 6 0 215 0 0 215 0 0 215 0 0 215 0 0 215 0 0 215 0 0 215 0 0 215 0 0 184 0 0 184 0 0 184 0 0 184 0 0 184 0 0 184 0 0 184 0 0 184 0 2 182 0 0 185 0 0 181 0 3 179 8 0 154 0 7 151 1 1 149 1 0 151 3 1 151 0 1 151 0 1 151 0 1 151 0 1 151 0 1 151 0 1 151 0 1 151 0 0 119 1 0 119 1 
0 119 1 0 119 1 0 119 1 0 119 1 0 119 1 0 119 1 4 118 0 0 121 0 0 117 0 4 116 8 0 89 0 8 88 1 2 84 0 0 87 3 2 88 1 2 88 1 2 88 1 2 88 1 2 88 1 2 88 1 2 88 1 2 88 1 0 55 0 0 55 0 0 55 0 0 55 0 0 55 0 0 55 0 0 55 0 0 55 0 4 55 0 0 58 2 0 54 2 4 53 8 0 26 0 7 25 1 2 21 1 0 25 3 0 24 0 0 22 0 2 21 0 0 23 0 0 25 0 0 24 0 10 17 0 21 11 0 239 26 10 241 13 2 246 5 0 248 7 0 244 13 3 237 13 1 241 10 0 247 8 1 243 11 1 247 11 0 242 9 0 233 17 0 225 35 3 214 42 2 209 40 0 213 40 0 214 41 0 214 41 0 214 41 0 213 42 0 211 42 0 211 42 0 210 43 0 210 43 0 182 74 1 182 74 1 182 74 1 182 74 1 182 74 1 182 74 1 182 74 1 182 74 1 182 74 1 247 8 1 247 8 1 247 8 1 247 8 1 247 8 1 247 8 1 247 8 1 247 8 1 244 10 1 250 9 0 245 7 0 235 16 0 227 34 3 215 42 2 211 40 0 216 39 0 217 40 0 216 40 0 216 40 0 214 41 0 214 41 0 213 42 0 213 42 0 211 42 0 185 71 0 185 71 0 184 72 0 184 72 0 183 72 0 181 73 0 181 73 0 181 73 0 183 72 1 186 72 1 182 70 0 171 79 0 162 97 3 150 105 2 145 104 0 148 104 0 151 104 0 149 105 0 149 105 0 148 105 0 148 105 0 147 106 0 147 106 0 145 107 0 121 135 0 121 135 0 121 135 0 121 135 0 121 135 0 121 135 0 121 135 0 121 135 0 119 135 2 124 136 2 117 134 0 108 143 0 98 162 5 88 171 5 82 170 0 86 169 0 89 168 1 89 168 1 87 168 1 87 168 1 86 169 1 86 169 1 84 170 1 84 170 1 55 200 0 55 200 0 55 200 0 55 200 0 55 200 0 55 200 0 55 200 0 55 200 0 55 200 1 60 201 1 53 198 0 43 207 0 34 226 3 22 234 0 18 232 0 21 232 0 22 232 0 22 232 0 22 232 0 22 232 0 22 232 0 22 232 0 22 232 0 22 232 0 1 247 0 1 247 0 1 247 0 1 247 0 1 247 0 1 247 0 1 247 0 1 247 0 2 245 0 1 251 3 0 249 4 5 246 9 0 217 0 4 213 0 1 211 0 0 217 6 0 215 0 0 215 0 0 215 0 0 215 0 0 215 0 0 215 0 0 215 0 0 215 0 0 184 0 0 184 0 0 184 0 0 184 0 0 184 0 0 184 0 0 184 0 0 184 0 2 182 0 0 185 0 0 181 0 3 179 8 0 154 0 7 151 1 1 149 1 0 151 3 1 151 0 1 151 0 1 151 0 1 151 0 1 151 0 1 151 0 1 151 0 1 151 0 0 119 1 0 119 1 0 119 1 0 119 1 0 119 1 0 119 1 0 119 1 0 119 1 4 118 0 0 121 0 0 117 0 4 116 8 0 89 0 8 88 1 2 84 0 0 87 3 2 88 1 2 88 1 2 88 1 2 88 1 2 88 1 2 88 1 2 88 1 2 88 1 0 55 0 0 55 0 0 55 0 0 55 0 0 55 0 0 55 0 0 55 0 0 55 0 4 55 0 
0 58 2 0 54 2 4 53 8 0 26 0 7 25 1 2 21 1 0 25 3 0 24 0 0 22 0 2 21 0 0 23 0 0 25 0 0 24 0 10 17 0 21 11 0 239 26 10 241 13 2 246 5 0 248 7 0 244 13 3 237 13 1 241 10 0 247 8 1 243 11 1 247 11 0 242 9 0 233 17 0 225 35 3 214 42 2 209 40 0 213 40 0 214 41 0 214 41 0 214 41 0 213 42 0 211 42 0 211 42 0 210 43 0 210 43 0 182 74 1 182 74 1 182 74 1 182 74 1 182 74 1 182 74 1 182 74 1 182 74 1 182 74 1 243 11 1 243 11 1 243 11 1 243 11 1 243 11 1 243 11 1 243 11 1 243 11 1 243 11 1 247 11 0 242 9 0 233 17 0 225 35 3 214 42 2 209 40 0 213 40 0 214 41 0 214 41 0 214 41 0 213 42 0 211 42 0 211 42 0 210 43 0 210 43 0 182 74 1 182 74 1 182 74 1 182 74 1 182 74 1 182 74 1 182 74 1 182 74 1 182 74 2 187 75 3 180 72 0 170 81 0 162 99 4 150 107 3 144 106 0 148 106 0 152 105 1 150 106 1 150 106 1 149 106 1 149 106 1 148 107 1 148 107 1 146 108 1 117 138 1 117 138 1 117 138 1 117 138 1 117 138 1 117 138 1 117 138 1 117 138 1 117 137 3 122 138 3 117 135 0 106 144 0 97 163 5 85 170 4 80 169 0 83 169 0 86 169 1 84 170 1 84 170 1 83 171 1 83 171 1 82 171 1 82 171 1 80 172 1 51 202 0 51 202 0 51 202 0 51 202 0 51 202 0 51 202 0 51 202 0 51 202 0 51 202 1 56 203 1 52 201 0 42 209 0 33 228 4 24 236 2 20 234 0 24 235 0 21 235 0 21 235 0 21 235 0 21 235 0 21 235 0 21 235 0 21 235 0 21 235 0 0 245 0 0 245 0 0 245 0 0 245 0 0 245 0 0 245 0 0 245 0 0 245 0 1 244 0 0 249 1 0 248 3 4 245 8 0 216 0 3 212 0 0 210 0 0 216 5 0 213 0 0 213 0 0 213 0 0 213 0 0 213 0 0 213 0 0 213 0 0 213 0 0 182 1 0 182 1 0 182 1 0 182 1 0 182 1 0 182 1 0 182 1 0 182 1 3 178 0 0 184 2 0 182 3 6 179 11 0 149 0 4 146 0 1 144 0 0 150 5 2 148 1 2 148 1 2 148 1 2 148 1 2 148 1 2 148 1 2 148 1 2 148 1 1 118 1 1 118 1 1 118 1 1 118 1 1 118 1 1 118 1 1 118 1 1 118 1 2 116 0 0 121 0 0 119 2 5 117 9 0 86 0 4 84 0 0 82 0 0 87 3 0 85 0 0 85 0 0 85 0 0 85 0 0 85 0 0 85 0 0 85 0 0 85 0 0 55 0 0 55 0 0 55 0 0 55 0 0 55 0 0 55 0 0 55 0 0 55 0 2 53 0 0 58 2 0 56 4 5 54 9 0 23 0 3 21 0 0 19 0 0 25 3 0 23 0 1 20 0 4 19 0 0 21 0 0 23 0 0 22 0 11 15 0 22 10 0 239 28 9 241 15 1 245 7 0 247 11 0 243 15 2 237 16 0 240 12 0 247 11 0 241 13 2 246 14 2 241 11 0 230 20 0 222 38 4 212 45 3 208 43 0 211 43 0 
210 45 0 210 45 0 210 45 0 210 45 0 210 45 0 210 45 0 210 45 0 210 45 0 181 75 1 181 75 1 181 75 1 181 75 1 181 75 1 181 75 1 181 75 1 181 75 1 181 75 1 243 11 1 243 11 1 243 11 1 243 11 1 243 11 1 243 11 1 243 11 1 243 11 1 243 11 1 247 11 0 242 9 0 233 17 0 225 35 3 214 42 2 209 40 0 213 40 0 214 41 0 214 41 0 214 41 0 213 42 0 211 42 0 211 42 0 210 43 0 210 43 0 182 74 1 182 74 1 182 74 1 182 74 1 182 74 1 182 74 1 182 74 1 182 74 1 182 74 2 187 75 3 180 72 0 170 81 0 162 99 4 150 107 3 144 106 0 148 106 0 152 105 1 150 106 1 150 106 1 149 106 1 149 106 1 148 107 1 148 107 1 146 108 1 117 138 1 117 138 1 117 138 1 117 138 1 117 138 1 117 138 1 117 138 1 117 138 1 117 137 3 122 138 3 117 135 0 106 144 0 97 163 5 85 170 4 80 169 0 83 169 0 86 169 1 84 170 1 84 170 1 83 171 1 83 171 1 82 171 1 82 171 1 80 172 1 51 202 0 51 202 0 51 202 0 51 202 0 51 202 0 51 202 0 51 202 0 51 202 0 51 202 1 56 203 1 52 201 0 42 209 0 33 228 4 24 236 2 20 234 0 24 235 0 21 235 0 21 235 0 21 235 0 21 235 0 21 235 0 21 235 0 21 235 0 21 235 0 0 245 0 0 245 0 0 245 0 0 245 0 0 245 0 0 245 0 0 245 0 0 245 0 1 244 0 0 249 1 0 248 3 4 245 8 0 216 0 3 212 0 0 210 0 0 216 5 0 213 0 0 213 0 0 213 0 0 213 0 0 213 0 0 213 0 0 213 0 0 213 0 0 182 1 0 182 1 0 182 1 0 182 1 0 182 1 0 182 1 0 182 1 0 182 1 3 178 0 0 184 2 0 182 3 6 179 11 0 149 0 4 146 0 1 144 0 0 150 5 2 148 1 2 148 1 2 148 1 2 148 1 2 148 1 2 148 1 2 148 1 2 148 1 1 118 1 1 118 1 1 118 1 1 118 1 1 118 1 1 118 1 1 118 1 1 118 1 2 116 0 0 121 0 0 119 2 5 117 9 0 86 0 4 84 0 0 82 0 0 87 3 0 85 0 0 85 0 0 85 0 0 85 0 0 85 0 0 85 0 0 85 0 0 85 0 0 55 0 0 55 0 0 55 0 0 55 0 0 55 0 0 55 0 0 55 0 0 55 0 2 53 0 0 58 2 0 56 4 5 54 9 0 23 0 3 21 0 0 19 0 0 25 3 0 23 0 1 20 0 4 19 0 0 21 0 0 23 0 0 22 0 11 15 0 22 10 0 239 28 9 241 15 1 245 7 0 247 11 0 243 15 2 237 16 0 240 12 0 247 11 0 241 13 2 246 14 2 241 11 0 230 20 0 222 38 4 212 45 3 208 43 0 211 43 0 210 45 0 210 45 0 210 45 0 210 45 0 210 45 0 210 45 0 210 45 0 210 45 0 181 75 1 181 75 1 181 75 1 181 75 1 181 75 1 181 75 1 181 75 1 181 75 1 181 75 1 243 11 1 243 11 1 243 11 1 243 11 1 243 11 1 243 11 1 243 11 1 243 11 1 243 11 1 247 11 0 242 9 0 233 17 0 225 35 3 214 42 2 
209 40 0 213 40 0 214 41 0 214 41 0 214 41 0 213 42 0 211 42 0 211 42 0 210 43 0 210 43 0 182 74 1 182 74 1 182 74 1 182 74 1 182 74 1 182 74 1 182 74 1 182 74 1 182 74 2 187 75 3 180 72 0 170 81 0 162 99 4 150 107 3 144 106 0 148 106 0 152 105 1 150 106 1 150 106 1 149 106 1 149 106 1 148 107 1 148 107 1 146 108 1 117 138 1 117 138 1 117 138 1 117 138 1 117 138 1 117 138 1 117 138 1 117 138 1 117 137 3 122 138 3 117 135 0 106 144 0 97 163 5 85 170 4 80 169 0 83 169 0 86 169 1 84 170 1 84 170 1 83 171 1 83 171 1 82 171 1 82 171 1 80 172 1 51 202 0 51 202 0 51 202 0 51 202 0 51 202 0 51 202 0 51 202 0 51 202 0 51 202 1 56 203 1 52 201 0 42 209 0 33 228 4 24 236 2 20 234 0 24 235 0 21 235 0 21 235 0 21 235 0 21 235 0 21 235 0 21 235 0 21 235 0 21 235 0 0 245 0 0 245 0 0 245 0 0 245 0 0 245 0 0 245 0 0 245 0 0 245 0 1 244 0 0 249 1 0 248 3 4 245 8 0 216 0 3 212 0 0 210 0 0 216 5 0 213 0 0 213 0 0 213 0 0 213 0 0 213 0 0 213 0 0 213 0 0 213 0 0 182 1 0 182 1 0 182 1 0 182 1 0 182 1 0 182 1 0 182 1 0 182 1 3 178 0 0 184 2 0 182 3 6 179 11 0 149 0 4 146 0 1 144 0 0 150 5 2 148 1 2 148 1 2 148 1 2 148 1 2 148 1 2 148 1 2 148 1 2 148 1 1 118 1 1 118 1 1 118 1 1 118 1 1 118 1 1 118 1 1 118 1 1 118 1 2 116 0 0 121 0 0 119 2 5 117 9 0 86 0 4 84 0 0 82 0 0 87 3 0 85 0 0 85 0 0 85 0 0 85 0 0 85 0 0 85 0 0 85 0 0 85 0 0 55 0 0 55 0 0 55 0 0 55 0 0 55 0 0 55 0 0 55 0 0 55 0 2 53 0 0 58 2 0 56 4 5 54 9 0 23 0 3 21 0 0 19 0 0 25 3 0 23 0 1 20 0 4 19 0 0 21 0 0 23 0 0 22 0 11 15 0 22 10 0 239 28 9 241 15 1 245 7 0 247 11 0 243 15 2 237 16 0 240 12 0 247 11 0 241 13 2 246 14 2 241 11 0 230 20 0 222 38 4 212 45 3 208 43 0 211 43 0 210 45 0 210 45 0 210 45 0 210 45 0 210 45 0 210 45 0 210 45 0 210 45 0 181 75 1 181 75 1 181 75 1 181 75 1 181 75 1 181 75 1 181 75 1 181 75 1 181 75 1 243 11 1 243 11 1 243 11 1 243 11 1 243 11 1 243 11 1 243 11 1 243 11 1 243 11 1 247 11 0 242 9 0 233 17 0 225 35 3 214 42 2 209 40 0 213 40 0 214 41 0 214 41 0 214 41 0 213 42 0 211 42 0 211 42 0 210 43 0 210 43 0 182 74 1 182 74 1 182 74 1 182 74 1 182 74 1 182 74 1 182 74 1 182 74 1 182 74 2 187 75 3 180 72 0 170 81 0 162 99 4 150 107 3 144 106 0 148 106 0 152 105 1 150 106 1 150 106 1 149 106 1 149 106 1 
148 107 1 148 107 1 146 108 1 117 138 1 117 138 1 117 138 1 117 138 1 117 138 1 117 138 1 117 138 1 117 138 1 117 137 3 122 138 3 117 135 0 106 144 0 97 163 5 85 170 4 80 169 0 83 169 0 86 169 1 84 170 1 84 170 1 83 171 1 83 171 1 82 171 1 82 171 1 80 172 1 51 202 0 51 202 0 51 202 0 51 202 0 51 202 0 51 202 0 51 202 0 51 202 0 51 202 1 56 203 1 52 201 0 42 209 0 33 228 4 24 236 2 20 234 0 24 235 0 21 235 0 21 235 0 21 235 0 21 235 0 21 235 0 21 235 0 21 235 0 21 235 0 0 245 0 0 245 0 0 245 0 0 245 0 0 245 0 0 245 0 0 245 0 0 245 0 1 244 0 0 249 1 0 248 3 4 245 8 0 216 0 3 212 0 0 210 0 0 216 5 0 213 0 0 213 0 0 213 0 0 213 0 0 213 0 0 213 0 0 213 0 0 213 0 0 182 1 0 182 1 0 182 1 0 182 1 0 182 1 0 182 1 0 182 1 0 182 1 3 178 0 0 184 2 0 182 3 6 179 11 0 149 0 4 146 0 1 144 0 0 150 5 2 148 1 2 148 1 2 148 1 2 148 1 2 148 1 2 148 1 2 148 1 2 148 1 1 118 1 1 118 1 1 118 1 1 118 1 1 118 1 1 118 1 1 118 1 1 118 1 2 116 0 0 121 0 0 119 2 5 117 9 0 86 0 4 84 0 0 82 0 0 87 3 0 85 0 0 85 0 0 85 0 0 85 0 0 85 0 0 85 0 0 85 0 0 85 0 0 55 0 0 55 0 0 55 0 0 55 0 0 55 0 0 55 0 0 55 0 0 55 0 2 53 0 0 58 2 0 56 4 5 54 9 0 23 0 3 21 0 0 19 0 0 25 3 0 23 0 1 20 0 4 19 0 0 21 0 0 23 0 0 22 0 11 15 0 22 10 0 239 28 9 241 15 1 245 7 0 247 11 0 243 15 2 237 16 0 240 12 0 247 11 0 241 13 2 246 14 2 241 11 0 230 20 0 222 38 4 212 45 3 208 43 0 211 43 0 210 45 0 210 45 0 210 45 0 210 45 0 210 45 0 210 45 0 210 45 0 210 45 0 181 75 1 181 75 1 181 75 1 181 75 1 181 75 1 181 75 1 181 75 1 181 75 1 181 75 1 243 11 1 243 11 1 243 11 1 243 11 1 243 11 1 243 11 1 243 11 1 243 11 1 243 11 1 247 11 0 242 9 0 233 17 0 225 35 3 214 42 2 209 40 0 213 40 0 214 41 0 214 41 0 214 41 0 213 42 0 211 42 0 211 42 0 210 43 0 210 43 0 182 74 1 182 74 1 182 74 1 182 74 1 182 74 1 182 74 1 182 74 1 182 74 1 182 74 2 187 75 3 180 72 0 170 81 0 162 99 4 150 107 3 144 106 0 148 106 0 152 105 1 150 106 1 150 106 1 149 106 1 149 106 1 148 107 1 148 107 1 146 108 1 117 138 1 117 138 1 117 138 1 117 138 1 117 138 1 117 138 1 117 138 1 117 138 1 117 137 3 122 138 3 117 135 0 106 144 0 97 163 5 85 170 4 80 169 0 83 169 0 86 169 1 84 170 1 84 170 1 83 171 1 83 171 1 82 171 1 82 171 1 80 172 1 51 202 0 51 202 0 51 202 0 51 202 0 
51 202 0 51 202 0 51 202 0 51 202 0 51 202 1 56 203 1 52 201 0 42 209 0 33 228 4 24 236 2 20 234 0 24 235 0 21 235 0 21 235 0 21 235 0 21 235 0 21 235 0 21 235 0 21 235 0 21 235 0 0 245 0 0 245 0 0 245 0 0 245 0 0 245 0 0 245 0 0 245 0 0 245 0 1 244 0 0 249 1 0 248 3 4 245 8 0 216 0 3 212 0 0 210 0 0 216 5 0 213 0 0 213 0 0 213 0 0 213 0 0 213 0 0 213 0 0 213 0 0 213 0 0 182 1 0 182 1 0 182 1 0 182 1 0 182 1 0 182 1 0 182 1 0 182 1 3 178 0 0 184 2 0 182 3 6 179 11 0 149 0 4 146 0 1 144 0 0 150 5 2 148 1 2 148 1 2 148 1 2 148 1 2 148 1 2 148 1 2 148 1 2 148 1 1 118 1 1 118 1 1 118 1 1 118 1 1 118 1 1 118 1 1 118 1 1 118 1 2 116 0 0 121 0 0 119 2 5 117 9 0 86 0 4 84 0 0 82 0 0 87 3 0 85 0 0 85 0 0 85 0 0 85 0 0 85 0 0 85 0 0 85 0 0 85 0 0 55 0 0 55 0 0 55 0 0 55 0 0 55 0 0 55 0 0 55 0 0 55 0 2 53 0 0 58 2 0 56 4 5 54 9 0 23 0 3 21 0 0 19 0 0 25 3 0 23 0 1 20 0 4 19 0 0 21 0 0 23 0 0 22 0 11 15 0 22 10 0 239 28 9 241 15 1 245 7 0 247 11 0 243 15 2 237 16 0 240 12 0 247 11 0 241 13 2 246 14 2 241 11 0 230 20 0 222 38 4 212 45 3 208 43 0 211 43 0 210 45 0 210 45 0 210 45 0 210 45 0 210 45 0 210 45 0 210 45 0 210 45 0 181 75 1 181 75 1 181 75 1 181 75 1 181 75 1 181 75 1 181 75 1 181 75 1 181 75 1 243 11 1 243 11 1 243 11 1 243 11 1 243 11 1 243 11 1 243 11 1 243 11 1 243 11 1 247 11 0 242 9 0 233 17 0 225 35 3 214 42 2 209 40 0 213 40 0 214 41 0 214 41 0 214 41 0 213 42 0 211 42 0 211 42 0 210 43 0 210 43 0 182 74 1 182 74 1 182 74 1 182 74 1 182 74 1 182 74 1 182 74 1 182 74 1 182 74 2 187 75 3 180 72 0 170 81 0 162 99 4 150 107 3 144 106 0 148 106 0 152 105 1 150 106 1 150 106 1 149 106 1 149 106 1 148 107 1 148 107 1 146 108 1 117 138 1 117 138 1 117 138 1 117 138 1 117 138 1 117 138 1 117 138 1 117 138 1 117 137 3 122 138 3 117 135 0 106 144 0 97 163 5 85 170 4 80 169 0 83 169 0 86 169 1 84 170 1 84 170 1 83 171 1 83 171 1 82 171 1 82 171 1 80 172 1 51 202 0 51 202 0 51 202 0 51 202 0 51 202 0 51 202 0 51 202 0 51 202 0 51 202 1 56 203 1 52 201 0 42 209 0 33 228 4 24 236 2 20 234 0 24 235 0 21 235 0 21 235 0 21 235 0 21 235 0 21 235 0 21 235 0 21 235 0 21 235 0 0 245 0 0 245 0 0 245 0 0 245 0 0 245 0 0 245 0 0 245 0 0 245 0 1 244 0 0 249 1 0 248 3 
4 245 8 0 216 0 3 212 0 0 210 0 0 216 5 0 213 0 0 213 0 0 213 0 0 213 0 0 213 0 0 213 0 0 213 0 0 213 0 0 182 1 0 182 1 0 182 1 0 182 1 0 182 1 0 182 1 0 182 1 0 182 1 3 178 0 0 184 2 0 182 3 6 179 11 0 149 0 4 146 0 1 144 0 0 150 5 2 148 1 2 148 1 2 148 1 2 148 1 2 148 1 2 148 1 2 148 1 2 148 1 1 118 1 1 118 1 1 118 1 1 118 1 1 118 1 1 118 1 1 118 1 1 118 1 2 116 0 0 121 0 0 119 2 5 117 9 0 86 0 4 84 0 0 82 0 0 87 3 0 85 0 0 85 0 0 85 0 0 85 0 0 85 0 0 85 0 0 85 0 0 85 0 0 55 0 0 55 0 0 55 0 0 55 0 0 55 0 0 55 0 0 55 0 0 55 0 2 53 0 0 58 2 0 56 4 5 54 9 0 23 0 3 21 0 0 19 0 0 25 3 0 23 0 1 20 0 4 19 0 0 21 0 0 23 0 0 22 0 11 15 0 22 10 0 239 28 9 241 15 1 245 7 0 247 11 0 243 15 2 237 16 0 240 12 0 247 11 0 241 13 2 246 14 2 241 11 0 230 20 0 222 38 4 212 45 3 208 43 0 211 43 0 210 45 0 210 45 0 210 45 0 210 45 0 210 45 0 210 45 0 210 45 0 210 45 0 181 75 1 181 75 1 181 75 1 181 75 1 181 75 1 181 75 1 181 75 1 181 75 1 181 75 1 243 11 1 243 11 1 243 11 1 243 11 1 243 11 1 243 11 1 243 11 1 243 11 1 243 11 1 247 11 0 242 9 0 233 17 0 225 35 3 214 42 2 209 40 0 213 40 0 214 41 0 214 41 0 214 41 0 213 42 0 211 42 0 211 42 0 210 43 0 210 43 0 182 74 1 182 74 1 182 74 1 182 74 1 182 74 1 182 74 1 182 74 1 182 74 1 182 74 2 187 75 3 180 72 0 170 81 0 162 99 4 150 107 3 144 106 0 148 106 0 152 105 1 150 106 1 150 106 1 149 106 1 149 106 1 148 107 1 148 107 1 146 108 1 117 138 1 117 138 1 117 138 1 117 138 1 117 138 1 117 138 1 117 138 1 117 138 1 117 137 3 122 138 3 117 135 0 106 144 0 97 163 5 85 170 4 80 169 0 83 169 0 86 169 1 84 170 1 84 170 1 83 171 1 83 171 1 82 171 1 82 171 1 80 172 1 51 202 0 51 202 0 51 202 0 51 202 0 51 202 0 51 202 0 51 202 0 51 202 0 51 202 1 56 203 1 52 201 0 42 209 0 33 228 4 24 236 2 20 234 0 24 235 0 21 235 0 21 235 0 21 235 0 21 235 0 21 235 0 21 235 0 21 235 0 21 235 0 0 245 0 0 245 0 0 245 0 0 245 0 0 245 0 0 245 0 0 245 0 0 245 0 1 244 0 0 249 1 0 248 3 4 245 8 0 216 0 3 212 0 0 210 0 0 216 5 0 213 0 0 213 0 0 213 0 0 213 0 0 213 0 0 213 0 0 213 0 0 213 0 0 182 1 0 182 1 0 182 1 0 182 1 0 182 1 0 182 1 0 182 1 0 182 1 3 178 0 0 184 2 0 182 3 6 179 11 0 149 0 4 146 0 1 144 0 0 150 5 2 148 1 2 148 1 
2 148 1 2 148 1 2 148 1 2 148 1 2 148 1 2 148 1 1 118 1 1 118 1 1 118 1 1 118 1 1 118 1 1 118 1 1 118 1 1 118 1 2 116 0 0 121 0 0 119 2 5 117 9 0 86 0 4 84 0 0 82 0 0 87 3 0 85 0 0 85 0 0 85 0 0 85 0 0 85 0 0 85 0 0 85 0 0 85 0 0 55 0 0 55 0 0 55 0 0 55 0 0 55 0 0 55 0 0 55 0 0 55 0 2 53 0 0 58 2 0 56 4 5 54 9 0 23 0 3 21 0 0 19 0 0 25 3 0 23 0 1 20 0 4 19 0 0 21 0 0 23 0 0 22 0 11 15 0 22 10 0 239 28 9 241 15 1 245 7 0 247 11 0 243 15 2 237 16 0 240 12 0 247 11 0 241 13 2 246 14 2 241 11 0 230 20 0 222 38 4 212 45 3 208 43 0 211 43 0 210 45 0 210 45 0 210 45 0 210 45 0 210 45 0 210 45 0 210 45 0 210 45 0 181 75 1 181 75 1 181 75 1 181 75 1 181 75 1 181 75 1 181 75 1 181 75 1 181 75 1 243 11 1 243 11 1 243 11 1 243 11 1 243 11 1 243 11 1 243 11 1 243 11 1 243 11 1 247 11 0 242 9 0 233 17 0 225 35 3 214 42 2 209 40 0 213 40 0 214 41 0 214 41 0 214 41 0 213 42 0 211 42 0 211 42 0 210 43 0 210 43 0 182 74 1 182 74 1 182 74 1 182 74 1 182 74 1 182 74 1 182 74 1 182 74 1 182 74 2 187 75 3 180 72 0 170 81 0 162 99 4 150 107 3 144 106 0 148 106 0 152 105 1 150 106 1 150 106 1 149 106 1 149 106 1 148 107 1 148 107 1 146 108 1 117 138 1 117 138 1 117 138 1 117 138 1 117 138 1 117 138 1 117 138 1 117 138 1 117 137 3 122 138 3 117 135 0 106 144 0 97 163 5 85 170 4 80 169 0 83 169 0 86 169 1 84 170 1 84 170 1 83 171 1 83 171 1 82 171 1 82 171 1 80 172 1 51 202 0 51 202 0 51 202 0 51 202 0 51 202 0 51 202 0 51 202 0 51 202 0 51 202 1 56 203 1 52 201 0 42 209 0 33 228 4 24 236 2 20 234 0 24 235 0 21 235 0 21 235 0 21 235 0 21 235 0 21 235 0 21 235 0 21 235 0 21 235 0 0 245 0 0 245 0 0 245 0 0 245 0 0 245 0 0 245 0 0 245 0 0 245 0 1 244 0 0 249 1 0 248 3 4 245 8 0 216 0 3 212 0 0 210 0 0 216 5 0 213 0 0 213 0 0 213 0 0 213 0 0 213 0 0 213 0 0 213 0 0 213 0 0 182 1 0 182 1 0 182 1 0 182 1 0 182 1 0 182 1 0 182 1 0 182 1 3 178 0 0 184 2 0 182 3 6 179 11 0 149 0 4 146 0 1 144 0 0 150 5 2 148 1 2 148 1 2 148 1 2 148 1 2 148 1 2 148 1 2 148 1 2 148 1 1 118 1 1 118 1 1 118 1 1 118 1 1 118 1 1 118 1 1 118 1 1 118 1 2 116 0 0 121 0 0 119 2 5 117 9 0 86 0 4 84 0 0 82 0 0 87 3 0 85 0 0 85 0 0 85 0 0 85 0 0 85 0 0 85 0 0 85 0 0 85 0 0 55 0 
0 55 0 0 55 0 0 55 0 0 55 0 0 55 0 0 55 0 0 55 0 2 53 0 0 58 2 0 56 4 5 54 9 0 23 0 3 21 0 0 19 0 0 25 3 0 23 0 1 20 0 4 19 0 0 21 0 0 23 0 0 22 0 11 15 0 22 10 0 239 28 9 241 15 1 245 7 0 247 11 0 243 15 2 237 16 0 240 12 0 247 11 0 241 13 2 246 14 2 241 11 0 230 20 0 222 38 4 212 45 3 208 43 0 211 43 0 210 45 0 210 45 0 210 45 0 210 45 0 210 45 0 210 45 0 210 45 0 210 45 0 181 75 1 181 75 1 181 75 1 181 75 1 181 75 1 181 75 1 181 75 1 181 75 1 181 75 1 247 11 0 247 11 0 247 11 0 247 11 0 247 11 0 247 11 0 247 11 0 247 11 0 245 11 2 250 12 2 245 9 0 234 18 0 226 36 4 216 43 3 212 41 0 216 41 0 214 43 0 214 43 0 214 43 0 214 43 0 214 43 0 214 43 0 214 43 0 214 43 0 185 73 1 185 73 1 185 73 1 185 73 1 185 73 1 185 73 1 185 73 1 185 73 1 184 73 2 188 74 3 182 72 0 171 80 0 162 99 4 150 107 3 144 106 0 148 106 0 152 105 1 152 105 1 150 106 1 150 106 1 149 106 1 148 107 1 148 107 1 148 107 1 120 138 2 120 138 2 120 138 2 120 138 2 120 138 2 120 138 2 120 138 2 120 138 2 120 138 4 125 139 4 118 136 0 107 145 0 98 164 6 87 172 6 82 170 0 87 170 0 87 170 0 87 170 0 85 171 0 85 171 0 84 172 0 83 173 0 83 173 0 83 173 0 52 203 0 52 203 0 52 203 0 52 203 0 52 203 0 52 203 0 52 203 0 52 203 0 50 203 1 55 204 1 50 202 0 40 210 0 32 228 4 23 237 2 18 235 0 23 235 0 22 234 0 22 234 0 22 234 0 22 234 0 22 234 0 22 234 0 22 234 0 22 234 0 0 245 0 0 245 0 0 245 0 0 245 0 0 245 0 0 245 0 0 245 0 0 245 0 3 243 0 2 248 1 0 248 3 7 244 8 0 215 0 6 210 0 1 209 0 1 215 5 0 213 1 0 213 1 0 213 1 0 213 1 0 213 1 0 213 1 0 213 1 0 213 1 2 181 1 2 181 1 2 181 1 2 181 1 2 181 1 2 181 1 2 181 1 2 181 1 4 179 0 1 185 3 0 184 5 7 180 12 0 150 0 5 147 0 2 145 1 0 152 7 0 146 0 0 146 0 0 146 0 0 146 0 0 146 0 0 146 0 0 146 0 0 146 0 1 118 1 1 118 1 1 118 1 1 118 1 1 118 1 1 118 1 1 118 1 1 118 1 4 114 0 1 120 4 0 118 5 7 116 11 0 85 0 5 83 0 2 81 0 0 86 5 0 84 0 0 84 0 0 84 0 0 84 0 0 84 0 0 84 0 0 84 0 0 84 0 0 56 1 0 56 1 0 56 1 0 56 1 0 56 1 0 56 1 0 56 1 0 56 1 2 53 0 0 58 2 0 56 4 5 54 9 0 23 0 3 21 0 0 19 0 0 25 3 0 21 0 0 19 0 3 17 0 0 19 0 0 22 0 0 20 0 10 14 0 21 8 0 238 29 9 238 17 1 242 8 0 245 11 0 242 16 2 236 16 0 237 14 0 244 12 0 
245 11 2 250 12 2 243 10 0 233 18 0 225 36 4 212 45 3 208 43 0 211 43 0 212 43 0 212 43 0 212 43 0 211 44 0 210 45 0 210 45 0 208 46 0 208 46 0 182 76 2 182 76 2 182 76 2 182 76 2 182 76 2 182 76 2 182 76 2 182 76 2 182 76 2 247 11 0 247 11 0 247 11 0 247 11 0 247 11 0 247 11 0 247 11 0 247 11 0 244 12 2 250 12 2 243 10 0 234 18 0 226 36 4 215 43 3 210 41 0 216 41 0 214 43 0 214 43 0 214 43 0 214 43 0 214 43 0 214 43 0 214 43 0 214 43 0 184 73 1 184 73 1 184 73 1 184 73 1 184 73 1 184 73 1 184 73 1 184 73 1 182 74 2 187 75 3 182 72 0 171 80 0 162 99 4 150 107 3 144 106 0 148 106 0 152 105 1 152 105 1 150 106 1 150 106 1 149 106 1 148 107 1 148 107 1 146 108 1 118 139 2 118 139 2 118 139 2 118 139 2 118 139 2 118 139 2 118 139 2 118 139 2 120 138 4 125 139 4 118 136 0 107 145 0 98 164 6 87 172 6 81 170 0 85 171 0 87 170 0 87 170 0 85 171 0 85 171 0 84 172 0 83 173 0 83 173 0 81 173 0 52 203 0 52 203 0 52 203 0 52 203 0 52 203 0 52 203 0 52 203 0 52 203 0 50 203 1 55 204 1 50 202 0 40 210 0 32 228 4 23 237 2 18 235 0 23 235 0 22 234 0 22 234 0 22 234 0 22 234 0 22 234 0 22 234 0 22 234 0 22 234 0 0 245 0 0 245 0 0 245 0 0 245 0 0 245 0 0 245 0 0 245 0 0 245 0 3 243 0 2 248 1 0 248 3 7 244 8 0 215 0 6 210 0 1 209 0 1 215 5 0 213 1 0 213 1 0 213 1 0 213 1 0 213 1 0 213 1 0 213 1 0 213 1 2 181 1 2 181 1 2 181 1 2 181 1 2 181 1 2 181 1 2 181 1 2 181 1 4 179 0 1 185 3 0 183 4 7 180 12 0 150 0 5 147 0 2 145 1 0 151 6 0 146 0 0 146 0 0 146 0 0 146 0 0 146 0 0 146 0 0 146 0 0 146 0 1 118 1 1 118 1 1 118 1 1 118 1 1 118 1 1 118 1 1 118 1 1 118 1 4 114 0 1 120 4 0 118 5 7 116 11 0 85 0 5 83 0 2 81 0 0 86 5 0 84 0 0 84 0 0 84 0 0 84 0 0 84 0 0 84 0 0 84 0 0 84 0 0 55 0 0 55 0 0 55 0 0 55 0 0 55 0 0 55 0 0 55 0 0 55 0 2 53 0 0 58 2 0 56 4 5 54 9 0 23 0 2 20 0 0 19 0 0 25 3 0 21 0 0 19 0 3 17 0 0 19 0 0 22 0 0 20 0 10 14 0 21 8 0 238 29 9 238 17 1 242 8 0 245 11 0 242 16 2 236 16 0 237 14 0 244 12 0 245 11 2 250 12 2 243 10 0 233 18 0 224 37 4 212 45 3 208 43 0 211 43 0 212 43 0 212 43 0 211 44 0 211 44 0 210 45 0 208 46 0 208 46 0 208 46 0 182 76 2 182 76 2 182 76 2 182 76 2 182 76 2 182 76 2 182 76 2 182 76 2 182 76 2 245 11 0 245 11 0 245 11 0 245 11 0 245 11 0 245 11 0 
245 11 0 245 11 0 244 12 2 249 13 2 243 10 0 234 18 0 225 36 4 215 43 3 210 41 0 214 41 0 212 43 0 212 43 0 212 43 0 212 43 0 212 43 0 212 43 0 212 43 0 212 43 0 184 73 1 184 73 1 184 73 1 184 73 1 184 73 1 184 73 1 184 73 1 184 73 1 182 74 2 187 75 3 180 72 0 170 81 0 160 100 4 149 108 3 144 106 0 148 106 0 150 106 1 150 106 1 150 106 1 149 106 1 148 107 1 148 107 1 146 108 1 146 108 1 118 139 2 118 139 2 118 139 2 118 139 2 118 139 2 118 139 2 118 139 2 118 139 2 118 138 4 123 139 4 116 137 0 106 146 0 98 164 6 86 173 6 81 170 0 85 171 0 85 171 0 85 171 0 85 171 0 84 172 0 83 173 0 83 173 0 81 173 0 81 173 0 52 203 0 52 203 0 52 203 0 52 203 0 52 203 0 52 203 0 52 203 0 52 203 0 50 203 1 55 204 1 50 202 0 40 210 0 32 228 4 23 237 2 18 235 0 23 235 0 21 235 0 21 235 0 21 235 0 21 235 0 21 235 0 21 235 0 21 235 0 21 235 0 0 245 0 0 245 0 0 245 0 0 245 0 0 245 0 0 245 0 0 245 0 0 245 0 3 243 0 2 248 1 0 248 3 7 244 8 0 215 0 6 210 0 1 209 0 1 215 5 0 213 1 0 213 1 0 213 1 0 213 1 0 213 1 0 213 1 0 213 1 0 213 1 1 180 0 1 180 0 1 180 0 1 180 0 1 180 0 1 180 0 1 180 0 1 180 0 4 179 0 1 185 3 0 183 4 7 180 12 0 150 0 4 146 0 2 145 1 0 151 6 0 146 0 0 146 0 0 146 0 0 146 0 0 146 0 0 146 0 0 146 0 0 146 0 0 117 0 0 117 0 0 117 0 0 117 0 0 117 0 0 117 0 0 117 0 0 117 0 4 114 0 1 120 4 0 118 5 7 116 11 0 85 0 5 83 0 2 81 0 0 86 5 0 84 0 0 84 0 0 84 0 0 84 0 0 84 0 0 84 0 0 84 0 0 84 0 0 55 0 0 55 0 0 55 0 0 55 0 0 55 0 0 55 0 0 55 0 0 55 0 1 52 0 0 57 2 0 56 4 5 52 8 0 23 0 4 19 0 0 18 0 0 24 3 0 21 0 0 19 0 3 17 0 0 19 0 0 22 0 0 20 0 10 14 0 21 8 0 238 29 9 238 17 1 242 8 0 245 11 0 242 16 2 236 16 0 237 14 0 244 12 0 244 12 2 249 13 2 243 10 0 233 18 0 224 37 4 212 45 3 206 44 0 210 43 0 212 43 0 211 44 0 211 44 0 210 45 0 210 45 0 208 46 0 207 46 0 207 46 0 180 77 2 180 77 2 180 77 2 180 77 2 180 77 2 180 77 2 180 77 2 180 77 2 180 77 2 245 11 0 245 11 0 245 11 0 245 11 0 245 11 0 245 11 0 245 11 0 245 11 0 243 12 2 247 13 2 242 10 0 233 18 0 225 36 4 213 44 3 209 42 0 213 42 0 212 43 0 212 43 0 212 43 0 212 43 0 212 43 0 212 43 0 212 43 0 212 43 0 182 74 1 182 74 1 182 74 1 182 74 1 182 74 1 182 74 1 182 74 1 182 74 1 181 74 2 186 75 3 180 72 0 170 81 0 160 100 4 
149 108 3 143 106 0 147 106 0 150 106 1 150 106 1 149 106 1 148 107 1 148 107 1 146 108 1 146 108 1 145 108 1 117 139 2 117 139 2 117 139 2 117 139 2 117 139 2 117 139 2 117 139 2 117 139 2 117 139 4 122 140 4 116 137 0 106 146 0 97 164 6 86 173 6 79 171 0 84 172 0 85 171 0 85 171 0 84 172 0 83 173 0 83 173 0 81 173 0 81 173 0 80 174 0 52 203 0 52 203 0 52 203 0 52 203 0 52 203 0 52 203 0 52 203 0 52 203 0 50 203 1 55 204 1 50 202 0 40 210 0 32 228 4 23 237 2 18 235 0 23 235 0 21 235 0 21 235 0 21 235 0 21 235 0 21 235 0 21 235 0 21 235 0 21 235 0 0 245 0 0 245 0 0 245 0 0 245 0 0 245 0 0 245 0 0 245 0 0 245 0 3 243 0 2 248 1 0 248 3 7 244 8 0 215 0 6 210 0 1 209 0 1 215 5 0 213 1 0 213 1 0 213 1 0 213 1 0 213 1 0 213 1 0 213 1 0 213 1 1 180 0 1 180 0 1 180 0 1 180 0 1 180 0 1 180 0 1 180 0 1 180 0 3 178 0 0 184 2 0 183 4 6 179 11 0 150 0 4 146 0 1 144 0 0 151 6 0 146 0 0 146 0 0 146 0 0 146 0 0 146 0 0 146 0 0 146 0 0 146 0 0 117 0 0 117 0 0 117 0 0 117 0 0 117 0 0 117 0 0 117 0 0 117 0 4 114 0 1 120 4 0 118 5 7 116 11 0 85 0 5 83 0 2 81 0 0 86 5 0 84 0 0 84 0 0 84 0 0 84 0 0 84 0 0 84 0 0 84 0 0 84 0 0 55 0 0 55 0 0 55 0 0 55 0 0 55 0 0 55 0 0 55 0 0 55 0 2 51 0 0 56 1 0 54 3 5 52 8 0 22 0 4 19 0 0 17 0 0 23 2 0 21 0 0 19 0 3 17 0 0 19 0 0 22 0 0 20 0 10 14 0 21 8 0 238 29 9 238 17 1 242 8 0 245 11 0 242 16 2 236 16 0 237 14 0 244 12 0 244 12 2 249 13 2 242 10 0 231 19 0 222 38 4 211 45 3 205 44 0 209 44 0 211 44 0 211 44 0 210 45 0 210 45 0 208 46 0 207 46 0 207 46 0 207 46 0 180 77 2 180 77 2 180 77 2 180 77 2 180 77 2 180 77 2 180 77 2 180 77 2 180 77 2 244 12 0 244 12 0 244 12 0 244 12 0 244 12 0 244 12 0 244 12 0 244 12 0 243 12 2 247 13 2 242 10 0 231 19 0 224 37 4 213 44 3 209 42 0 213 42 0 211 44 0 211 44 0 211 44 0 211 44 0 211 44 0 211 44 0 211 44 0 211 44 0 182 74 1 182 74 1 182 74 1 182 74 1 182 74 1 182 74 1 182 74 1 182 74 1 181 74 2 186 75 3 179 73 0 168 82 0 159 101 4 147 108 3 141 107 0 145 107 0 149 106 1 149 106 1 148 107 1 148 107 1 146 108 1 145 108 1 145 108 1 145 108 1 117 139 2 117 139 2 117 139 2 117 139 2 117 139 2 117 139 2 117 139 2 117 139 2 117 139 4 122 140 4 115 138 0 104 146 0 95 165 6 85 174 6 79 171 0 84 172 0 84 172 0 84 172 0 83 173 0 83 173 0 
81 173 0 80 174 0 80 174 0 80 174 0 52 203 0 52 203 0 52 203 0 52 203 0 52 203 0 52 203 0 52 203 0 52 203 0 50 203 1 55 204 1 50 202 0 40 210 0 32 228 4 23 237 2 18 235 0 23 235 0 19 235 0 19 235 0 19 235 0 19 235 0 19 235 0 19 235 0 19 235 0 19 235 0 0 245 0 0 245 0 0 245 0 0 245 0 0 245 0 0 245 0 0 245 0 0 245 0 3 243 0 2 248 1 0 248 3 7 244 8 0 215 0 6 210 0 1 209 0 1 215 5 0 213 1 0 213 1 0 213 1 0 213 1 0 213 1 0 213 1 0 213 1 0 213 1 0 179 0 0 179 0 0 179 0 0 179 0 0 179 0 0 179 0 0 179 0 0 179 0 3 178 0 0 184 2 0 182 3 6 179 11 0 149 0 4 146 0 1 144 0 0 150 5 0 146 0 0 146 0 0 146 0 0 146 0 0 146 0 0 146 0 0 146 0 0 146 0 0 116 0 0 116 0 0 116 0 0 116 0 0 116 0 0 116 0 0 116 0 0 116 0 4 114 0 1 120 4 0 118 5 7 116 11 0 85 0 5 83 0 2 81 0 0 86 5 0 84 0 0 84 0 0 84 0 0 84 0 0 84 0 0 84 0 0 84 0 0 84 0 0 53 0 0 53 0 0 53 0 0 53 0 0 53 0 0 53 0 0 53 0 0 53 0 2 49 0 1 56 1 0 54 3 5 50 7 0 21 0 4 18 0 1 16 0 0 22 2 0 21 0 0 19 0 3 17 0 0 19 0 0 22 0 0 20 0 10 14 0 21 8 0 238 29 9 238 17 1 242 8 0 245 11 0 242 16 2 236 16 0 237 14 0 244 12 0 243 12 2 247 13 2 241 11 0 230 20 0 221 38 4 209 46 3 205 44 0 209 44 0 210 45 0 210 45 0 210 45 0 208 46 0 207 46 0 207 46 0 205 47 0 205 47 0 179 77 2 179 77 2 179 77 2 179 77 2 179 77 2 179 77 2 179 77 2 179 77 2 179 77 2 244 12 0 244 12 0 244 12 0 244 12 0 244 12 0 244 12 0 244 12 0 244 12 0 241 13 2 246 14 2 241 11 0 231 19 0 222 38 4 212 45 3 208 43 0 211 43 0 211 44 0 211 44 0 211 44 0 211 44 0 211 44 0 211 44 0 211 44 0 211 44 0 181 75 1 181 75 1 181 75 1 181 75 1 181 75 1 181 75 1 181 75 1 181 75 1 179 75 2 184 76 3 177 74 0 167 83 0 157 101 4 146 109 3 141 107 0 145 107 0 149 106 1 148 107 1 148 107 1 146 108 1 145 108 1 145 108 1 143 109 1 143 109 1 116 140 2 116 140 2 116 140 2 116 140 2 116 140 2 116 140 2 116 140 2 116 140 2 116 140 4 120 141 4 115 138 0 103 147 0 95 165 6 85 174 6 78 172 0 83 173 0 84 172 0 83 173 0 83 173 0 81 173 0 80 174 0 80 174 0 78 175 0 78 175 0 52 203 0 52 203 0 52 203 0 52 203 0 52 203 0 52 203 0 52 203 0 52 203 0 50 203 1 55 204 1 50 202 0 40 210 0 32 228 4 23 237 2 18 235 0 23 235 0 18 236 0 18 236 0 18 236 0 18 236 0 18 236 0 18 236 0 18 236 0 18 236 0 0 245 0 0 245 0 0 245 0 
0 245 0 0 245 0 0 245 0 0 245 0 0 245 0 3 243 0 2 248 1 0 248 3 7 244 8 0 215 0 6 210 0 1 209 0 1 215 5 0 213 1 0 213 1 0 213 1 0 213 1 0 213 1 0 213 1 0 213 1 0 213 1 0 179 0 0 179 0 0 179 0 0 179 0 0 179 0 0 179 0 0 179 0 0 179 0 2 177 0 0 184 2 0 182 3 5 178 10 0 149 0 3 145 0 0 143 0 0 150 5 0 146 0 0 146 0 0 146 0 0 146 0 0 146 0 0 146 0 0 146 0 0 146 0 0 116 0 0 116 0 0 116 0 0 116 0 0 116 0 0 116 0 0 116 0 0 116 0 4 114 0 1 120 4 0 118 5 7 116 11 0 85 0 5 83 0 2 81 0 0 86 5 0 84 0 0 84 0 0 84 0 0 84 0 0 84 0 0 84 0 0 84 0 0 84 0 0 53 0 0 53 0 0 53 0 0 53 0 0 53 0 0 53 0 0 53 0 0 53 0 2 49 0 1 54 0 0 53 2 7 50 7 0 20 0 5 17 0 1 16 0 0 20 1 0 21 0 0 19 0 3 17 0 0 19 0 0 22 0 0 20 0 10 14 0 21 8 0 238 29 9 238 17 1 242 8 0 245 11 0 242 16 2 236 16 0 237 14 0 244 12 0 241 13 2 246 14 2 241 11 0 230 20 0 221 38 4 209 46 3 203 45 0 207 45 0 210 45 0 210 45 0 208 46 0 207 46 0 207 46 0 205 47 0 205 47 0 204 48 0 179 77 2 179 77 2 179 77 2 179 77 2 179 77 2 179 77 2 179 77 2 179 77 2 179 77 2 243 13 0 243 13 0 243 13 0 243 13 0 243 13 0 243 13 0 243 13 0 243 13 0 240 14 2 246 14 2 241 11 0 230 20 0 222 38 4 212 45 3 206 44 0 211 43 0 210 45 0 210 45 0 210 45 0 210 45 0 210 45 0 210 45 0 210 45 0 210 45 0 181 75 1 181 75 1 181 75 1 181 75 1 181 75 1 181 75 1 181 75 1 181 75 1 178 76 2 183 77 3 177 74 0 167 83 0 157 101 4 146 109 3 140 108 0 144 108 0 148 107 1 148 107 1 146 108 1 146 108 1 145 108 1 143 109 1 143 109 1 143 109 1 116 140 2 116 140 2 116 140 2 116 140 2 116 140 2 116 140 2 116 140 2 116 140 2 116 140 4 120 141 4 114 138 0 103 147 0 94 166 6 83 175 6 76 172 0 81 173 0 83 173 0 83 173 0 81 173 0 81 173 0 80 174 0 78 175 0 78 175 0 78 175 0 52 203 0 52 203 0 52 203 0 52 203 0 52 203 0 52 203 0 52 203 0 52 203 0 50 203 1 55 204 1 50 202 0 40 210 0 32 228 4 23 237 2 18 235 0 23 235 0 18 236 0 18 236 0 18 236 0 18 236 0 18 236 0 18 236 0 18 236 0 18 236 0 0 245 0 0 245 0 0 245 0 0 245 0 0 245 0 0 245 0 0 245 0 0 245 0 3 243 0 2 248 1 0 248 3 7 244 8 0 215 0 6 210 0 1 209 0 1 215 5 0 213 1 0 213 1 0 213 1 0 213 1 0 213 1 0 213 1 0 213 1 0 213 1 0 179 0 0 179 0 0 179 0 0 179 0 0 179 0 0 179 0 0 179 0 0 179 0 2 177 0 0 183 1 
0 181 2 5 178 10 0 148 0 3 145 0 0 143 0 0 149 4 0 146 0 0 146 0 0 146 0 0 146 0 0 146 0 0 146 0 0 146 0 0 146 0 0 115 0 0 115 0 0 115 0 0 115 0 0 115 0 0 115 0 0 115 0 0 115 0 4 114 0 1 120 4 0 118 5 7 116 11 0 85 0 5 83 0 2 81 0 0 86 5 0 84 0 0 84 0 0 84 0 0 84 0 0 84 0 0 84 0 0 84 0 0 84 0 1 51 0 1 51 0 1 51 0 1 51 0 1 51 0 1 51 0 1 51 0 1 51 0 4 48 0 1 54 0 0 52 2 7 50 7 0 19 0 4 16 0 2 15 0 0 20 1 0 21 0 0 19 0 3 17 0 0 19 0 0 22 0 0 20 0 10 14 0 21 8 0 238 29 9 238 17 1 242 8 0 245 11 0 242 16 2 236 16 0 237 14 0 244 12 0 241 13 2 246 14 2 239 12 0 229 20 0 219 39 4 208 47 3 203 45 0 207 45 0 208 46 0 208 46 0 208 46 0 207 46 0 205 47 0 205 47 0 204 48 0 204 48 0 178 78 2 178 78 2 178 78 2 178 78 2 178 78 2 178 78 2 178 78 2 178 78 2 178 78 2 243 13 0 243 13 0 243 13 0 243 13 0 243 13 0 243 13 0 243 13 0 243 13 0 240 14 2 245 15 2 239 12 0 230 20 0 222 38 4 211 45 3 206 44 0 210 43 0 210 45 0 210 45 0 210 45 0 210 45 0 210 45 0 210 45 0 210 45 0 210 45 0 179 76 1 179 76 1 179 76 1 179 76 1 179 76 1 179 76 1 179 76 1 179 76 1 178 76 2 183 77 3 177 74 0 165 83 0 157 101 4 146 109 3 140 108 0 144 108 0 148 107 1 148 107 1 146 108 1 145 108 1 145 108 1 143 109 1 143 109 1 142 110 1 114 141 2 114 141 2 114 141 2 114 141 2 114 141 2 114 141 2 114 141 2 114 141 2 114 140 4 119 141 4 114 138 0 103 147 0 94 166 6 83 175 6 76 172 0 81 173 0 83 173 0 83 173 0 81 173 0 80 174 0 80 174 0 78 175 0 78 175 0 77 175 0 52 203 0 52 203 0 52 203 0 52 203 0 52 203 0 52 203 0 52 203 0 52 203 0 50 203 1 55 204 1 50 202 0 40 210 0 32 228 4 23 237 2 18 235 0 23 235 0 18 236 0 18 236 0 18 236 0 18 236 0 18 236 0 18 236 0 18 236 0 18 236 0 0 245 0 0 245 0 0 245 0 0 245 0 0 245 0 0 245 0 0 245 0 0 245 0 3 243 0 2 248 1 0 248 3 7 244 8 0 215 0 6 210 0 1 209 0 1 215 5 0 213 1 0 213 1 0 213 1 0 213 1 0 213 1 0 213 1 0 213 1 0 213 1 0 178 0 0 178 0 0 178 0 0 178 0 0 178 0 0 178 0 0 178 0 0 178 0 2 177 0 0 183 1 0 181 2 5 178 10 0 148 0 3 145 0 0 143 0 0 149 4 0 146 0 0 146 0 0 146 0 0 146 0 0 146 0 0 146 0 0 146 0 0 146 0 0 115 0 0 115 0 0 115 0 0 115 0 0 115 0 0 115 0 0 115 0 0 115 0 4 114 0 1 120 4 0 118 5 7 116 11 0 85 0 5 83 0 2 81 0 0 86 5 0 84 0 
0 84 0 0 84 0 0 84 0 0 84 0 0 84 0 0 84 0 0 84 0 1 51 0 1 51 0 1 51 0 1 51 0 1 51 0 1 51 0 1 51 0 1 51 0 3 47 0 1 54 0 0 52 2 6 49 6 0 19 0 4 16 0 1 14 0 0 20 1 0 21 0 0 19 0 3 17 0 0 19 0 0 22 0 0 20 0 10 14 0 21 8 0 238 29 9 238 17 1 242 8 0 245 11 0 242 16 2 236 16 0 237 14 0 244 12 0 241 13 2 246 14 2 239 12 0 229 20 0 219 39 4 208 47 3 202 46 0 206 46 0 208 46 0 208 46 0 207 46 0 207 46 0 205 47 0 204 48 0 204 48 0 204 48 0 178 78 2 178 78 2 178 78 2 178 78 2 178 78 2 178 78 2 178 78 2 178 78 2 178 78 2 243 13 0 243 13 0 243 13 0 243 13 0 243 13 0 243 13 0 243 13 0 243 13 0 241 13 2 246 14 2 241 11 0 230 20 0 222 38 4 212 45 3 208 43 0 211 43 0 210 45 0 210 45 0 210 45 0 210 45 0 210 45 0 210 45 0 210 45 0 210 45 0 181 75 1 181 75 1 181 75 1 181 75 1 181 75 1 181 75 1 181 75 1 181 75 1 179 75 2 184 76 3 177 74 0 167 83 0 157 101 4 146 109 3 140 108 0 144 108 0 148 107 1 148 107 1 146 108 1 146 108 1 145 108 1 145 108 1 143 109 1 143 109 1 120 138 0 118 139 0 118 139 0 117 140 0 117 140 0 116 140 0 116 140 0 114 141 0 116 140 2 120 141 2 114 139 0 103 148 0 94 166 4 83 175 2 78 172 0 83 173 0 83 173 0 83 173 0 81 173 0 81 173 0 80 174 0 80 174 0 78 175 0 78 175 0 54 203 0 52 203 0 52 203 0 51 204 0 51 204 0 49 205 0 49 205 0 48 205 0 48 205 2 54 205 2 49 202 0 38 211 0 30 229 4 20 238 2 14 235 0 21 235 0 19 235 0 19 235 0 19 235 0 19 235 0 19 235 0 19 235 0 19 235 0 19 235 0 0 244 0 0 244 0 0 244 0 0 244 0 0 244 0 0 244 0 0 244 0 0 244 0 2 242 0 1 246 1 0 246 4 6 242 10 0 212 0 5 209 0 0 208 0 0 213 5 2 212 1 2 212 1 2 212 1 2 212 1 2 212 1 2 212 1 2 212 1 2 212 1 1 180 1 1 180 1 1 180 1 1 180 1 1 180 1 1 180 1 1 180 1 1 180 1 3 178 0 0 182 0 0 178 0 3 176 8 0 150 0 6 148 0 1 144 0 0 148 3 0 146 0 0 146 0 0 146 0 0 146 0 0 146 0 0 146 0 0 146 0 0 146 0 0 116 1 0 116 1 0 116 1 0 116 1 0 116 1 0 116 1 0 116 1 0 116 1 3 113 0 0 119 3 0 117 4 6 115 10 0 84 0 4 82 0 1 80 0 0 85 4 0 84 0 0 84 0 0 84 0 0 84 0 0 84 0 0 84 0 0 84 0 0 84 0 1 51 0 1 51 0 1 51 0 1 51 0 1 51 0 1 51 0 1 51 0 1 51 0 5 49 0 2 55 3 0 53 4 8 50 10 0 20 0 5 16 0 3 15 1 0 21 6 0 20 0 1 18 0 4 17 0 0 19 0 0 21 0 0 19 0 11 13 0 22 7 0 
238 29 9 238 17 1 242 8 0 245 11 0 242 16 2 236 16 0 237 14 0 244 12 0 241 13 2 246 14 2 239 12 0 229 20 0 221 38 4 209 46 3 203 45 0 207 45 0 208 46 0 208 46 0 208 46 0 207 46 0 205 47 0 205 47 0 204 48 0 204 48 0 180 77 0 180 77 0 179 78 0 179 78 0 178 78 0 176 79 0 176 79 0 176 79 0 178 78 0 243 13 0 243 13 0 243 13 0 243 13 0 243 13 0 243 13 0 243 13 0 243 13 0 241 13 2 246 14 2 241 11 0 230 20 0 222 38 4 212 45 3 208 43 0 211 43 0 210 45 0 210 45 0 210 45 0 210 45 0 210 45 0 210 45 0 210 45 0 210 45 0 181 75 1 181 75 1 181 75 1 181 75 1 181 75 1 181 75 1 181 75 1 181 75 1 179 75 2 184 76 3 177 74 0 167 83 0 157 101 4 146 109 3 140 108 0 144 108 0 148 107 1 148 107 1 146 108 1 146 108 1 145 108 1 145 108 1 143 109 1 143 109 1 120 138 0 118 139 0 118 139 0 117 140 0 117 140 0 116 140 0 116 140 0 114 141 0 116 140 2 120 141 2 114 139 0 103 148 0 94 166 4 83 175 2 78 172 0 83 173 0 83 173 0 83 173 0 81 173 0 81 173 0 80 174 0 80 174 0 78 175 0 78 175 0 54 203 0 52 203 0 52 203 0 51 204 0 51 204 0 49 205 0 49 205 0 48 205 0 48 205 2 54 205 2 49 202 0 38 211 0 30 229 4 20 238 2 14 235 0 21 235 0 19 235 0 19 235 0 19 235 0 19 235 0 19 235 0 19 235 0 19 235 0 19 235 0 0 244 0 0 244 0 0 244 0 0 244 0 0 244 0 0 244 0 0 244 0 0 244 0 2 242 0 1 246 1 0 246 4 6 242 10 0 212 0 5 209 0 0 208 0 0 213 5 2 212 1 2 212 1 2 212 1 2 212 1 2 212 1 2 212 1 2 212 1 2 212 1 1 180 1 1 180 1 1 180 1 1 180 1 1 180 1 1 180 1 1 180 1 1 180 1 3 178 0 0 182 0 0 178 0 3 176 8 0 150 0 6 148 0 1 144 0 0 148 3 0 146 0 0 146 0 0 146 0 0 146 0 0 146 0 0 146 0 0 146 0 0 146 0 0 116 1 0 116 1 0 116 1 0 116 1 0 116 1 0 116 1 0 116 1 0 116 1 3 113 0 0 119 3 0 117 4 6 115 10 0 84 0 4 82 0 1 80 0 0 85 4 0 84 0 0 84 0 0 84 0 0 84 0 0 84 0 0 84 0 0 84 0 0 84 0 1 51 0 1 51 0 1 51 0 1 51 0 1 51 0 1 51 0 1 51 0 1 51 0 5 49 0 2 55 3 0 53 4 8 50 10 0 20 0 5 16 0 3 15 1 0 21 6 0 20 0 1 18 0 4 17 0 0 19 0 0 21 0 0 19 0 11 13 0 22 7 0 238 29 9 238 17 1 242 8 0 245 11 0 242 16 2 236 16 0 237 14 0 244 12 0 241 13 2 246 14 2 239 12 0 229 20 0 221 38 4 209 46 3 203 45 0 207 45 0 208 46 0 208 46 0 208 46 0 207 46 0 205 47 0 205 47 0 204 48 0 204 48 0 180 77 0 180 77 0 179 78 0 179 78 0 178 78 0 176 79 0 176 79 0 
176 79 0 178 78 0 243 13 0 243 13 0 243 13 0 243 13 0 243 13 0 243 13 0 243 13 0 243 13 0 241 13 2 246 14 2 241 11 0 230 20 0 222 38 4 212 45 3 208 43 0 211 43 0 210 45 0 210 45 0 210 45 0 210 45 0 210 45 0 210 45 0 210 45 0 210 45 0 181 75 1 181 75 1 181 75 1 181 75 1 181 75 1 181 75 1 181 75 1 181 75 1 179 75 2 184 76 3 177 74 0 167 83 0 157 101 4 146 109 3 140 108 0 144 108 0 148 107 1 148 107 1 146 108 1 146 108 1 145 108 1 145 108 1 143 109 1 143 109 1 120 138 0 118 139 0 118 139 0 117 140 0 117 140 0 116 140 0 116 140 0 114 141 0 116 140 2 120 141 2 114 139 0 103 148 0 94 166 4 83 175 2 78 172 0 83 173 0 83 173 0 83 173 0 81 173 0 81 173 0 80 174 0 80 174 0 78 175 0 78 175 0 54 203 0 52 203 0 52 203 0 51 204 0 51 204 0 49 205 0 49 205 0 48 205 0 48 205 2 54 205 2 49 202 0 38 211 0 30 229 4 20 238 2 14 235 0 21 235 0 19 235 0 19 235 0 19 235 0 19 235 0 19 235 0 19 235 0 19 235 0 19 235 0 0 244 0 0 244 0 0 244 0 0 244 0 0 244 0 0 244 0 0 244 0 0 244 0 2 242 0 1 246 1 0 246 4 6 242 10 0 212 0 5 209 0 0 208 0 0 213 5 2 212 1 2 212 1 2 212 1 2 212 1 2 212 1 2 212 1 2 212 1 2 212 1 1 180 1 1 180 1 1 180 1 1 180 1 1 180 1 1 180 1 1 180 1 1 180 1 3 178 0 0 182 0 0 178 0 3 176 8 0 150 0 6 148 0 1 144 0 0 148 3 0 146 0 0 146 0 0 146 0 0 146 0 0 146 0 0 146 0 0 146 0 0 146 0 0 116 1 0 116 1 0 116 1 0 116 1 0 116 1 0 116 1 0 116 1 0 116 1 3 113 0 0 119 3 0 117 4 6 115 10 0 84 0 4 82 0 1 80 0 0 85 4 0 84 0 0 84 0 0 84 0 0 84 0 0 84 0 0 84 0 0 84 0 0 84 0 1 51 0 1 51 0 1 51 0 1 51 0 1 51 0 1 51 0 1 51 0 1 51 0 5 49 0 2 55 3 0 53 4 8 50 10 0 20 0 5 16 0 3 15 1 0 21 6 0 20 0 1 18 0 4 17 0 0 19 0 0 21 0 0 19 0 11 13 0 22 7 0 238 29 9 238 17 1 242 8 0 245 11 0 242 16 2 236 16 0 237 14 0 244 12 0 241 13 2 246 14 2 239 12 0 229 20 0 221 38 4 209 46 3 203 45 0 207 45 0 208 46 0 208 46 0 208 46 0 207 46 0 205 47 0 205 47 0 204 48 0 204 48 0 180 77 0 180 77 0 179 78 0 179 78 0 178 78 0 176 79 0 176 79 0 176 79 0 178 78 0 243 13 0 243 13 0 243 13 0 243 13 0 243 13 0 243 13 0 243 13 0 243 13 0 241 13 2 246 14 2 241 11 0 230 20 0 222 38 4 212 45 3 208 43 0 211 43 0 210 45 0 210 45 0 210 45 0 210 45 0 210 45 0 210 45 0 210 45 0 210 45 0 181 75 1 181 75 1 181 75 1 181 75 1 181 75 1 
181 75 1 181 75 1 181 75 1 179 75 2 184 76 3 177 74 0 167 83 0 157 101 4 146 109 3 140 108 0 144 108 0 148 107 1 148 107 1 146 108 1 146 108 1 145 108 1 145 108 1 143 109 1 143 109 1 120 138 0 118 139 0 118 139 0 117 140 0 117 140 0 116 140 0 116 140 0 114 141 0 116 140 2 120 141 2 114 139 0 103 148 0 94 166 4 83 175 2 78 172 0 83 173 0 83 173 0 83 173 0 81 173 0 81 173 0 80 174 0 80 174 0 78 175 0 78 175 0 54 203 0 52 203 0 52 203 0 51 204 0 51 204 0 49 205 0 49 205 0 48 205 0 48 205 2 54 205 2 49 202 0 38 211 0 30 229 4 20 238 2 14 235 0 21 235 0 19 235 0 19 235 0 19 235 0 19 235 0 19 235 0 19 235 0 19 235 0 19 235 0 0 244 0 0 244 0 0 244 0 0 244 0 0 244 0 0 244 0 0 244 0 0 244 0 2 242 0 1 246 1 0 246 4 6 242 10 0 212 0 5 209 0 0 208 0 0 213 5 2 212 1 2 212 1 2 212 1 2 212 1 2 212 1 2 212 1 2 212 1 2 212 1 1 180 1 1 180 1 1 180 1 1 180 1 1 180 1 1 180 1 1 180 1 1 180 1 3 178 0 0 182 0 0 178 0 3 176 8 0 150 0 6 148 0 1 144 0 0 148 3 0 146 0 0 146 0 0 146 0 0 146 0 0 146 0 0 146 0 0 146 0 0 146 0 0 116 1 0 116 1 0 116 1 0 116 1 0 116 1 0 116 1 0 116 1 0 116 1 3 113 0 0 119 3 0 117 4 6 115 10 0 84 0 4 82 0 1 80 0 0 85 4 0 84 0 0 84 0 0 84 0 0 84 0 0 84 0 0 84 0 0 84 0 0 84 0 1 51 0 1 51 0 1 51 0 1 51 0 1 51 0 1 51 0 1 51 0 1 51 0 5 49 0 2 55 3 0 53 4 8 50 10 0 20 0 5 16 0 3 15 1 0 21 6 0 20 0 1 18 0 4 17 0 0 19 0 0 21 0 0 19 0 11 13 0 22 7 0 238 29 9 238 17 1 242 8 0 245 11 0 242 16 2 236 16 0 237 14 0 244 12 0 241 13 2 246 14 2 239 12 0 229 20 0 221 38 4 209 46 3 203 45 0 207 45 0 208 46 0 208 46 0 208 46 0 207 46 0 205 47 0 205 47 0 204 48 0 204 48 0 180 77 0 180 77 0 179 78 0 179 78 0 178 78 0 176 79 0 176 79 0 176 79 0 178 78 0 243 13 0 243 13 0 243 13 0 243 13 0 243 13 0 243 13 0 243 13 0 243 13 0 241 13 2 246 14 2 241 11 0 230 20 0 222 38 4 212 45 3 208 43 0 211 43 0 210 45 0 210 45 0 210 45 0 210 45 0 210 45 0 210 45 0 210 45 0 210 45 0 181 75 1 181 75 1 181 75 1 181 75 1 181 75 1 181 75 1 181 75 1 181 75 1 179 75 2 184 76 3 177 74 0 167 83 0 157 101 4 146 109 3 140 108 0 144 108 0 148 107 1 148 107 1 146 108 1 146 108 1 145 108 1 145 108 1 143 109 1 143 109 1 120 138 0 118 139 0 118 139 0 117 140 0 117 140 0 116 140 0 116 140 0 114 141 0 116 140 2 120 141 2 114 139 0 103 148 0 
94 166 4 83 175 2 78 172 0 83 173 0 83 173 0 83 173 0 81 173 0 81 173 0 80 174 0 80 174 0 78 175 0 78 175 0 54 203 0 52 203 0 52 203 0 51 204 0 51 204 0 49 205 0 49 205 0 48 205 0 48 205 2 54 205 2 49 202 0 38 211 0 30 229 4 20 238 2 14 235 0 21 235 0 19 235 0 19 235 0 19 235 0 19 235 0 19 235 0 19 235 0 19 235 0 19 235 0 0 244 0 0 244 0 0 244 0 0 244 0 0 244 0 0 244 0 0 244 0 0 244 0 2 242 0 1 246 1 0 246 4 6 242 10 0 212 0 5 209 0 0 208 0 0 213 5 2 212 1 2 212 1 2 212 1 2 212 1 2 212 1 2 212 1 2 212 1 2 212 1 1 180 1 1 180 1 1 180 1 1 180 1 1 180 1 1 180 1 1 180 1 1 180 1 3 178 0 0 182 0 0 178 0 3 176 8 0 150 0 6 148 0 1 144 0 0 148 3 0 146 0 0 146 0 0 146 0 0 146 0 0 146 0 0 146 0 0 146 0 0 146 0 0 116 1 0 116 1 0 116 1 0 116 1 0 116 1 0 116 1 0 116 1 0 116 1 3 113 0 0 119 3 0 117 4 6 115 10 0 84 0 4 82 0 1 80 0 0 85 4 0 84 0 0 84 0 0 84 0 0 84 0 0 84 0 0 84 0 0 84 0 0 84 0 1 51 0 1 51 0 1 51 0 1 51 0 1 51 0 1 51 0 1 51 0 1 51 0 5 49 0 2 55 3 0 53 4 8 50 10 0 20 0 5 16 0 3 15 1 0 21 6 0 20 0 1 18 0 4 17 0 0 19 0 0 21 0 0 19 0 11 13 0 22 7 0 238 29 9 238 17 1 242 8 0 245 11 0 242 16 2 236 16 0 237 14 0 244 12 0 241 13 2 246 14 2 239 12 0 229 20 0 221 38 4 209 46 3 203 45 0 207 45 0 208 46 0 208 46 0 208 46 0 207 46 0 205 47 0 205 47 0 204 48 0 204 48 0 180 77 0 180 77 0 179 78 0 179 78 0 178 78 0 176 79 0 176 79 0 176 79 0 178 78 0 243 13 0 243 13 0 243 13 0 243 13 0 243 13 0 243 13 0 243 13 0 243 13 0 241 13 2 246 14 2 241 11 0 230 20 0 222 38 4 212 45 3 208 43 0 211 43 0 210 45 0 210 45 0 210 45 0 210 45 0 210 45 0 210 45 0 210 45 0 210 45 0 181 75 1 181 75 1 181 75 1 181 75 1 181 75 1 181 75 1 181 75 1 181 75 1 179 75 2 184 76 3 177 74 0 167 83 0 157 101 4 146 109 3 140 108 0 144 108 0 148 107 1 148 107 1 146 108 1 146 108 1 145 108 1 145 108 1 143 109 1 143 109 1 120 138 0 118 139 0 118 139 0 117 140 0 117 140 0 116 140 0 116 140 0 114 141 0 116 140 2 120 141 2 114 139 0 103 148 0 94 166 4 83 175 2 78 172 0 83 173 0 83 173 0 83 173 0 81 173 0 81 173 0 80 174 0 80 174 0 78 175 0 78 175 0 54 203 0 52 203 0 52 203 0 51 204 0 51 204 0 49 205 0 49 205 0 48 205 0 48 205 2 54 205 2 49 202 0 38 211 0 30 229 4 20 238 2 14 235 0 21 235 0 19 235 0 19 235 0 19 235 0 
19 235 0 19 235 0 19 235 0 19 235 0 19 235 0 0 244 0 0 244 0 0 244 0 0 244 0 0 244 0 0 244 0 0 244 0 0 244 0 2 242 0 1 246 1 0 246 4 6 242 10 0 212 0 5 209 0 0 208 0 0 213 5 2 212 1 2 212 1 2 212 1 2 212 1 2 212 1 2 212 1 2 212 1 2 212 1 1 180 1 1 180 1 1 180 1 1 180 1 1 180 1 1 180 1 1 180 1 1 180 1 3 178 0 0 182 0 0 178 0 3 176 8 0 150 0 6 148 0 1 144 0 0 148 3 0 146 0 0 146 0 0 146 0 0 146 0 0 146 0 0 146 0 0 146 0 0 146 0 0 116 1 0 116 1 0 116 1 0 116 1 0 116 1 0 116 1 0 116 1 0 116 1 3 113 0 0 119 3 0 117 4 6 115 10 0 84 0 4 82 0 1 80 0 0 85 4 0 84 0 0 84 0 0 84 0 0 84 0 0 84 0 0 84 0 0 84 0 0 84 0 1 51 0 1 51 0 1 51 0 1 51 0 1 51 0 1 51 0 1 51 0 1 51 0 5 49 0 2 55 3 0 53 4 8 50 10 0 20 0 5 16 0 3 15 1 0 21 6 0 20 0 1 18 0 4 17 0 0 19 0 0 21 0 0 19 0 11 13 0 22 7 0 238 29 9 238 17 1 242 8 0 245 11 0 242 16 2 236 16 0 237 14 0 244 12 0 241 13 2 246 14 2 239 12 0 229 20 0 221 38 4 209 46 3 203 45 0 207 45 0 208 46 0 208 46 0 208 46 0 207 46 0 205 47 0 205 47 0 204 48 0 204 48 0 180 77 0 180 77 0 179 78 0 179 78 0 178 78 0 176 79 0 176 79 0 176 79 0 178 78 0 243 13 0 243 13 0 243 13 0 243 13 0 243 13 0 243 13 0 243 13 0 243 13 0 241 13 2 246 14 2 241 11 0 230 20 0 222 38 4 212 45 3 208 43 0 211 43 0 210 45 0 210 45 0 210 45 0 210 45 0 210 45 0 210 45 0 210 45 0 210 45 0 181 75 1 181 75 1 181 75 1 181 75 1 181 75 1 181 75 1 181 75 1 181 75 1 179 75 2 184 76 3 177 74 0 167 83 0 157 101 4 146 109 3 140 108 0 144 108 0 148 107 1 148 107 1 146 108 1 146 108 1 145 108 1 145 108 1 143 109 1 143 109 1 120 138 0 118 139 0 118 139 0 117 140 0 117 140 0 116 140 0 116 140 0 114 141 0 116 140 2 120 141 2 114 139 0 103 148 0 94 166 4 83 175 2 78 172 0 83 173 0 83 173 0 83 173 0 81 173 0 81 173 0 80 174 0 80 174 0 78 175 0 78 175 0 54 203 0 52 203 0 52 203 0 51 204 0 51 204 0 49 205 0 49 205 0 48 205 0 48 205 2 54 205 2 49 202 0 38 211 0 30 229 4 20 238 2 14 235 0 21 235 0 19 235 0 19 235 0 19 235 0 19 235 0 19 235 0 19 235 0 19 235 0 19 235 0 0 244 0 0 244 0 0 244 0 0 244 0 0 244 0 0 244 0 0 244 0 0 244 0 2 242 0 1 246 1 0 246 4 6 242 10 0 212 0 5 209 0 0 208 0 0 213 5 2 212 1 2 212 1 2 212 1 2 212 1 2 212 1 2 212 1 2 212 1 2 212 1 1 180 1 1 180 1 
1 180 1 1 180 1 1 180 1 1 180 1 1 180 1 1 180 1 3 178 0 0 182 0 0 178 0 3 176 8 0 150 0 6 148 0 1 144 0 0 148 3 0 146 0 0 146 0 0 146 0 0 146 0 0 146 0 0 146 0 0 146 0 0 146 0 0 116 1 0 116 1 0 116 1 0 116 1 0 116 1 0 116 1 0 116 1 0 116 1 3 113 0 0 119 3 0 117 4 6 115 10 0 84 0 4 82 0 1 80 0 0 85 4 0 84 0 0 84 0 0 84 0 0 84 0 0 84 0 0 84 0 0 84 0 0 84 0 1 51 0 1 51 0 1 51 0 1 51 0 1 51 0 1 51 0 1 51 0 1 51 0 5 49 0 2 55 3 0 53 4 8 50 10 0 20 0 5 16 0 3 15 1 0 21 6 0 20 0 1 18 0 4 17 0 0 19 0 0 21 0 0 19 0 11 13 0 22 7 0 238 29 9 238 17 1 242 8 0 245 11 0 242 16 2 236 16 0 237 14 0 244 12 0 241 13 2 246 14 2 239 12 0 229 20 0 221 38 4 209 46 3 203 45 0 207 45 0 208 46 0 208 46 0 208 46 0 207 46 0 205 47 0 205 47 0 204 48 0 204 48 0 180 77 0 180 77 0 179 78 0 179 78 0 178 78 0 176 79 0 176 79 0 176 79 0 178 78 0 243 13 0 243 13 0 243 13 0 243 13 0 243 13 0 243 13 0 243 13 0 243 13 0 241 13 2 246 14 2 241 11 0 230 20 0 222 38 4 212 45 3 208 43 0 211 43 0 210 45 0 210 45 0 210 45 0 210 45 0 210 45 0 210 45 0 210 45 0 210 45 0 181 75 1 181 75 1 181 75 1 181 75 1 181 75 1 181 75 1 181 75 1 181 75 1 179 75 2 184 76 3 177 74 0 167 83 0 157 101 4 146 109 3 140 108 0 144 108 0 148 107 1 148 107 1 146 108 1 146 108 1 145 108 1 145 108 1 143 109 1 143 109 1 120 138 0 118 139 0 118 139 0 117 140 0 117 140 0 116 140 0 116 140 0 114 141 0 116 140 2 120 141 2 114 139 0 103 148 0 94 166 4 83 175 2 78 172 0 83 173 0 83 173 0 83 173 0 81 173 0 81 173 0 80 174 0 80 174 0 78 175 0 78 175 0 54 203 0 52 203 0 52 203 0 51 204 0 51 204 0 49 205 0 49 205 0 48 205 0 48 205 2 54 205 2 49 202 0 38 211 0 30 229 4 20 238 2 14 235 0 21 235 0 19 235 0 19 235 0 19 235 0 19 235 0 19 235 0 19 235 0 19 235 0 19 235 0 0 244 0 0 244 0 0 244 0 0 244 0 0 244 0 0 244 0 0 244 0 0 244 0 2 242 0 1 246 1 0 246 4 6 242 10 0 212 0 5 209 0 0 208 0 0 213 5 2 212 1 2 212 1 2 212 1 2 212 1 2 212 1 2 212 1 2 212 1 2 212 1 1 180 1 1 180 1 1 180 1 1 180 1 1 180 1 1 180 1 1 180 1 1 180 1 3 178 0 0 182 0 0 178 0 3 176 8 0 150 0 6 148 0 1 144 0 0 148 3 0 146 0 0 146 0 0 146 0 0 146 0 0 146 0 0 146 0 0 146 0 0 146 0 0 116 1 0 116 1 0 116 1 0 116 1 0 116 1 0 116 1 0 116 1 0 116 1 3 113 0 
0 119 3 0 117 4 6 115 10 0 84 0 4 82 0 1 80 0 0 85 4 0 84 0 0 84 0 0 84 0 0 84 0 0 84 0 0 84 0 0 84 0 0 84 0 1 51 0 1 51 0 1 51 0 1 51 0 1 51 0 1 51 0 1 51 0 1 51 0 5 49 0 2 55 3 0 53 4 8 50 10 0 20 0 5 16 0 3 15 1 0 21 6 0 20 0 1 18 0 4 17 0 0 19 0 0 21 0 0 19 0 11 13 0 22 7 0 238 29 9 238 17 1 242 8 0 245 11 0 242 16 2 236 16 0 237 14 0 244 12 0 241 13 2 246 14 2 239 12 0 229 20 0 221 38 4 209 46 3 203 45 0 207 45 0 208 46 0 208 46 0 208 46 0 207 46 0 205 47 0 205 47 0 204 48 0 204 48 0 180 77 0 180 77 0 179 78 0 179 78 0 178 78 0 176 79 0 176 79 0 176 79 0 178 78 0 241 13 0 241 13 0 241 13 0 241 13 0 241 13 0 241 13 0 241 13 0 241 13 0 241 13 2 246 14 2 239 12 0 229 20 0 221 38 4 209 46 3 203 45 0 207 45 0 211 44 0 210 45 0 210 45 0 208 46 0 208 46 0 207 46 0 207 46 0 205 47 0 180 77 0 180 77 0 179 78 0 179 78 0 178 78 0 176 79 0 176 79 0 176 79 0 178 78 2 182 79 2 177 76 0 166 85 0 157 103 3 146 112 2 140 110 0 144 111 0 146 110 0 144 110 0 144 110 0 143 111 0 143 111 0 142 112 0 142 112 0 140 113 0 116 140 0 116 140 0 114 141 0 114 141 0 113 142 0 113 142 0 111 143 0 111 143 0 111 142 2 116 143 2 111 140 0 102 148 0 92 167 4 83 175 2 78 172 0 83 173 0 83 173 0 83 173 0 81 173 0 81 173 0 80 174 0 80 174 0 78 175 0 78 175 0 52 206 0 52 206 0 52 206 0 50 206 0 49 207 0 49 207 0 48 208 0 48 208 0 48 207 0 52 208 2 47 205 0 38 213 0 30 231 1 19 240 2 14 237 0 19 238 0 17 239 0 17 239 0 17 239 0 17 239 0 17 239 0 17 239 0 17 239 0 17 239 0 0 240 0 0 240 0 0 240 0 0 240 0 0 240 0 0 240 0 0 240 0 0 240 0 5 240 0 0 244 0 0 240 0 5 238 7 0 212 0 8 210 0 3 206 0 0 210 3 1 211 2 1 211 2 1 211 2 1 211 2 1 211 2 1 211 2 1 211 2 1 211 2 0 177 0 0 177 0 0 177 0 0 177 0 0 177 0 0 177 0 0 177 0 0 177 0 3 176 0 0 180 0 0 176 0 3 174 7 0 148 0 7 147 0 1 143 0 0 146 2 0 145 0 0 145 0 0 145 0 0 145 0 0 145 0 0 145 0 0 145 0 0 145 0 0 113 0 0 113 0 0 113 0 0 113 0 0 113 0 0 113 0 0 113 0 0 113 0 4 112 0 0 114 1 0 112 2 5 110 9 0 84 0 9 82 3 2 78 3 0 81 5 0 82 0 0 82 0 0 82 0 0 82 0 0 82 0 0 82 0 0 82 0 0 82 0 0 50 1 0 50 1 0 50 1 0 50 1 0 50 1 0 50 1 0 50 1 0 50 1 2 46 0 0 53 1 0 51 2 6 48 8 0 19 0 5 16 0 2 14 0 0 21 6 
0 18 0 3 16 0 4 15 0 0 17 0 0 20 0 0 18 0 9 13 0 20 7 0 234 31 14 236 19 4 241 10 0 244 14 1 239 19 3 232 20 0 236 17 0 242 15 0 237 17 1 241 18 1 236 15 0 227 23 0 218 42 3 208 50 2 203 47 0 208 48 0 208 48 0 208 48 0 206 48 0 206 48 0 205 49 0 205 49 0 204 50 0 204 50 0 179 78 0 178 78 0 178 78 0 176 79 0 176 79 0 175 80 0 175 80 0 173 80 0 175 80 0 241 13 0 241 13 0 241 13 0 241 13 0 241 13 0 241 13 0 241 13 0 241 13 0 241 13 2 246 14 2 239 12 0 229 20 0 221 38 4 209 46 3 203 45 0 207 45 0 211 44 0 210 45 0 210 45 0 208 46 0 208 46 0 207 46 0 207 46 0 205 47 0 180 77 0 180 77 0 179 78 0 179 78 0 178 78 0 176 79 0 176 79 0 176 79 0 178 78 2 182 79 2 177 76 0 166 85 0 157 103 3 146 112 2 140 110 0 144 111 0 146 110 0 144 110 0 144 110 0 143 111 0 143 111 0 142 112 0 142 112 0 140 113 0 116 140 0 116 140 0 114 141 0 114 141 0 113 142 0 113 142 0 111 143 0 111 143 0 111 142 2 116 143 2 111 140 0 102 148 0 92 167 4 83 175 2 78 172 0 83 173 0 83 173 0 83 173 0 81 173 0 81 173 0 80 174 0 80 174 0 78 175 0 78 175 0 52 206 0 52 206 0 52 206 0 50 206 0 49 207 0 49 207 0 48 208 0 48 208 0 48 207 0 52 208 2 47 205 0 38 213 0 30 231 1 19 240 2 14 237 0 19 238 0 17 239 0 17 239 0 17 239 0 17 239 0 17 239 0 17 239 0 17 239 0 17 239 0 0 240 0 0 240 0 0 240 0 0 240 0 0 240 0 0 240 0 0 240 0 0 240 0 5 240 0 0 244 0 0 240 0 5 238 7 0 212 0 8 210 0 3 206 0 0 210 3 1 211 2 1 211 2 1 211 2 1 211 2 1 211 2 1 211 2 1 211 2 1 211 2 0 177 0 0 177 0 0 177 0 0 177 0 0 177 0 0 177 0 0 177 0 0 177 0 3 176 0 0 180 0 0 176 0 3 174 7 0 148 0 7 147 0 1 143 0 0 146 2 0 145 0 0 145 0 0 145 0 0 145 0 0 145 0 0 145 0 0 145 0 0 145 0 0 113 0 0 113 0 0 113 0 0 113 0 0 113 0 0 113 0 0 113 0 0 113 0 4 112 0 0 114 1 0 112 2 5 110 9 0 84 0 9 82 3 2 78 3 0 81 5 0 82 0 0 82 0 0 82 0 0 82 0 0 82 0 0 82 0 0 82 0 0 82 0 0 50 1 0 50 1 0 50 1 0 50 1 0 50 1 0 50 1 0 50 1 0 50 1 2 46 0 0 53 1 0 51 2 6 48 8 0 19 0 5 16 0 2 14 0 0 21 6 0 18 0 3 16 0 4 15 0 0 17 0 0 20 0 0 18 0 9 13 0 20 7 0 234 31 14 236 19 4 241 10 0 244 14 1 239 19 3 232 20 0 236 17 0 242 15 0 237 17 1 241 18 1 236 15 0 227 23 0 218 42 3 208 50 2 203 47 0 208 48 0 208 48 0 208 48 0 206 48 0 206 48 0 205 49 0 205 49 0 204 50 0 
204 50 0 179 78 0 178 78 0 178 78 0 176 79 0 176 79 0 175 80 0 175 80 0 173 80 0 175 80 0 241 13 0 241 13 0 241 13 0 241 13 0 241 13 0 241 13 0 241 13 0 241 13 0 241 13 2 246 14 2 239 12 0 229 20 0 221 38 4 209 46 3 203 45 0 207 45 0 211 44 0 210 45 0 210 45 0 208 46 0 208 46 0 207 46 0 207 46 0 205 47 0 180 77 0 180 77 0 179 78 0 179 78 0 178 78 0 176 79 0 176 79 0 176 79 0 178 78 2 182 79 2 177 76 0 166 85 0 157 103 3 146 112 2 140 110 0 144 111 0 146 110 0 144 110 0 144 110 0 143 111 0 143 111 0 142 112 0 142 112 0 140 113 0 116 140 0 116 140 0 114 141 0 114 141 0 113 142 0 113 142 0 111 143 0 111 143 0 111 142 2 116 143 2 111 140 0 102 148 0 92 167 4 83 175 2 78 172 0 83 173 0 83 173 0 83 173 0 81 173 0 81 173 0 80 174 0 80 174 0 78 175 0 78 175 0 52 206 0 52 206 0 52 206 0 50 206 0 49 207 0 49 207 0 48 208 0 48 208 0 48 207 0 52 208 2 47 205 0 38 213 0 30 231 1 19 240 2 14 237 0 19 238 0 17 239 0 17 239 0 17 239 0 17 239 0 17 239 0 17 239 0 17 239 0 17 239 0 0 240 0 0 240 0 0 240 0 0 240 0 0 240 0 0 240 0 0 240 0 0 240 0 5 240 0 0 244 0 0 240 0 5 238 7 0 212 0 8 210 0 3 206 0 0 210 3 1 211 2 1 211 2 1 211 2 1 211 2 1 211 2 1 211 2 1 211 2 1 211 2 0 177 0 0 177 0 0 177 0 0 177 0 0 177 0 0 177 0 0 177 0 0 177 0 3 176 0 0 180 0 0 176 0 3 174 7 0 148 0 7 147 0 1 143 0 0 146 2 0 145 0 0 145 0 0 145 0 0 145 0 0 145 0 0 145 0 0 145 0 0 145 0 0 113 0 0 113 0 0 113 0 0 113 0 0 113 0 0 113 0 0 113 0 0 113 0 4 112 0 0 114 1 0 112 2 5 110 9 0 84 0 9 82 3 2 78 3 0 81 5 0 82 0 0 82 0 0 82 0 0 82 0 0 82 0 0 82 0 0 82 0 0 82 0 0 50 1 0 50 1 0 50 1 0 50 1 0 50 1 0 50 1 0 50 1 0 50 1 2 46 0 0 53 1 0 51 2 6 48 8 0 19 0 5 16 0 2 14 0 0 21 6 0 18 0 3 16 0 4 15 0 0 17 0 0 20 0 0 18 0 9 13 0 20 7 0 234 31 14 236 19 4 241 10 0 244 14 1 239 19 3 232 20 0 236 17 0 242 15 0 237 17 1 241 18 1 236 15 0 227 23 0 218 42 3 208 50 2 203 47 0 208 48 0 208 48 0 208 48 0 206 48 0 206 48 0 205 49 0 205 49 0 204 50 0 204 50 0 179 78 0 178 78 0 178 78 0 176 79 0 176 79 0 175 80 0 175 80 0 173 80 0 175 80 0 241 13 0 241 13 0 241 13 0 241 13 0 241 13 0 241 13 0 241 13 0 241 13 0 241 13 2 246 14 2 239 12 0 229 20 0 221 38 4 209 46 3 203 45 0 207 45 0 211 44 0 210 45 0 210 45 0 208 46 0 208 46 0 
207 46 0 207 46 0 205 47 0 180 77 0 180 77 0 179 78 0 179 78 0 178 78 0 176 79 0 176 79 0 176 79 0 178 78 2 182 79 2 177 76 0 166 85 0 157 103 3 146 112 2 140 110 0 144 111 0 146 110 0 144 110 0 144 110 0 143 111 0 143 111 0 142 112 0 142 112 0 140 113 0 116 140 0 116 140 0 114 141 0 114 141 0 113 142 0 113 142 0 111 143 0 111 143 0 111 142 2 116 143 2 111 140 0 102 148 0 92 167 4 83 175 2 78 172 0 83 173 0 83 173 0 83 173 0 81 173 0 81 173 0 80 174 0 80 174 0 78 175 0 78 175 0 52 206 0 52 206 0 52 206 0 50 206 0 49 207 0 49 207 0 48 208 0 48 208 0 48 207 0 52 208 2 47 205 0 38 213 0 30 231 1 19 240 2 14 237 0 19 238 0 17 239 0 17 239 0 17 239 0 17 239 0 17 239 0 17 239 0 17 239 0 17 239 0 0 240 0 0 240 0 0 240 0 0 240 0 0 240 0 0 240 0 0 240 0 0 240 0 5 240 0 0 244 0 0 240 0 5 238 7 0 212 0 8 210 0 3 206 0 0 210 3 1 211 2 1 211 2 1 211 2 1 211 2 1 211 2 1 211 2 1 211 2 1 211 2 0 177 0 0 177 0 0 177 0 0 177 0 0 177 0 0 177 0 0 177 0 0 177 0 3 176 0 0 180 0 0 176 0 3 174 7 0 148 0 7 147 0 1 143 0 0 146 2 0 145 0 0 145 0 0 145 0 0 145 0 0 145 0 0 145 0 0 145 0 0 145 0 0 113 0 0 113 0 0 113 0 0 113 0 0 113 0 0 113 0 0 113 0 0 113 0 4 112 0 0 114 1 0 112 2 5 110 9 0 84 0 9 82 3 2 78 3 0 81 5 0 82 0 0 82 0 0 82 0 0 82 0 0 82 0 0 82 0 0 82 0 0 82 0 0 50 1 0 50 1 0 50 1 0 50 1 0 50 1 0 50 1 0 50 1 0 50 1 2 46 0 0 53 1 0 51 2 6 48 8 0 19 0 5 16 0 2 14 0 0 21 6 0 18 0 3 16 0 4 15 0 0 17 0 0 20 0 0 18 0 9 13 0 20 7 0 234 31 14 236 19 4 241 10 0 244 14 1 239 19 3 232 20 0 236 17 0 242 15 0 237 17 1 241 18 1 236 15 0 227 23 0 218 42 3 208 50 2 203 47 0 208 48 0 208 48 0 208 48 0 206 48 0 206 48 0 205 49 0 205 49 0 204 50 0 204 50 0 179 78 0 178 78 0 178 78 0 176 79 0 176 79 0 175 80 0 175 80 0 173 80 0 175 80 0 241 13 0 241 13 0 241 13 0 241 13 0 241 13 0 241 13 0 241 13 0 241 13 0 241 13 2 246 14 2 239 12 0 229 20 0 221 38 4 209 46 3 203 45 0 207 45 0 211 44 0 210 45 0 210 45 0 208 46 0 208 46 0 207 46 0 207 46 0 205 47 0 180 77 0 180 77 0 179 78 0 179 78 0 178 78 0 176 79 0 176 79 0 176 79 0 178 78 2 182 79 2 177 76 0 166 85 0 157 103 3 146 112 2 140 110 0 144 111 0 146 110 0 144 110 0 144 110 0 143 111 0 143 111 0 142 112 0 142 112 0 140 113 0 116 140 0 116 140 0 114 141 0 114 141 0 
113 142 0 113 142 0 111 143 0 111 143 0 111 142 2 116 143 2 111 140 0 102 148 0 92 167 4 83 175 2 78 172 0 83 173 0 83 173 0 83 173 0 81 173 0 81 173 0 80 174 0 80 174 0 78 175 0 78 175 0 52 206 0 52 206 0 52 206 0 50 206 0 49 207 0 49 207 0 48 208 0 48 208 0 48 207 0 52 208 2 47 205 0 38 213 0 30 231 1 19 240 2 14 237 0 19 238 0 17 239 0 17 239 0 17 239 0 17 239 0 17 239 0 17 239 0 17 239 0 17 239 0 0 240 0 0 240 0 0 240 0 0 240 0 0 240 0 0 240 0 0 240 0 0 240 0 5 240 0 0 244 0 0 240 0 5 238 7 0 212 0 8 210 0 3 206 0 0 210 3 1 211 2 1 211 2 1 211 2 1 211 2 1 211 2 1 211 2 1 211 2 1 211 2 0 177 0 0 177 0 0 177 0 0 177 0 0 177 0 0 177 0 0 177 0 0 177 0 3 176 0 0 180 0 0 176 0 3 174 7 0 148 0 7 147 0 1 143 0 0 146 2 0 145 0 0 145 0 0 145 0 0 145 0 0 145 0 0 145 0 0 145 0 0 145 0 0 113 0 0 113 0 0 113 0 0 113 0 0 113 0 0 113 0 0 113 0 0 113 0 4 112 0 0 114 1 0 112 2 5 110 9 0 84 0 9 82 3 2 78 3 0 81 5 0 82 0 0 82 0 0 82 0 0 82 0 0 82 0 0 82 0 0 82 0 0 82 0 0 50 1 0 50 1 0 50 1 0 50 1 0 50 1 0 50 1 0 50 1 0 50 1 2 46 0 0 53 1 0 51 2 6 48 8 0 19 0 5 16 0 2 14 0 0 21 6 0 18 0 3 16 0 4 15 0 0 17 0 0 20 0 0 18 0 9 13 0 20 7 0 234 31 14 236 19 4 241 10 0 244 14 1 239 19 3 232 20 0 236 17 0 242 15 0 237 17 1 241 18 1 236 15 0 227 23 0 218 42 3 208 50 2 203 47 0 208 48 0 208 48 0 208 48 0 206 48 0 206 48 0 205 49 0 205 49 0 204 50 0 204 50 0 179 78 0 178 78 0 178 78 0 176 79 0 176 79 0 175 80 0 175 80 0 173 80 0 175 80 0 241 13 0 241 13 0 241 13 0 241 13 0 241 13 0 241 13 0 241 13 0 241 13 0 241 13 2 246 14 2 239 12 0 229 20 0 221 38 4 209 46 3 203 45 0 207 45 0 211 44 0 210 45 0 210 45 0 208 46 0 208 46 0 207 46 0 207 46 0 205 47 0 180 77 0 180 77 0 179 78 0 179 78 0 178 78 0 176 79 0 176 79 0 176 79 0 178 78 2 182 79 2 177 76 0 166 85 0 157 103 3 146 112 2 140 110 0 144 111 0 146 110 0 144 110 0 144 110 0 143 111 0 143 111 0 142 112 0 142 112 0 140 113 0 116 140 0 116 140 0 114 141 0 114 141 0 113 142 0 113 142 0 111 143 0 111 143 0 111 142 2 116 143 2 111 140 0 102 148 0 92 167 4 83 175 2 78 172 0 83 173 0 83 173 0 83 173 0 81 173 0 81 173 0 80 174 0 80 174 0 78 175 0 78 175 0 52 206 0 52 206 0 52 206 0 50 206 0 49 207 0 49 207 0 48 208 0 48 208 0 48 207 0 52 208 2 47 205 0 
38 213 0 30 231 1 19 240 2 14 237 0 19 238 0 17 239 0 17 239 0 17 239 0 17 239 0 17 239 0 17 239 0 17 239 0 17 239 0 0 240 0 0 240 0 0 240 0 0 240 0 0 240 0 0 240 0 0 240 0 0 240 0 5 240 0 0 244 0 0 240 0 5 238 7 0 212 0 8 210 0 3 206 0 0 210 3 1 211 2 1 211 2 1 211 2 1 211 2 1 211 2 1 211 2 1 211 2 1 211 2 0 177 0 0 177 0 0 177 0 0 177 0 0 177 0 0 177 0 0 177 0 0 177 0 3 176 0 0 180 0 0 176 0 3 174 7 0 148 0 7 147 0 1 143 0 0 146 2 0 145 0 0 145 0 0 145 0 0 145 0 0 145 0 0 145 0 0 145 0 0 145 0 0 113 0 0 113 0 0 113 0 0 113 0 0 113 0 0 113 0 0 113 0 0 113 0 4 112 0 0 114 1 0 112 2 5 110 9 0 84 0 9 82 3 2 78 3 0 81 5 0 82 0 0 82 0 0 82 0 0 82 0 0 82 0 0 82 0 0 82 0 0 82 0 0 50 1 0 50 1 0 50 1 0 50 1 0 50 1 0 50 1 0 50 1 0 50 1 2 46 0 0 53 1 0 51 2 6 48 8 0 19 0 5 16 0 2 14 0 0 21 6 0 18 0 3 16 0 4 15 0 0 17 0 0 20 0 0 18 0 9 13 0 20 7 0 234 31 14 236 19 4 241 10 0 244 14 1 239 19 3 232 20 0 236 17 0 242 15 0 237 17 1 241 18 1 236 15 0 227 23 0 218 42 3 208 50 2 203 47 0 208 48 0 208 48 0 208 48 0 206 48 0 206 48 0 205 49 0 205 49 0 204 50 0 204 50 0 179 78 0 178 78 0 178 78 0 176 79 0 176 79 0 175 80 0 175 80 0 173 80 0 175 80 0 241 13 0 241 13 0 241 13 0 241 13 0 241 13 0 241 13 0 241 13 0 241 13 0 241 13 2 246 14 2 239 12 0 229 20 0 221 38 4 209 46 3 203 45 0 207 45 0 211 44 0 210 45 0 210 45 0 208 46 0 208 46 0 207 46 0 207 46 0 205 47 0 180 77 0 180 77 0 179 78 0 179 78 0 178 78 0 176 79 0 176 79 0 176 79 0 178 78 2 182 79 2 177 76 0 166 85 0 157 103 3 146 112 2 140 110 0 144 111 0 146 110 0 144 110 0 144 110 0 143 111 0 143 111 0 142 112 0 142 112 0 140 113 0 116 140 0 116 140 0 114 141 0 114 141 0 113 142 0 113 142 0 111 143 0 111 143 0 111 142 2 116 143 2 111 140 0 102 148 0 92 167 4 83 175 2 78 172 0 83 173 0 83 173 0 83 173 0 81 173 0 81 173 0 80 174 0 80 174 0 78 175 0 78 175 0 52 206 0 52 206 0 52 206 0 50 206 0 49 207 0 49 207 0 48 208 0 48 208 0 48 207 0 52 208 2 47 205 0 38 213 0 30 231 1 19 240 2 14 237 0 19 238 0 17 239 0 17 239 0 17 239 0 17 239 0 17 239 0 17 239 0 17 239 0 17 239 0 0 240 0 0 240 0 0 240 0 0 240 0 0 240 0 0 240 0 0 240 0 0 240 0 5 240 0 0 244 0 0 240 0 5 238 7 0 212 0 8 210 0 3 206 0 0 210 3 1 211 2 1 211 2 
1 211 2 1 211 2 1 211 2 1 211 2 1 211 2 1 211 2 0 177 0 0 177 0 0 177 0 0 177 0 0 177 0 0 177 0 0 177 0 0 177 0 3 176 0 0 180 0 0 176 0 3 174 7 0 148 0 7 147 0 1 143 0 0 146 2 0 145 0 0 145 0 0 145 0 0 145 0 0 145 0 0 145 0 0 145 0 0 145 0 0 113 0 0 113 0 0 113 0 0 113 0 0 113 0 0 113 0 0 113 0 0 113 0 4 112 0 0 114 1 0 112 2 5 110 9 0 84 0 9 82 3 2 78 3 0 81 5 0 82 0 0 82 0 0 82 0 0 82 0 0 82 0 0 82 0 0 82 0 0 82 0 0 50 1 0 50 1 0 50 1 0 50 1 0 50 1 0 50 1 0 50 1 0 50 1 2 46 0 0 53 1 0 51 2 6 48 8 0 19 0 5 16 0 2 14 0 0 21 6 0 18 0 3 16 0 4 15 0 0 17 0 0 20 0 0 18 0 9 13 0 20 7 0 234 31 14 236 19 4 241 10 0 244 14 1 239 19 3 232 20 0 236 17 0 242 15 0 237 17 1 241 18 1 236 15 0 227 23 0 218 42 3 208 50 2 203 47 0 208 48 0 208 48 0 208 48 0 206 48 0 206 48 0 205 49 0 205 49 0 204 50 0 204 50 0 179 78 0 178 78 0 178 78 0 176 79 0 176 79 0 175 80 0 175 80 0 173 80 0 175 80 0 241 13 0 241 13 0 241 13 0 241 13 0 241 13 0 241 13 0 241 13 0 241 13 0 241 13 2 246 14 2 239 12 0 229 20 0 221 38 4 209 46 3 203 45 0 207 45 0 211 44 0 210 45 0 210 45 0 208 46 0 208 46 0 207 46 0 207 46 0 205 47 0 180 77 0 180 77 0 179 78 0 179 78 0 178 78 0 176 79 0 176 79 0 176 79 0 178 78 2 182 79 2 177 76 0 166 85 0 157 103 3 146 112 2 140 110 0 144 111 0 146 110 0 144 110 0 144 110 0 143 111 0 143 111 0 142 112 0 142 112 0 140 113 0 116 140 0 116 140 0 114 141 0 114 141 0 113 142 0 113 142 0 111 143 0 111 143 0 111 142 2 116 143 2 111 140 0 102 148 0 92 167 4 83 175 2 78 172 0 83 173 0 83 173 0 83 173 0 81 173 0 81 173 0 80 174 0 80 174 0 78 175 0 78 175 0 52 206 0 52 206 0 52 206 0 50 206 0 49 207 0 49 207 0 48 208 0 48 208 0 48 207 0 52 208 2 47 205 0 38 213 0 30 231 1 19 240 2 14 237 0 19 238 0 17 239 0 17 239 0 17 239 0 17 239 0 17 239 0 17 239 0 17 239 0 17 239 0 0 240 0 0 240 0 0 240 0 0 240 0 0 240 0 0 240 0 0 240 0 0 240 0 5 240 0 0 244 0 0 240 0 5 238 7 0 212 0 8 210 0 3 206 0 0 210 3 1 211 2 1 211 2 1 211 2 1 211 2 1 211 2 1 211 2 1 211 2 1 211 2 0 177 0 0 177 0 0 177 0 0 177 0 0 177 0 0 177 0 0 177 0 0 177 0 3 176 0 0 180 0 0 176 0 3 174 7 0 148 0 7 147 0 1 143 0 0 146 2 0 145 0 0 145 0 0 145 0 0 145 0 0 145 0 0 145 0 0 145 0 0 145 0 0 113 0 
0 113 0 0 113 0 0 113 0 0 113 0 0 113 0 0 113 0 0 113 0 4 112 0 0 114 1 0 112 2 5 110 9 0 84 0 9 82 3 2 78 3 0 81 5 0 82 0 0 82 0 0 82 0 0 82 0 0 82 0 0 82 0 0 82 0 0 82 0 0 50 1 0 50 1 0 50 1 0 50 1 0 50 1 0 50 1 0 50 1 0 50 1 2 46 0 0 53 1 0 51 2 6 48 8 0 19 0 5 16 0 2 14 0 0 21 6 0 18 0 3 16 0 4 15 0 0 17 0 0 20 0 0 18 0 9 13 0 20 7 0 234 31 14 236 19 4 241 10 0 244 14 1 239 19 3 232 20 0 236 17 0 242 15 0 237 17 1 241 18 1 236 15 0 227 23 0 218 42 3 208 50 2 203 47 0 208 48 0 208 48 0 208 48 0 206 48 0 206 48 0 205 49 0 205 49 0 204 50 0 204 50 0 179 78 0 178 78 0 178 78 0 176 79 0 176 79 0 175 80 0 175 80 0 173 80 0 175 80 0 242 14 1 242 14 1 242 14 1 242 14 1 242 14 1 242 14 1 242 14 1 242 14 1 244 13 3 248 14 3 242 12 0 231 21 0 222 39 5 211 48 5 204 46 0 209 47 0 211 44 0 211 44 0 210 45 0 210 45 0 208 46 0 207 46 0 207 46 0 207 46 0 180 77 0 180 77 0 180 77 0 179 78 0 178 78 0 178 78 0 176 79 0 176 79 0 175 78 1 180 79 1 174 77 0 163 86 0 156 104 3 145 113 2 139 112 0 144 112 0 143 111 0 143 111 0 143 111 0 143 111 0 143 111 0 143 111 0 143 111 0 143 111 0 118 141 1 117 141 1 117 141 1 115 142 1 115 142 1 114 143 1 112 144 1 112 144 1 111 142 2 118 142 2 111 140 0 102 148 0 94 166 4 82 174 1 78 172 0 83 171 0 84 172 0 83 173 0 83 173 0 81 173 0 81 173 0 80 174 0 78 175 0 78 175 0 53 205 0 53 205 0 52 206 0 52 206 0 50 206 0 49 207 0 49 207 0 48 208 0 49 207 0 54 207 2 48 204 0 38 213 0 30 231 1 21 239 2 15 237 0 20 237 0 17 239 0 17 239 0 17 239 0 17 239 0 17 239 0 17 239 0 17 239 0 17 239 0 0 239 0 0 239 0 0 239 0 0 239 0 0 239 0 0 239 0 0 239 0 0 239 0 4 239 0 0 242 0 0 238 0 4 237 8 0 210 0 7 209 1 2 205 1 0 209 3 0 209 0 0 209 0 0 209 0 0 209 0 0 209 0 0 209 0 0 209 0 0 209 0 0 176 0 0 176 0 0 176 0 0 176 0 0 176 0 0 176 0 0 176 0 0 176 0 2 173 0 0 179 2 0 178 5 6 175 10 0 145 0 5 143 0 3 142 1 0 147 5 0 143 0 0 143 0 0 143 0 0 143 0 0 143 0 0 143 0 0 143 0 0 143 0 1 111 0 1 111 0 1 111 0 1 111 0 1 111 0 1 111 0 1 111 0 1 111 0 4 112 0 1 115 2 0 112 2 5 110 9 0 84 0 9 82 3 2 78 3 0 81 5 0 81 2 0 81 2 0 81 2 0 81 2 0 81 2 0 81 2 0 81 2 0 81 2 1 49 1 1 49 1 1 49 1 1 49 1 1 49 1 1 49 1 1 49 1 1 49 1 
4 48 0 1 53 4 0 51 5 7 49 13 0 19 0 4 15 0 2 14 2 0 19 7 0 17 1 3 15 1 4 15 1 0 17 1 0 20 1 0 18 1 9 12 1 20 7 1 239 30 10 233 20 2 232 15 0 238 17 1 240 19 3 238 17 1 236 16 0 235 18 1 236 16 0 240 17 0 236 15 0 227 23 0 218 42 3 208 50 2 204 48 0 209 49 0 208 48 0 208 48 0 206 48 0 206 48 0 205 49 0 205 49 0 204 50 0 204 50 0 180 79 1 180 79 1 179 79 1 179 79 1 177 80 1 176 81 1 176 81 1 176 81 1 177 80 1 242 14 1 242 14 1 242 14 1 242 14 1 242 14 1 242 14 1 242 14 1 242 14 1 242 14 3 247 15 3 242 12 0 231 21 0 222 39 5 211 48 5 204 46 0 209 47 0 211 44 0 211 44 0 210 45 0 210 45 0 208 46 0 207 46 0 207 46 0 205 47 0 180 77 0 180 77 0 179 78 0 179 78 0 178 78 0 176 79 0 176 79 0 176 79 0 175 78 1 180 79 1 174 77 0 163 86 0 156 104 3 145 113 2 139 112 0 144 112 0 143 111 0 143 111 0 143 111 0 143 111 0 143 111 0 143 111 0 143 111 0 143 111 0 117 141 1 117 141 1 117 141 1 115 142 1 114 143 1 114 143 1 112 144 1 112 144 1 111 142 2 116 143 2 111 140 0 102 148 0 94 166 4 83 175 2 78 172 0 83 173 0 83 173 0 83 173 0 83 173 0 81 173 0 80 174 0 80 174 0 78 175 0 78 175 0 53 205 0 52 206 0 52 206 0 50 206 0 50 206 0 49 207 0 48 208 0 48 208 0 48 207 0 54 207 2 47 205 0 38 213 0 30 231 1 19 240 2 14 237 0 20 237 0 17 239 0 17 239 0 17 239 0 17 239 0 17 239 0 17 239 0 17 239 0 17 239 0 0 239 0 0 239 0 0 239 0 0 239 0 0 239 0 0 239 0 0 239 0 0 239 0 4 239 0 0 242 0 0 238 0 4 237 8 0 210 0 7 209 1 2 205 1 0 209 3 0 209 0 0 209 0 0 209 0 0 209 0 0 209 0 0 209 0 0 209 0 0 209 0 0 176 0 0 176 0 0 176 0 0 176 0 0 176 0 0 176 0 0 176 0 0 176 0 2 173 0 0 179 2 0 178 5 6 175 10 0 145 0 5 143 0 3 142 1 0 147 5 0 143 0 0 143 0 0 143 0 0 143 0 0 143 0 0 143 0 0 143 0 0 143 0 1 111 0 1 111 0 1 111 0 1 111 0 1 111 0 1 111 0 1 111 0 1 111 0 4 112 0 0 114 1 0 112 2 5 110 9 0 84 0 9 82 3 2 78 3 0 81 5 0 81 2 0 81 2 0 81 2 0 81 2 0 81 2 0 81 2 0 81 2 0 81 2 1 49 1 1 49 1 1 49 1 1 49 1 1 49 1 1 49 1 1 49 1 1 49 1 3 47 0 1 53 4 0 51 5 6 48 12 0 19 0 4 15 0 1 13 1 0 19 7 0 17 1 3 15 1 4 15 1 0 17 1 0 20 1 0 18 1 9 12 1 20 7 1 239 30 10 233 20 2 232 15 0 238 17 1 240 19 3 238 17 1 236 16 0 235 18 1 236 16 0 240 17 0 236 15 0 227 23 0 218 42 3 208 50 2 204 48 0 
209 49 0 208 48 0 208 48 0 206 48 0 206 48 0 205 49 0 205 49 0 204 50 0 204 50 0 180 79 1 180 79 1 179 79 1 179 79 1 177 80 1 176 81 1 176 81 1 174 81 1 177 80 1 242 14 1 242 14 1 242 14 1 242 14 1 242 14 1 242 14 1 242 14 1 242 14 1 242 14 3 247 15 3 240 13 0 230 21 0 220 40 5 210 49 5 204 46 0 209 47 0 210 45 0 210 45 0 210 45 0 208 46 0 207 46 0 207 46 0 205 47 0 205 47 0 180 77 0 179 78 0 179 78 0 178 78 0 178 78 0 176 79 0 175 80 0 175 80 0 175 78 1 180 79 1 174 77 0 163 86 0 156 104 3 145 113 2 139 112 0 144 112 0 143 111 0 143 111 0 143 111 0 143 111 0 143 111 0 143 111 0 143 111 0 143 111 0 117 141 1 117 141 1 115 142 1 115 142 1 114 143 1 112 144 1 112 144 1 111 144 1 112 143 3 116 143 2 112 141 0 100 149 0 92 167 4 83 175 2 79 173 0 83 173 0 83 173 0 83 173 0 81 173 0 81 173 0 80 174 0 78 175 0 78 175 0 77 175 0 52 206 0 52 206 0 50 206 0 50 206 0 49 207 0 48 208 0 48 208 0 48 208 0 48 207 0 52 208 2 47 205 0 38 213 0 29 232 1 19 240 2 14 237 0 19 238 0 16 239 0 16 239 0 16 239 0 16 239 0 16 239 0 16 239 0 16 239 0 16 239 0 0 239 0 0 239 0 0 239 0 0 239 0 0 239 0 0 239 0 0 239 0 0 239 0 4 239 0 0 242 0 0 238 0 4 237 8 0 210 0 7 209 1 2 205 1 0 209 3 0 209 0 0 209 0 0 209 0 0 209 0 0 209 0 0 209 0 0 209 0 0 209 0 0 176 0 0 176 0 0 176 0 0 176 0 0 176 0 0 176 0 0 176 0 0 176 0 2 173 0 0 179 2 0 178 5 6 175 10 0 145 0 5 143 0 3 142 1 0 147 5 0 143 0 0 143 0 0 143 0 0 143 0 0 143 0 0 143 0 0 143 0 0 143 0 1 111 0 1 111 0 1 111 0 1 111 0 1 111 0 1 111 0 1 111 0 1 111 0 3 111 0 0 114 1 0 111 1 4 109 8 0 83 0 8 81 2 2 78 3 0 80 4 0 81 2 0 81 2 0 81 2 0 81 2 0 81 2 0 81 2 0 81 2 0 81 2 1 49 1 1 49 1 1 49 1 1 49 1 1 49 1 1 49 1 1 49 1 1 49 1 3 47 0 0 52 3 0 51 5 6 48 12 0 18 0 4 15 0 1 13 1 0 18 6 0 17 1 3 15 1 4 15 1 0 17 1 0 20 1 0 18 1 9 12 1 20 7 1 239 30 10 233 20 2 232 15 0 238 17 1 240 19 3 238 17 1 236 16 0 235 18 1 236 16 0 240 17 0 236 15 0 227 23 0 218 42 3 208 50 2 204 48 0 209 49 0 208 48 0 208 48 0 206 48 0 206 48 0 205 49 0 205 49 0 204 50 0 204 50 0 179 79 1 179 79 1 179 79 1 177 80 1 176 81 1 176 81 1 174 81 1 174 81 1 177 80 1 241 15 1 241 15 1 241 15 1 241 15 1 241 15 1 241 15 1 241 15 1 241 15 1 241 15 3 246 16 3 240 13 0 230 21 0 220 40 5 
210 49 5 203 47 0 208 48 0 211 46 1 211 46 1 209 47 1 208 47 1 208 47 1 206 48 1 206 48 1 205 49 1 179 78 0 179 78 0 178 78 0 178 78 0 176 79 0 175 80 0 175 80 0 175 80 0 175 78 1 180 79 1 174 77 0 163 86 0 156 104 3 145 113 2 139 112 0 144 112 0 143 111 0 143 111 0 143 111 0 143 111 0 143 111 0 143 111 0 143 111 0 143 111 0 115 142 1 115 142 1 115 142 1 114 143 1 112 144 1 112 144 1 111 144 1 111 144 1 111 144 3 116 145 3 110 142 0 101 150 0 92 169 5 82 176 2 77 174 0 81 174 0 81 173 0 81 173 0 81 173 0 80 174 0 78 175 0 78 175 0 77 175 0 77 175 0 52 206 0 50 206 0 50 206 0 49 207 0 48 208 0 48 208 0 46 209 0 46 209 0 46 208 0 51 209 2 46 206 0 36 214 0 29 232 1 18 241 2 13 238 0 17 239 0 16 239 0 16 239 0 16 239 0 16 239 0 16 239 0 16 239 0 16 239 0 16 239 0 0 239 0 0 239 0 0 239 0 0 239 0 0 239 0 0 239 0 0 239 0 0 239 0 4 239 0 0 242 0 0 238 0 4 237 8 0 210 0 7 209 1 2 205 1 0 209 3 0 209 0 0 209 0 0 209 0 0 209 0 0 209 0 0 209 0 0 209 0 0 209 0 0 176 0 0 176 0 0 176 0 0 176 0 0 176 0 0 176 0 0 176 0 0 176 0 2 173 0 0 179 2 0 178 5 6 175 10 0 145 0 5 143 0 3 142 1 0 147 5 0 143 0 0 143 0 0 143 0 0 143 0 0 143 0 0 143 0 0 143 0 0 143 0 1 111 0 1 111 0 1 111 0 1 111 0 1 111 0 1 111 0 1 111 0 1 111 0 3 111 0 0 114 1 0 111 1 4 109 8 0 83 0 8 81 2 1 77 2 0 80 4 0 80 1 0 80 1 0 80 1 0 80 1 0 80 1 0 80 1 0 80 1 0 80 1 1 49 1 1 49 1 1 49 1 1 49 1 1 49 1 1 49 1 1 49 1 1 49 1 3 47 0 0 52 3 0 50 4 6 48 12 0 18 0 3 14 0 1 13 1 0 18 6 0 16 0 2 14 0 3 14 0 0 16 0 0 19 0 0 17 0 8 11 0 19 6 0 239 30 10 233 20 2 232 15 0 238 17 1 240 19 3 238 17 1 236 16 0 235 18 1 236 16 0 240 17 0 236 15 0 227 23 0 218 42 3 208 50 2 204 48 0 209 49 0 208 48 0 208 48 0 206 48 0 206 48 0 205 49 0 205 49 0 204 50 0 204 50 0 179 79 1 179 79 1 177 80 1 176 81 1 176 81 1 174 81 1 174 81 1 173 82 1 176 81 1 239 16 1 239 16 1 239 16 1 239 16 1 239 16 1 239 16 1 239 16 1 239 16 1 241 15 3 246 16 3 239 13 0 228 22 0 219 41 5 208 50 5 202 47 0 206 48 0 209 47 1 209 47 1 208 47 1 208 47 1 206 48 1 205 49 1 205 49 1 205 49 1 178 78 0 178 78 0 178 78 0 176 79 0 175 80 0 175 80 0 173 80 0 173 80 0 175 78 1 180 79 1 174 77 0 163 86 0 156 104 3 145 113 2 139 112 0 144 112 0 143 111 0 143 111 0 143 111 0 143 111 0 
143 111 0 143 111 0 143 111 0 143 111 0 115 142 1 114 143 1 114 143 1 112 144 1 112 144 1 111 144 1 110 145 1 110 145 1 111 146 4 116 145 3 110 144 0 100 151 0 92 169 5 81 178 3 76 175 0 82 175 0 81 173 0 80 174 0 80 174 0 78 175 0 78 175 0 77 175 0 76 176 0 76 176 0 50 206 0 50 206 0 49 207 0 49 207 0 48 208 0 46 209 0 46 209 0 45 209 0 46 208 0 51 209 2 46 206 0 35 215 0 27 233 1 18 241 2 13 238 0 17 239 0 15 240 0 15 240 0 15 240 0 15 240 0 15 240 0 15 240 0 15 240 0 15 240 0 0 239 0 0 239 0 0 239 0 0 239 0 0 239 0 0 239 0 0 239 0 0 239 0 4 239 0 0 242 0 0 238 0 4 237 8 0 210 0 7 209 1 2 205 1 0 209 3 0 209 0 0 209 0 0 209 0 0 209 0 0 209 0 0 209 0 0 209 0 0 209 0 0 176 0 0 176 0 0 176 0 0 176 0 0 176 0 0 176 0 0 176 0 0 176 0 2 173 0 0 179 2 0 178 5 6 175 10 0 145 0 5 143 0 3 142 1 0 147 5 0 143 0 0 143 0 0 143 0 0 143 0 0 143 0 0 143 0 0 143 0 0 143 0 1 111 0 1 111 0 1 111 0 1 111 0 1 111 0 1 111 0 1 111 0 1 111 0 2 110 0 0 113 0 0 110 0 3 108 7 0 82 0 7 80 1 1 77 2 0 79 3 0 80 1 0 80 1 0 80 1 0 80 1 0 80 1 0 80 1 0 80 1 0 80 1 1 49 1 1 49 1 1 49 1 1 49 1 1 49 1 1 49 1 1 49 1 1 49 1 2 46 0 0 51 2 0 50 4 5 47 11 0 17 0 3 14 0 0 12 0 0 17 5 0 16 0 2 14 0 3 14 0 0 16 0 0 19 0 0 17 0 8 11 0 19 6 0 239 30 10 233 20 2 232 15 0 238 17 1 240 19 3 238 17 1 236 16 0 235 18 1 236 16 0 240 17 0 236 15 0 227 23 0 218 42 3 208 50 2 204 48 0 209 49 0 208 48 0 208 48 0 206 48 0 206 48 0 205 49 0 205 49 0 204 50 0 204 50 0 177 80 1 177 80 1 176 81 1 176 81 1 174 81 1 173 82 1 173 82 1 173 82 1 174 81 1 239 16 1 239 16 1 239 16 1 239 16 1 239 16 1 239 16 1 239 16 1 239 16 1 239 15 3 244 16 3 237 14 0 227 23 0 218 42 5 207 50 5 202 47 0 206 48 0 210 48 2 209 48 2 209 48 2 207 49 2 206 50 2 206 50 2 205 50 2 205 50 2 178 78 0 178 78 0 176 79 0 175 80 0 175 80 0 173 80 0 173 80 0 172 81 0 175 78 1 180 79 1 174 77 0 163 86 0 156 104 3 145 113 2 139 112 0 144 112 0 143 111 0 143 111 0 143 111 0 143 111 0 143 111 0 143 111 0 143 111 0 143 111 0 114 143 1 114 143 1 112 144 1 112 144 1 111 144 1 110 145 1 110 145 1 110 145 1 111 146 4 114 146 3 110 144 0 99 152 0 92 170 6 81 178 3 77 176 0 81 175 0 80 174 0 80 174 0 78 175 0 78 175 0 77 175 0 76 176 0 76 176 0 76 176 0 49 207 0 49 207 0 49 207 0 
48 208 0 46 209 0 46 209 0 45 209 0 45 209 0 45 209 0 50 209 2 44 207 0 35 215 0 26 234 1 17 242 2 11 239 0 16 239 0 15 240 0 15 240 0 15 240 0 15 240 0 15 240 0 15 240 0 15 240 0 15 240 0 0 239 0 0 239 0 0 239 0 0 239 0 0 239 0 0 239 0 0 239 0 0 239 0 4 239 0 0 242 0 0 238 0 4 237 8 0 210 0 7 209 1 2 205 1 0 209 3 0 209 0 0 209 0 0 209 0 0 209 0 0 209 0 0 209 0 0 209 0 0 209 0 0 176 0 0 176 0 0 176 0 0 176 0 0 176 0 0 176 0 0 176 0 0 176 0 2 173 0 0 179 2 0 178 5 6 175 10 0 145 0 5 143 0 3 142 1 0 147 5 0 143 0 0 143 0 0 143 0 0 143 0 0 143 0 0 143 0 0 143 0 0 143 0 1 111 0 1 111 0 1 111 0 1 111 0 1 111 0 1 111 0 1 111 0 1 111 0 2 110 0 0 113 0 0 110 0 3 108 7 0 82 0 7 80 1 0 76 1 0 79 3 0 79 0 0 79 0 0 79 0 0 79 0 0 79 0 0 79 0 0 79 0 0 79 0 1 49 1 1 49 1 1 49 1 1 49 1 1 49 1 1 49 1 1 49 1 1 49 1 2 46 0 0 51 2 0 49 3 5 47 11 0 17 0 2 13 0 0 12 0 0 17 5 0 15 0 1 13 0 2 13 0 0 15 0 0 18 0 0 16 0 7 10 0 18 5 0 239 30 10 233 20 2 232 15 0 238 17 1 240 19 3 238 17 1 236 16 0 235 18 1 236 16 0 240 17 0 236 15 0 227 23 0 218 42 3 208 50 2 204 48 0 209 49 0 208 48 0 208 48 0 206 48 0 206 48 0 205 49 0 205 49 0 204 50 0 204 50 0 177 80 1 176 81 1 176 81 1 174 81 1 173 82 1 173 82 1 172 83 1 172 83 1 174 81 1 238 17 1 238 17 1 238 17 1 238 17 1 238 17 1 238 17 1 238 17 1 238 17 1 238 16 3 243 17 3 237 14 0 227 23 0 218 42 5 207 50 5 200 48 0 205 49 0 209 48 2 209 48 2 207 49 2 207 49 2 206 50 2 205 50 2 205 50 2 205 50 2 176 79 0 176 79 0 176 79 0 175 80 0 173 80 0 173 80 0 172 81 0 172 81 0 175 78 1 180 79 1 174 77 0 163 86 0 156 104 3 145 113 2 139 112 0 144 112 0 143 111 0 143 111 0 143 111 0 143 111 0 143 111 0 143 111 0 143 111 0 143 111 0 114 143 1 112 144 1 112 144 1 111 144 1 110 145 1 110 145 1 108 146 1 108 146 1 109 146 4 114 147 4 109 144 0 99 152 0 92 170 6 81 179 4 76 176 0 80 177 0 80 174 0 78 175 0 78 175 0 77 175 0 76 176 0 76 176 0 74 177 0 74 177 0 49 207 0 49 207 0 48 208 0 46 209 0 46 209 0 45 209 0 45 209 0 43 210 0 43 210 0 50 209 2 44 207 0 34 215 0 26 234 1 17 242 2 10 239 0 16 239 0 13 241 0 13 241 0 13 241 0 13 241 0 13 241 0 13 241 0 13 241 0 13 241 0 0 239 0 0 239 0 0 239 0 0 239 0 0 239 0 0 239 0 0 239 0 0 239 0 4 239 0 0 242 0 
0 238 0 4 237 8 0 210 0 7 209 1 2 205 1 0 209 3 0 209 0 0 209 0 0 209 0 0 209 0 0 209 0 0 209 0 0 209 0 0 209 0 0 176 0 0 176 0 0 176 0 0 176 0 0 176 0 0 176 0 0 176 0 0 176 0 2 173 0 0 179 2 0 178 5 6 175 10 0 145 0 5 143 0 3 142 1 0 147 5 0 143 0 0 143 0 0 143 0 0 143 0 0 143 0 0 143 0 0 143 0 0 143 0 1 111 0 1 111 0 1 111 0 1 111 0 1 111 0 1 111 0 1 111 0 1 111 0 2 110 0 0 112 0 0 110 0 3 108 7 0 82 0 7 80 1 0 76 1 0 78 2 0 79 0 0 79 0 0 79 0 0 79 0 0 79 0 0 79 0 0 79 0 0 79 0 1 49 1 1 49 1 1 49 1 1 49 1 1 49 1 1 49 1 1 49 1 1 49 1 1 45 0 0 51 2 0 49 3 4 46 10 0 17 0 2 13 0 0 11 0 0 17 5 0 15 0 1 13 0 2 13 0 0 15 0 0 18 0 0 16 0 7 10 0 18 5 0 239 30 10 233 20 2 232 15 0 238 17 1 240 19 3 238 17 1 236 16 0 235 18 1 236 16 0 240 17 0 236 15 0 227 23 0 218 42 3 208 50 2 204 48 0 209 49 0 208 48 0 208 48 0 206 48 0 206 48 0 205 49 0 205 49 0 204 50 0 204 50 0 176 81 1 176 81 1 174 81 1 174 81 1 173 82 1 172 83 1 172 83 1 172 83 1 173 82 1 238 17 1 238 17 1 238 17 1 238 17 1 238 17 1 238 17 1 238 17 1 238 17 1 238 16 3 243 17 3 237 14 0 225 24 0 218 42 5 207 50 5 200 48 0 205 49 0 209 48 2 209 48 2 207 49 2 206 50 2 206 50 2 205 50 2 205 50 2 203 51 2 176 79 0 176 79 0 175 80 0 175 80 0 173 80 0 172 81 0 172 81 0 172 81 0 175 78 1 180 79 1 174 77 0 163 86 0 156 104 3 145 113 2 139 112 0 144 112 0 143 111 0 143 111 0 143 111 0 143 111 0 143 111 0 143 111 0 143 111 0 143 111 0 112 144 1 112 144 1 112 144 1 111 144 1 110 145 1 110 145 1 108 146 1 108 146 1 110 147 5 114 147 4 110 145 0 99 152 0 90 171 6 81 179 4 76 176 0 80 177 0 78 175 0 78 175 0 78 175 0 77 175 0 76 176 0 76 176 0 74 177 0 74 177 0 49 207 0 48 208 0 48 208 0 46 209 0 45 209 0 45 209 0 43 210 0 43 210 0 43 210 0 48 210 2 43 207 0 34 215 0 26 234 1 15 242 2 10 239 0 15 240 0 13 241 0 13 241 0 13 241 0 13 241 0 13 241 0 13 241 0 13 241 0 13 241 0 0 239 0 0 239 0 0 239 0 0 239 0 0 239 0 0 239 0 0 239 0 0 239 0 4 239 0 0 242 0 0 238 0 4 237 8 0 210 0 7 209 1 2 205 1 0 209 3 0 209 0 0 209 0 0 209 0 0 209 0 0 209 0 0 209 0 0 209 0 0 209 0 0 176 0 0 176 0 0 176 0 0 176 0 0 176 0 0 176 0 0 176 0 0 176 0 2 173 0 0 179 2 0 178 5 6 175 10 0 145 0 5 143 0 3 142 1 0 147 5 0 143 0 
0 143 0 0 143 0 0 143 0 0 143 0 0 143 0 0 143 0 0 143 0 1 111 0 1 111 0 1 111 0 1 111 0 1 111 0 1 111 0 1 111 0 1 111 0 2 110 0 0 112 0 0 109 0 2 107 6 0 81 0 6 79 0 0 76 1 0 78 2 0 79 0 0 79 0 0 79 0 0 79 0 0 79 0 0 79 0 0 79 0 0 79 0 1 49 1 1 49 1 1 49 1 1 49 1 1 49 1 1 49 1 1 49 1 1 49 1 1 45 0 0 50 1 0 49 3 4 46 10 0 16 0 2 13 0 0 11 0 0 16 4 0 15 0 1 13 0 2 13 0 0 15 0 0 18 0 0 16 0 7 10 0 18 5 0 239 30 10 233 20 2 232 15 0 238 17 1 240 19 3 238 17 1 236 16 0 235 18 1 236 16 0 240 17 0 236 15 0 227 23 0 218 42 3 208 50 2 204 48 0 209 49 0 208 48 0 208 48 0 206 48 0 206 48 0 205 49 0 205 49 0 204 50 0 204 50 0 176 81 1 176 81 1 174 81 1 173 82 1 173 82 1 172 83 1 172 83 1 170 84 1 173 82 1 238 17 0 238 17 0 238 17 0 238 17 0 238 17 0 238 17 0 238 17 0 238 17 0 237 17 1 241 18 1 236 15 0 227 23 0 218 42 3 208 50 2 203 47 0 208 48 0 208 48 0 208 48 0 206 48 0 206 48 0 205 49 0 205 49 0 204 50 0 204 50 0 179 78 0 178 78 0 178 78 0 176 79 0 176 79 0 175 80 0 175 80 0 173 80 0 173 80 2 180 80 2 175 78 0 164 87 0 157 105 4 146 114 3 142 112 0 148 112 0 144 112 1 144 112 1 144 112 1 144 112 1 144 112 1 144 112 1 144 112 1 144 112 1 114 143 1 112 144 1 112 144 1 111 144 1 111 144 1 110 145 1 110 145 1 108 146 1 108 145 3 114 146 3 109 143 0 98 151 0 91 169 5 80 178 3 75 175 0 81 175 0 81 176 0 79 176 0 79 176 0 78 177 0 78 177 0 77 178 0 77 178 0 75 179 0 46 209 0 46 209 0 46 209 0 46 209 0 46 209 0 46 209 0 46 209 0 46 209 0 45 209 0 50 209 2 44 207 0 34 215 0 26 234 1 17 242 2 11 239 0 16 239 0 13 241 0 13 241 0 13 241 0 13 241 0 13 241 0 13 241 0 13 241 0 13 241 0 0 239 0 0 239 0 0 239 0 0 239 0 0 239 0 0 239 0 0 239 0 0 239 0 4 239 0 0 242 0 0 238 0 4 237 8 0 210 0 7 209 1 2 205 1 0 209 3 1 207 0 1 207 0 1 207 0 1 207 0 1 207 0 1 207 0 1 207 0 1 207 0 0 176 0 0 176 0 0 176 0 0 176 0 0 176 0 0 176 0 0 176 0 0 176 0 2 173 0 0 179 2 0 178 5 6 175 10 0 145 0 5 143 0 3 142 1 0 147 5 0 143 2 0 143 2 0 143 2 0 143 2 0 143 2 0 143 2 0 143 2 0 143 2 1 111 0 1 111 0 1 111 0 1 111 0 1 111 0 1 111 0 1 111 0 1 111 0 4 108 0 2 114 2 0 112 4 7 109 9 0 80 0 5 76 0 3 75 1 0 81 5 0 79 0 0 79 0 0 79 0 0 79 0 0 79 0 0 79 0 0 79 0 0 79 0 
0 48 0 0 48 0 0 48 0 0 48 0 0 48 0 0 48 0 0 48 0 0 48 0 3 45 0 2 52 3 0 50 4 6 46 11 0 17 0 5 13 0 1 11 0 0 18 6 0 16 0 3 14 0 5 13 0 1 15 0 0 18 0 0 16 0 9 11 0 20 5 0 239 30 10 233 20 2 232 15 0 238 17 1 240 19 3 238 17 1 236 16 0 235 18 1 235 18 1 240 19 1 236 17 0 225 26 0 217 44 4 208 52 3 204 50 0 208 51 0 207 49 1 207 49 1 206 50 1 206 50 1 205 51 1 203 51 1 203 51 1 203 51 1 176 81 1 176 81 1 174 81 1 174 81 1 173 82 1 173 82 1 172 83 1 172 83 1 173 82 1 238 17 0 238 17 0 238 17 0 238 17 0 238 17 0 238 17 0 238 17 0 238 17 0 237 17 1 241 18 1 236 15 0 227 23 0 218 42 3 208 50 2 203 47 0 208 48 0 208 48 0 208 48 0 206 48 0 206 48 0 205 49 0 205 49 0 204 50 0 204 50 0 179 78 0 178 78 0 178 78 0 176 79 0 176 79 0 175 80 0 175 80 0 173 80 0 173 80 2 180 80 2 175 78 0 164 87 0 157 105 4 146 114 3 142 112 0 148 112 0 144 112 1 144 112 1 144 112 1 144 112 1 144 112 1 144 112 1 144 112 1 144 112 1 114 143 1 112 144 1 112 144 1 111 144 1 111 144 1 110 145 1 110 145 1 108 146 1 108 145 3 114 146 3 109 143 0 98 151 0 91 169 5 80 178 3 75 175 0 81 175 0 81 176 0 79 176 0 79 176 0 78 177 0 78 177 0 77 178 0 77 178 0 75 179 0 46 209 0 46 209 0 46 209 0 46 209 0 46 209 0 46 209 0 46 209 0 46 209 0 45 209 0 50 209 2 44 207 0 34 215 0 26 234 1 17 242 2 11 239 0 16 239 0 13 241 0 13 241 0 13 241 0 13 241 0 13 241 0 13 241 0 13 241 0 13 241 0 0 239 0 0 239 0 0 239 0 0 239 0 0 239 0 0 239 0 0 239 0 0 239 0 4 239 0 0 242 0 0 238 0 4 237 8 0 210 0 7 209 1 2 205 1 0 209 3 1 207 0 1 207 0 1 207 0 1 207 0 1 207 0 1 207 0 1 207 0 1 207 0 0 176 0 0 176 0 0 176 0 0 176 0 0 176 0 0 176 0 0 176 0 0 176 0 2 173 0 0 179 2 0 178 5 6 175 10 0 145 0 5 143 0 3 142 1 0 147 5 0 143 2 0 143 2 0 143 2 0 143 2 0 143 2 0 143 2 0 143 2 0 143 2 1 111 0 1 111 0 1 111 0 1 111 0 1 111 0 1 111 0 1 111 0 1 111 0 4 108 0 2 114 2 0 112 4 7 109 9 0 80 0 5 76 0 3 75 1 0 81 5 0 79 0 0 79 0 0 79 0 0 79 0 0 79 0 0 79 0 0 79 0 0 79 0 0 48 0 0 48 0 0 48 0 0 48 0 0 48 0 0 48 0 0 48 0 0 48 0 3 45 0 2 52 3 0 50 4 6 46 11 0 17 0 5 13 0 1 11 0 0 18 6 0 16 0 3 14 0 5 13 0 1 15 0 0 18 0 0 16 0 9 11 0 20 5 0 239 30 10 233 20 2 232 15 0 238 17 1 240 19 3 238 17 1 236 16 0 
235 18 1 235 18 1 240 19 1 236 17 0 225 26 0 217 44 4 208 52 3 204 50 0 208 51 0 207 49 1 207 49 1 206 50 1 206 50 1 205 51 1 203 51 1 203 51 1 203 51 1 176 81 1 176 81 1 174 81 1 174 81 1 173 82 1 173 82 1 172 83 1 172 83 1 173 82 1 238 17 0 238 17 0 238 17 0 238 17 0 238 17 0 238 17 0 238 17 0 238 17 0 237 17 1 241 18 1 236 15 0 227 23 0 218 42 3 208 50 2 203 47 0 208 48 0 208 48 0 208 48 0 206 48 0 206 48 0 205 49 0 205 49 0 204 50 0 204 50 0 179 78 0 178 78 0 178 78 0 176 79 0 176 79 0 175 80 0 175 80 0 173 80 0 173 80 2 180 80 2 175 78 0 164 87 0 157 105 4 146 114 3 142 112 0 148 112 0 144 112 1 144 112 1 144 112 1 144 112 1 144 112 1 144 112 1 144 112 1 144 112 1 114 143 1 112 144 1 112 144 1 111 144 1 111 144 1 110 145 1 110 145 1 108 146 1 108 145 3 114 146 3 109 143 0 98 151 0 91 169 5 80 178 3 75 175 0 81 175 0 81 176 0 79 176 0 79 176 0 78 177 0 78 177 0 77 178 0 77 178 0 75 179 0 46 209 0 46 209 0 46 209 0 46 209 0 46 209 0 46 209 0 46 209 0 46 209 0 45 209 0 50 209 2 44 207 0 34 215 0 26 234 1 17 242 2 11 239 0 16 239 0 13 241 0 13 241 0 13 241 0 13 241 0 13 241 0 13 241 0 13 241 0 13 241 0 0 239 0 0 239 0 0 239 0 0 239 0 0 239 0 0 239 0 0 239 0 0 239 0 4 239 0 0 242 0 0 238 0 4 237 8 0 210 0 7 209 1 2 205 1 0 209 3 1 207 0 1 207 0 1 207 0 1 207 0 1 207 0 1 207 0 1 207 0 1 207 0 0 176 0 0 176 0 0 176 0 0 176 0 0 176 0 0 176 0 0 176 0 0 176 0 2 173 0 0 179 2 0 178 5 6 175 10 0 145 0 5 143 0 3 142 1 0 147 5 0 143 2 0 143 2 0 143 2 0 143 2 0 143 2 0 143 2 0 143 2 0 143 2 1 111 0 1 111 0 1 111 0 1 111 0 1 111 0 1 111 0 1 111 0 1 111 0 4 108 0 2 114 2 0 112 4 7 109 9 0 80 0 5 76 0 3 75 1 0 81 5 0 79 0 0 79 0 0 79 0 0 79 0 0 79 0 0 79 0 0 79 0 0 79 0 0 48 0 0 48 0 0 48 0 0 48 0 0 48 0 0 48 0 0 48 0 0 48 0 3 45 0 2 52 3 0 50 4 6 46 11 0 17 0 5 13 0 1 11 0 0 18 6 0 16 0 3 14 0 5 13 0 1 15 0 0 18 0 0 16 0 9 11 0 20 5 0 239 30 10 233 20 2 232 15 0 238 17 1 240 19 3 238 17 1 236 16 0 235 18 1 235 18 1 240 19 1 236 17 0 225 26 0 217 44 4 208 52 3 204 50 0 208 51 0 207 49 1 207 49 1 206 50 1 206 50 1 205 51 1 203 51 1 203 51 1 203 51 1 176 81 1 176 81 1 174 81 1 174 81 1 173 82 1 173 82 1 172 83 1 172 83 1 173 82 1 238 17 0 238 17 0 238 17 0 238 17 0 238 17 0 
238 17 0 238 17 0 238 17 0 237 17 1 241 18 1 236 15 0 227 23 0 218 42 3 208 50 2 203 47 0 208 48 0 208 48 0 208 48 0 206 48 0 206 48 0 205 49 0 205 49 0 204 50 0 204 50 0 179 78 0 178 78 0 178 78 0 176 79 0 176 79 0 175 80 0 175 80 0 173 80 0 173 80 2 180 80 2 175 78 0 164 87 0 157 105 4 146 114 3 142 112 0 148 112 0 144 112 1 144 112 1 144 112 1 144 112 1 144 112 1 144 112 1 144 112 1 144 112 1 114 143 1 112 144 1 112 144 1 111 144 1 111 144 1 110 145 1 110 145 1 108 146 1 108 145 3 114 146 3 109 143 0 98 151 0 91 169 5 80 178 3 75 175 0 81 175 0 81 176 0 79 176 0 79 176 0 78 177 0 78 177 0 77 178 0 77 178 0 75 179 0 46 209 0 46 209 0 46 209 0 46 209 0 46 209 0 46 209 0 46 209 0 46 209 0 45 209 0 50 209 2 44 207 0 34 215 0 26 234 1 17 242 2 11 239 0 16 239 0 13 241 0 13 241 0 13 241 0 13 241 0 13 241 0 13 241 0 13 241 0 13 241 0 0 239 0 0 239 0 0 239 0 0 239 0 0 239 0 0 239 0 0 239 0 0 239 0 4 239 0 0 242 0 0 238 0 4 237 8 0 210 0 7 209 1 2 205 1 0 209 3 1 207 0 1 207 0 1 207 0 1 207 0 1 207 0 1 207 0 1 207 0 1 207 0 0 176 0 0 176 0 0 176 0 0 176 0 0 176 0 0 176 0 0 176 0 0 176 0 2 173 0 0 179 2 0 178 5 6 175 10 0 145 0 5 143 0 3 142 1 0 147 5 0 143 2 0 143 2 0 143 2 0 143 2 0 143 2 0 143 2 0 143 2 0 143 2 1 111 0 1 111 0 1 111 0 1 111 0 1 111 0 1 111 0 1 111 0 1 111 0 4 108 0 2 114 2 0 112 4 7 109 9 0 80 0 5 76 0 3 75 1 0 81 5 0 79 0 0 79 0 0 79 0 0 79 0 0 79 0 0 79 0 0 79 0 0 79 0 0 48 0 0 48 0 0 48 0 0 48 0 0 48 0 0 48 0 0 48 0 0 48 0 3 45 0 2 52 3 0 50 4 6 46 11 0 17 0 5 13 0 1 11 0 0 18 6 0 16 0 3 14 0 5 13 0 1 15 0 0 18 0 0 16 0 9 11 0 20 5 0 239 30 10 233 20 2 232 15 0 238 17 1 240 19 3 238 17 1 236 16 0 235 18 1 235 18 1 240 19 1 236 17 0 225 26 0 217 44 4 208 52 3 204 50 0 208 51 0 207 49 1 207 49 1 206 50 1 206 50 1 205 51 1 203 51 1 203 51 1 203 51 1 176 81 1 176 81 1 174 81 1 174 81 1 173 82 1 173 82 1 172 83 1 172 83 1 173 82 1 238 17 0 238 17 0 238 17 0 238 17 0 238 17 0 238 17 0 238 17 0 238 17 0 237 17 1 241 18 1 236 15 0 227 23 0 218 42 3 208 50 2 203 47 0 208 48 0 208 48 0 208 48 0 206 48 0 206 48 0 205 49 0 205 49 0 204 50 0 204 50 0 179 78 0 178 78 0 178 78 0 176 79 0 176 79 0 175 80 0 175 80 0 173 80 0 173 80 2 180 80 2 175 78 0 164 87 0 
157 105 4 146 114 3 142 112 0 148 112 0 144 112 1 144 112 1 144 112 1 144 112 1 144 112 1 144 112 1 144 112 1 144 112 1 114 143 1 112 144 1 112 144 1 111 144 1 111 144 1 110 145 1 110 145 1 108 146 1 108 145 3 114 146 3 109 143 0 98 151 0 91 169 5 80 178 3 75 175 0 81 175 0 81 176 0 79 176 0 79 176 0 78 177 0 78 177 0 77 178 0 77 178 0 75 179 0 46 209 0 46 209 0 46 209 0 46 209 0 46 209 0 46 209 0 46 209 0 46 209 0 45 209 0 50 209 2 44 207 0 34 215 0 26 234 1 17 242 2 11 239 0 16 239 0 13 241 0 13 241 0 13 241 0 13 241 0 13 241 0 13 241 0 13 241 0 13 241 0 0 239 0 0 239 0 0 239 0 0 239 0 0 239 0 0 239 0 0 239 0 0 239 0 4 239 0 0 242 0 0 238 0 4 237 8 0 210 0 7 209 1 2 205 1 0 209 3 1 207 0 1 207 0 1 207 0 1 207 0 1 207 0 1 207 0 1 207 0 1 207 0 0 176 0 0 176 0 0 176 0 0 176 0 0 176 0 0 176 0 0 176 0 0 176 0 2 173 0 0 179 2 0 178 5 6 175 10 0 145 0 5 143 0 3 142 1 0 147 5 0 143 2 0 143 2 0 143 2 0 143 2 0 143 2 0 143 2 0 143 2 0 143 2 1 111 0 1 111 0 1 111 0 1 111 0 1 111 0 1 111 0 1 111 0 1 111 0 4 108 0 2 114 2 0 112 4 7 109 9 0 80 0 5 76 0 3 75 1 0 81 5 0 79 0 0 79 0 0 79 0 0 79 0 0 79 0 0 79 0 0 79 0 0 79 0 0 48 0 0 48 0 0 48 0 0 48 0 0 48 0 0 48 0 0 48 0 0 48 0 3 45 0 2 52 3 0 50 4 6 46 11 0 17 0 5 13 0 1 11 0 0 18 6 0 16 0 3 14 0 5 13 0 1 15 0 0 18 0 0 16 0 9 11 0 20 5 0 239 30 10 233 20 2 232 15 0 238 17 1 240 19 3 238 17 1 236 16 0 235 18 1 235 18 1 240 19 1 236 17 0 225 26 0 217 44 4 208 52 3 204 50 0 208 51 0 207 49 1 207 49 1 206 50 1 206 50 1 205 51 1 203 51 1 203 51 1 203 51 1 176 81 1 176 81 1 174 81 1 174 81 1 173 82 1 173 82 1 172 83 1 172 83 1 173 82 1 238 17 0 238 17 0 238 17 0 238 17 0 238 17 0 238 17 0 238 17 0 238 17 0 237 17 1 241 18 1 236 15 0 227 23 0 218 42 3 208 50 2 203 47 0 208 48 0 208 48 0 208 48 0 206 48 0 206 48 0 205 49 0 205 49 0 204 50 0 204 50 0 179 78 0 178 78 0 178 78 0 176 79 0 176 79 0 175 80 0 175 80 0 173 80 0 173 80 2 180 80 2 175 78 0 164 87 0 157 105 4 146 114 3 142 112 0 148 112 0 144 112 1 144 112 1 144 112 1 144 112 1 144 112 1 144 112 1 144 112 1 144 112 1 114 143 1 112 144 1 112 144 1 111 144 1 111 144 1 110 145 1 110 145 1 108 146 1 108 145 3 114 146 3 109 143 0 98 151 0 91 169 5 80 178 3 75 175 0 81 175 0 81 176 0 79 176 0 79 176 0 
78 177 0 78 177 0 77 178 0 77 178 0 75 179 0 46 209 0 46 209 0 46 209 0 46 209 0 46 209 0 46 209 0 46 209 0 46 209 0 45 209 0 50 209 2 44 207 0 34 215 0 26 234 1 17 242 2 11 239 0 16 239 0 13 241 0 13 241 0 13 241 0 13 241 0 13 241 0 13 241 0 13 241 0 13 241 0 0 239 0 0 239 0 0 239 0 0 239 0 0 239 0 0 239 0 0 239 0 0 239 0 4 239 0 0 242 0 0 238 0 4 237 8 0 210 0 7 209 1 2 205 1 0 209 3 1 207 0 1 207 0 1 207 0 1 207 0 1 207 0 1 207 0 1 207 0 1 207 0 0 176 0 0 176 0 0 176 0 0 176 0 0 176 0 0 176 0 0 176 0 0 176 0 2 173 0 0 179 2 0 178 5 6 175 10 0 145 0 5 143 0 3 142 1 0 147 5 0 143 2 0 143 2 0 143 2 0 143 2 0 143 2 0 143 2 0 143 2 0 143 2 1 111 0 1 111 0 1 111 0 1 111 0 1 111 0 1 111 0 1 111 0 1 111 0 4 108 0 2 114 2 0 112 4 7 109 9 0 80 0 5 76 0 3 75 1 0 81 5 0 79 0 0 79 0 0 79 0 0 79 0 0 79 0 0 79 0 0 79 0 0 79 0 0 48 0 0 48 0 0 48 0 0 48 0 0 48 0 0 48 0 0 48 0 0 48 0 3 45 0 2 52 3 0 50 4 6 46 11 0 17 0 5 13 0 1 11 0 0 18 6 0 16 0 3 14 0 5 13 0 1 15 0 0 18 0 0 16 0 9 11 0 20 5 0 239 30 10 233 20 2 232 15 0 238 17 1 240 19 3 238 17 1 236 16 0 235 18 1 235 18 1 240 19 1 236 17 0 225 26 0 217 44 4 208 52 3 204 50 0 208 51 0 207 49 1 207 49 1 206 50 1 206 50 1 205 51 1 203 51 1 203 51 1 203 51 1 176 81 1 176 81 1 174 81 1 174 81 1 173 82 1 173 82 1 172 83 1 172 83 1 173 82 1 238 17 0 238 17 0 238 17 0 238 17 0 238 17 0 238 17 0 238 17 0 238 17 0 237 17 1 241 18 1 236 15 0 227 23 0 218 42 3 208 50 2 203 47 0 208 48 0 208 48 0 208 48 0 206 48 0 206 48 0 205 49 0 205 49 0 204 50 0 204 50 0 179 78 0 178 78 0 178 78 0 176 79 0 176 79 0 175 80 0 175 80 0 173 80 0 173 80 2 180 80 2 175 78 0 164 87 0 157 105 4 146 114 3 142 112 0 148 112 0 144 112 1 144 112 1 144 112 1 144 112 1 144 112 1 144 112 1 144 112 1 144 112 1 114 143 1 112 144 1 112 144 1 111 144 1 111 144 1 110 145 1 110 145 1 108 146 1 108 145 3 114 146 3 109 143 0 98 151 0 91 169 5 80 178 3 75 175 0 81 175 0 81 176 0 79 176 0 79 176 0 78 177 0 78 177 0 77 178 0 77 178 0 75 179 0 46 209 0 46 209 0 46 209 0 46 209 0 46 209 0 46 209 0 46 209 0 46 209 0 45 209 0 50 209 2 44 207 0 34 215 0 26 234 1 17 242 2 11 239 0 16 239 0 13 241 0 13 241 0 13 241 0 13 241 0 13 241 0 13 241 0 13 241 0 13 241 0 0 239 0 0 239 0 
0 239 0 0 239 0 0 239 0 0 239 0 0 239 0 0 239 0 4 239 0 0 242 0 0 238 0 4 237 8 0 210 0 7 209 1 2 205 1 0 209 3 1 207 0 1 207 0 1 207 0 1 207 0 1 207 0 1 207 0 1 207 0 1 207 0 0 176 0 0 176 0 0 176 0 0 176 0 0 176 0 0 176 0 0 176 0 0 176 0 2 173 0 0 179 2 0 178 5 6 175 10 0 145 0 5 143 0 3 142 1 0 147 5 0 143 2 0 143 2 0 143 2 0 143 2 0 143 2 0 143 2 0 143 2 0 143 2 1 111 0 1 111 0 1 111 0 1 111 0 1 111 0 1 111 0 1 111 0 1 111 0 4 108 0 2 114 2 0 112 4 7 109 9 0 80 0 5 76 0 3 75 1 0 81 5 0 79 0 0 79 0 0 79 0 0 79 0 0 79 0 0 79 0 0 79 0 0 79 0 0 48 0 0 48 0 0 48 0 0 48 0 0 48 0 0 48 0 0 48 0 0 48 0 3 45 0 2 52 3 0 50 4 6 46 11 0 17 0 5 13 0 1 11 0 0 18 6 0 16 0 3 14 0 5 13 0 1 15 0 0 18 0 0 16 0 9 11 0 20 5 0 239 30 10 233 20 2 232 15 0 238 17 1 240 19 3 238 17 1 236 16 0 235 18 1 235 18 1 240 19 1 236 17 0 225 26 0 217 44 4 208 52 3 204 50 0 208 51 0 207 49 1 207 49 1 206 50 1 206 50 1 205 51 1 203 51 1 203 51 1 203 51 1 176 81 1 176 81 1 174 81 1 174 81 1 173 82 1 173 82 1 172 83 1 172 83 1 173 82 1 238 17 0 238 17 0 238 17 0 238 17 0 238 17 0 238 17 0 238 17 0 238 17 0 237 17 1 241 18 1 236 15 0 227 23 0 218 42 3 208 50 2 203 47 0 208 48 0 208 48 0 208 48 0 206 48 0 206 48 0 205 49 0 205 49 0 204 50 0 204 50 0 179 78 0 178 78 0 178 78 0 176 79 0 176 79 0 175 80 0 175 80 0 173 80 0 173 80 2 180 80 2 175 78 0 164 87 0 157 105 4 146 114 3 142 112 0 148 112 0 144 112 1 144 112 1 144 112 1 144 112 1 144 112 1 144 112 1 144 112 1 144 112 1 114 143 1 112 144 1 112 144 1 111 144 1 111 144 1 110 145 1 110 145 1 108 146 1 108 145 3 114 146 3 109 143 0 98 151 0 91 169 5 80 178 3 75 175 0 81 175 0 81 176 0 79 176 0 79 176 0 78 177 0 78 177 0 77 178 0 77 178 0 75 179 0 46 209 0 46 209 0 46 209 0 46 209 0 46 209 0 46 209 0 46 209 0 46 209 0 45 209 0 50 209 2 44 207 0 34 215 0 26 234 1 17 242 2 11 239 0 16 239 0 13 241 0 13 241 0 13 241 0 13 241 0 13 241 0 13 241 0 13 241 0 13 241 0 0 239 0 0 239 0 0 239 0 0 239 0 0 239 0 0 239 0 0 239 0 0 239 0 4 239 0 0 242 0 0 238 0 4 237 8 0 210 0 7 209 1 2 205 1 0 209 3 1 207 0 1 207 0 1 207 0 1 207 0 1 207 0 1 207 0 1 207 0 1 207 0 0 176 0 0 176 0 0 176 0 0 176 0 0 176 0 0 176 0 0 176 0 0 176 0 2 173 0 
0 179 2 0 178 5 6 175 10 0 145 0 5 143 0 3 142 1 0 147 5 0 143 2 0 143 2 0 143 2 0 143 2 0 143 2 0 143 2 0 143 2 0 143 2 1 111 0 1 111 0 1 111 0 1 111 0 1 111 0 1 111 0 1 111 0 1 111 0 4 108 0 2 114 2 0 112 4 7 109 9 0 80 0 5 76 0 3 75 1 0 81 5 0 79 0 0 79 0 0 79 0 0 79 0 0 79 0 0 79 0 0 79 0 0 79 0 0 48 0 0 48 0 0 48 0 0 48 0 0 48 0 0 48 0 0 48 0 0 48 0 3 45 0 2 52 3 0 50 4 6 46 11 0 17 0 5 13 0 1 11 0 0 18 6 0 16 0 3 14 0 5 13 0 1 15 0 0 18 0 0 16 0 9 11 0 20 5 0 239 30 10 233 20 2 232 15 0 238 17 1 240 19 3 238 17 1 236 16 0 235 18 1 235 18 1 240 19 1 236 17 0 225 26 0 217 44 4 208 52 3 204 50 0 208 51 0 207 49 1 207 49 1 206 50 1 206 50 1 205 51 1 203 51 1 203 51 1 203 51 1 176 81 1 176 81 1 174 81 1 174 81 1 173 82 1 173 82 1 172 83 1 172 83 1 173 82 1 237 18 0 237 18 0 237 18 0 237 18 0 237 18 0 237 18 0 237 18 0 237 18 0 235 18 1 240 19 1 236 17 0 225 26 0 217 44 4 208 52 3 204 50 0 208 51 0 207 49 1 207 49 1 206 50 1 206 50 1 205 51 1 203 51 1 203 51 1 203 51 1 176 81 1 176 81 1 174 81 1 174 81 1 173 82 1 173 82 1 172 83 1 172 83 1 174 81 3 179 82 3 172 80 0 162 89 0 152 107 4 142 116 3 135 114 0 140 115 0 141 114 0 141 114 0 140 115 0 140 115 0 138 116 0 137 116 0 137 116 0 137 116 0 110 145 1 110 145 1 110 145 1 110 145 1 110 145 1 110 145 1 110 145 1 110 145 1 107 146 3 112 147 3 107 145 0 98 153 0 90 171 6 80 180 4 75 178 0 80 179 1 78 179 0 78 179 0 78 179 0 78 179 0 78 179 0 78 179 0 78 179 0 78 179 0 46 210 0 46 210 0 46 210 0 46 210 0 46 210 0 46 210 0 46 210 0 46 210 0 46 210 1 51 210 3 44 208 0 33 217 0 25 235 2 15 244 3 8 242 0 13 242 0 13 242 0 13 242 0 13 242 0 13 242 0 13 242 0 13 242 0 13 242 0 13 242 0 14 231 0 7 235 0 1 238 0 4 236 0 11 233 0 14 231 0 10 234 0 3 237 0 3 234 0 10 237 0 13 235 4 18 234 11 0 209 0 1 208 0 0 203 0 3 204 2 0 208 0 1 207 0 4 205 2 7 204 2 5 203 2 2 205 2 0 206 3 0 207 3 0 174 0 0 174 0 0 174 0 0 174 0 0 174 0 0 174 0 0 174 0 0 174 0 4 172 0 3 177 4 0 175 6 8 173 11 0 143 0 6 138 0 2 138 2 1 143 7 0 141 1 0 141 1 0 141 1 0 141 1 0 141 1 0 141 1 0 141 1 0 141 1 0 109 0 0 109 0 0 109 0 0 109 0 0 109 0 0 109 0 0 109 0 0 109 0 5 109 0 0 111 0 0 107 0 5 107 7 0 80 0 8 79 1 3 75 1 0 78 2 
0 78 0 0 78 0 0 78 0 0 78 0 0 78 0 0 78 0 0 78 0 0 78 0 0 45 0 0 45 0 0 45 0 0 45 0 0 45 0 0 45 0 0 45 0 0 45 0 2 44 0 0 48 0 0 44 0 2 42 7 0 16 0 6 14 0 1 11 0 0 14 2 0 14 1 4 12 1 5 11 1 1 13 1 0 16 1 0 14 1 9 9 1 21 3 1 231 35 9 232 23 1 236 15 0 239 18 0 234 23 2 229 23 0 231 20 0 238 19 0 233 20 2 240 21 2 234 18 0 224 26 0 216 44 4 205 53 3 200 50 0 206 50 0 206 50 1 205 51 1 205 51 1 203 51 1 203 51 1 202 52 1 202 52 1 200 53 1 173 83 0 172 84 0 172 84 0 170 84 0 170 84 0 169 85 0 169 85 0 167 86 0 169 85 0 237 18 0 237 18 0 237 18 0 237 18 0 237 18 0 237 18 0 237 18 0 237 18 0 235 18 1 240 19 1 236 17 0 225 26 0 217 44 4 208 52 3 204 50 0 208 51 0 207 49 1 207 49 1 206 50 1 206 50 1 205 51 1 203 51 1 203 51 1 203 51 1 176 81 1 176 81 1 174 81 1 174 81 1 173 82 1 173 82 1 172 83 1 172 83 1 174 81 3 179 82 3 172 80 0 162 89 0 152 107 4 142 116 3 135 114 0 140 115 0 141 114 0 141 114 0 140 115 0 140 115 0 138 116 0 137 116 0 137 116 0 137 116 0 110 145 1 110 145 1 110 145 1 110 145 1 110 145 1 110 145 1 110 145 1 110 145 1 107 146 3 112 147 3 107 145 0 98 153 0 90 171 6 80 180 4 75 178 0 80 179 1 78 179 0 78 179 0 78 179 0 78 179 0 78 179 0 78 179 0 78 179 0 78 179 0 46 210 0 46 210 0 46 210 0 46 210 0 46 210 0 46 210 0 46 210 0 46 210 0 46 210 1 51 210 3 44 208 0 33 217 0 25 235 2 15 244 3 8 242 0 13 242 0 13 242 0 13 242 0 13 242 0 13 242 0 13 242 0 13 242 0 13 242 0 13 242 0 9 235 1 2 239 1 0 242 1 0 240 1 6 237 1 9 235 1 5 237 1 0 241 1 0 236 0 4 239 0 8 236 3 14 235 10 0 209 0 0 207 0 0 202 0 2 203 1 0 205 0 0 205 0 3 204 1 6 205 2 7 205 4 5 206 4 2 207 6 1 208 6 0 174 0 0 174 0 0 174 0 0 174 0 0 174 0 0 174 0 0 174 0 0 174 0 4 172 0 3 177 4 0 175 6 8 173 11 0 143 0 6 138 0 2 138 2 1 143 7 0 141 1 0 141 1 0 141 1 0 141 1 0 141 1 0 141 1 0 141 1 0 141 1 0 109 0 0 109 0 0 109 0 0 109 0 0 109 0 0 109 0 0 109 0 0 109 0 5 109 0 0 111 0 0 107 0 5 107 7 0 80 0 8 79 1 3 75 1 0 78 2 0 78 0 0 78 0 0 78 0 0 78 0 0 78 0 0 78 0 0 78 0 0 78 0 0 45 0 0 45 0 0 45 0 0 45 0 0 45 0 0 45 0 0 45 0 0 45 0 2 44 0 0 48 0 0 44 0 2 42 7 0 16 0 6 14 0 1 11 0 0 14 2 0 14 1 4 12 1 5 11 1 1 13 1 0 16 1 0 14 1 9 9 1 
21 3 1 231 35 9 232 23 1 236 15 0 239 18 0 234 23 2 229 23 0 231 20 0 238 19 0 233 20 2 240 21 2 234 18 0 224 26 0 216 44 4 205 53 3 200 50 0 206 50 0 206 50 1 205 51 1 205 51 1 203 51 1 203 51 1 202 52 1 202 52 1 200 53 1 173 83 0 172 84 0 172 84 0 170 84 0 170 84 0 169 85 0 169 85 0 167 86 0 169 85 0 237 18 0 237 18 0 237 18 0 237 18 0 237 18 0 237 18 0 237 18 0 237 18 0 235 18 1 240 19 1 236 17 0 225 26 0 217 44 4 208 52 3 204 50 0 208 51 0 207 49 1 207 49 1 206 50 1 206 50 1 205 51 1 203 51 1 203 51 1 203 51 1 176 81 1 176 81 1 174 81 1 174 81 1 173 82 1 173 82 1 172 83 1 172 83 1 174 81 3 179 82 3 172 80 0 162 89 0 152 107 4 142 116 3 135 114 0 140 115 0 141 114 0 141 114 0 140 115 0 140 115 0 138 116 0 137 116 0 137 116 0 137 116 0 110 145 1 110 145 1 110 145 1 110 145 1 110 145 1 110 145 1 110 145 1 110 145 1 107 146 3 112 147 3 107 145 0 98 153 0 90 171 6 80 180 4 75 178 0 80 179 1 78 179 0 78 179 0 78 179 0 78 179 0 78 179 0 78 179 0 78 179 0 78 179 0 46 210 0 46 210 0 46 210 0 46 210 0 46 210 0 46 210 0 46 210 0 46 210 0 46 210 1 51 210 3 44 208 0 33 217 0 25 235 2 15 244 3 8 242 0 13 242 0 13 242 0 13 242 0 13 242 0 13 242 0 13 242 0 13 242 0 13 242 0 13 242 0 5 237 1 0 241 1 0 244 1 0 242 1 2 239 1 6 237 1 1 240 1 0 243 1 0 239 0 0 242 0 2 240 4 9 238 11 0 212 0 0 209 0 0 203 0 5 203 2 0 205 0 0 206 0 0 206 1 4 205 2 8 205 4 8 205 4 7 205 6 7 205 6 0 174 0 0 174 0 0 174 0 0 174 0 0 174 0 0 174 0 0 174 0 0 174 0 4 172 0 3 177 4 0 175 6 8 173 11 0 143 0 6 138 0 2 138 2 1 143 7 0 141 1 0 141 1 0 141 1 0 141 1 0 141 1 0 141 1 0 141 1 0 141 1 0 109 0 0 109 0 0 109 0 0 109 0 0 109 0 0 109 0 0 109 0 0 109 0 5 109 0 0 111 0 0 107 0 5 107 7 0 80 0 8 79 1 3 75 1 0 78 2 0 78 0 0 78 0 0 78 0 0 78 0 0 78 0 0 78 0 0 78 0 0 78 0 0 45 0 0 45 0 0 45 0 0 45 0 0 45 0 0 45 0 0 45 0 0 45 0 2 44 0 0 48 0 0 44 0 2 42 7 0 16 0 6 14 0 1 11 0 0 14 2 0 14 1 4 12 1 5 11 1 1 13 1 0 16 1 0 14 1 9 9 1 21 3 1 231 35 9 232 23 1 236 15 0 239 18 0 234 23 2 229 23 0 231 20 0 238 19 0 233 20 2 240 21 2 234 18 0 224 26 0 216 44 4 205 53 3 200 50 0 206 50 0 206 50 1 205 51 1 205 51 1 203 51 1 203 51 1 202 52 1 202 52 1 200 53 1 173 83 0 172 84 0 172 84 0 170 84 0 170 84 0 169 85 0 
169 85 0 167 86 0 169 85 0 237 18 0 237 18 0 237 18 0 237 18 0 237 18 0 237 18 0 237 18 0 237 18 0 235 18 1 240 19 1 236 17 0 225 26 0 217 44 4 208 52 3 204 50 0 208 51 0 207 49 1 207 49 1 206 50 1 206 50 1 205 51 1 203 51 1 203 51 1 203 51 1 176 81 1 176 81 1 174 81 1 174 81 1 173 82 1 173 82 1 172 83 1 172 83 1 174 81 3 179 82 3 172 80 0 162 89 0 152 107 4 142 116 3 135 114 0 140 115 0 141 114 0 141 114 0 140 115 0 140 115 0 138 116 0 137 116 0 137 116 0 137 116 0 110 145 1 110 145 1 110 145 1 110 145 1 110 145 1 110 145 1 110 145 1 110 145 1 107 146 3 112 147 3 107 145 0 98 153 0 90 171 6 80 180 4 75 178 0 80 179 1 78 179 0 78 179 0 78 179 0 78 179 0 78 179 0 78 179 0 78 179 0 78 179 0 46 210 0 46 210 0 46 210 0 46 210 0 46 210 0 46 210 0 46 210 0 46 210 0 46 210 1 51 210 3 44 208 0 33 217 0 25 235 2 15 244 3 8 242 0 13 242 0 13 242 0 13 242 0 13 242 0 13 242 0 13 242 0 13 242 0 13 242 0 13 242 0 5 236 0 0 239 0 0 241 0 0 240 0 4 236 0 7 235 0 1 238 0 0 241 0 0 243 0 0 246 2 1 244 6 8 244 14 0 216 0 0 212 0 3 204 1 8 205 4 0 211 2 0 210 1 0 208 2 3 204 1 4 202 1 6 201 1 8 200 3 8 200 3 0 174 0 0 174 0 0 174 0 0 174 0 0 174 0 0 174 0 0 174 0 0 174 0 4 172 0 3 177 4 0 175 6 8 173 11 0 143 0 6 138 0 2 138 2 1 143 7 0 141 1 0 141 1 0 141 1 0 141 1 0 141 1 0 141 1 0 141 1 0 141 1 0 109 0 0 109 0 0 109 0 0 109 0 0 109 0 0 109 0 0 109 0 0 109 0 5 109 0 0 111 0 0 107 0 5 107 7 0 80 0 8 79 1 3 75 1 0 78 2 0 78 0 0 78 0 0 78 0 0 78 0 0 78 0 0 78 0 0 78 0 0 78 0 0 45 0 0 45 0 0 45 0 0 45 0 0 45 0 0 45 0 0 45 0 0 45 0 2 44 0 0 48 0 0 44 0 2 42 7 0 16 0 6 14 0 1 11 0 0 14 2 0 14 1 4 12 1 5 11 1 1 13 1 0 16 1 0 14 1 9 9 1 21 3 1 231 35 9 232 23 1 236 15 0 239 18 0 234 23 2 229 23 0 231 20 0 238 19 0 233 20 2 240 21 2 234 18 0 224 26 0 216 44 4 205 53 3 200 50 0 206 50 0 206 50 1 205 51 1 205 51 1 203 51 1 203 51 1 202 52 1 202 52 1 200 53 1 173 83 0 172 84 0 172 84 0 170 84 0 170 84 0 169 85 0 169 85 0 167 86 0 169 85 0 237 18 0 237 18 0 237 18 0 237 18 0 237 18 0 237 18 0 237 18 0 237 18 0 235 18 1 240 19 1 236 17 0 225 26 0 217 44 4 208 52 3 204 50 0 208 51 0 207 49 1 207 49 1 206 50 1 206 50 1 205 51 1 203 51 1 203 51 1 203 51 1 176 81 1 176 81 1 174 81 1 174 81 1 
173 82 1 173 82 1 172 83 1 172 83 1 174 81 3 179 82 3 172 80 0 162 89 0 152 107 4 142 116 3 135 114 0 140 115 0 141 114 0 141 114 0 140 115 0 140 115 0 138 116 0 137 116 0 137 116 0 137 116 0 110 145 1 110 145 1 110 145 1 110 145 1 110 145 1 110 145 1 110 145 1 110 145 1 107 146 3 112 147 3 107 145 0 98 153 0 90 171 6 80 180 4 75 178 0 80 179 1 78 179 0 78 179 0 78 179 0 78 179 0 78 179 0 78 179 0 78 179 0 78 179 0 46 210 0 46 210 0 46 210 0 46 210 0 46 210 0 46 210 0 46 210 0 46 210 0 46 210 1 51 210 3 44 208 0 33 217 0 25 235 2 15 244 3 8 242 0 13 242 0 13 242 0 13 242 0 13 242 0 13 242 0 13 242 0 13 242 0 13 242 0 13 242 0 12 232 0 5 236 0 0 239 0 3 237 0 10 234 0 12 232 0 7 235 0 1 238 0 0 241 0 1 244 2 2 243 6 8 244 14 0 216 0 1 211 0 5 204 1 12 202 4 5 215 6 4 212 4 2 208 3 1 204 0 2 200 0 4 199 0 8 198 2 11 198 3 0 174 0 0 174 0 0 174 0 0 174 0 0 174 0 0 174 0 0 174 0 0 174 0 4 172 0 3 177 4 0 175 6 8 173 11 0 143 0 6 138 0 2 138 2 1 143 7 0 141 1 0 141 1 0 141 1 0 141 1 0 141 1 0 141 1 0 141 1 0 141 1 0 109 0 0 109 0 0 109 0 0 109 0 0 109 0 0 109 0 0 109 0 0 109 0 5 109 0 0 111 0 0 107 0 5 107 7 0 80 0 8 79 1 3 75 1 0 78 2 0 78 0 0 78 0 0 78 0 0 78 0 0 78 0 0 78 0 0 78 0 0 78 0 0 45 0 0 45 0 0 45 0 0 45 0 0 45 0 0 45 0 0 45 0 0 45 0 2 44 0 0 48 0 0 44 0 2 42 7 0 16 0 6 14 0 1 11 0 0 14 2 0 14 1 4 12 1 5 11 1 1 13 1 0 16 1 0 14 1 9 9 1 21 3 1 231 35 9 232 23 1 236 15 0 239 18 0 234 23 2 229 23 0 231 20 0 238 19 0 233 20 2 240 21 2 234 18 0 224 26 0 216 44 4 205 53 3 200 50 0 206 50 0 206 50 1 205 51 1 205 51 1 203 51 1 203 51 1 202 52 1 202 52 1 200 53 1 173 83 0 172 84 0 172 84 0 170 84 0 170 84 0 169 85 0 169 85 0 167 86 0 169 85 0 237 18 0 237 18 0 237 18 0 237 18 0 237 18 0 237 18 0 237 18 0 237 18 0 235 18 1 240 19 1 236 17 0 225 26 0 217 44 4 208 52 3 204 50 0 208 51 0 207 49 1 207 49 1 206 50 1 206 50 1 205 51 1 203 51 1 203 51 1 203 51 1 176 81 1 176 81 1 174 81 1 174 81 1 173 82 1 173 82 1 172 83 1 172 83 1 174 81 3 179 82 3 172 80 0 162 89 0 152 107 4 142 116 3 135 114 0 140 115 0 141 114 0 141 114 0 140 115 0 140 115 0 138 116 0 137 116 0 137 116 0 137 116 0 110 145 1 110 145 1 110 145 1 110 145 1 110 145 1 110 145 1 110 145 1 110 145 1 107 146 3 112 147 3 107 145 0 
98 153 0 90 171 6 80 180 4 75 178 0 80 179 1 78 179 0 78 179 0 78 179 0 78 179 0 78 179 0 78 179 0 78 179 0 78 179 0 46 210 0 46 210 0 46 210 0 46 210 0 46 210 0 46 210 0 46 210 0 46 210 0 46 210 1 51 210 3 44 208 0 33 217 0 25 235 2 15 244 3 8 242 0 13 242 0 13 242 0 13 242 0 13 242 0 13 242 0 13 242 0 13 242 0 13 242 0 13 242 0 15 232 1 8 236 1 2 239 1 6 237 1 13 233 1 16 232 1 11 235 1 4 238 1 3 234 0 6 239 0 6 238 4 9 238 11 0 212 0 1 208 0 7 200 0 14 198 2 7 209 3 4 207 1 2 205 1 0 203 0 1 202 0 5 202 1 9 201 4 13 200 5 0 174 0 0 174 0 0 174 0 0 174 0 0 174 0 0 174 0 0 174 0 0 174 0 4 172 0 3 177 4 0 175 6 8 173 11 0 143 0 6 138 0 2 138 2 1 143 7 0 141 1 0 141 1 0 141 1 0 141 1 0 141 1 0 141 1 0 141 1 0 141 1 0 109 0 0 109 0 0 109 0 0 109 0 0 109 0 0 109 0 0 109 0 0 109 0 5 109 0 0 111 0 0 107 0 5 107 7 0 80 0 8 79 1 3 75 1 0 78 2 0 78 0 0 78 0 0 78 0 0 78 0 0 78 0 0 78 0 0 78 0 0 78 0 0 45 0 0 45 0 0 45 0 0 45 0 0 45 0 0 45 0 0 45 0 0 45 0 2 44 0 0 48 0 0 44 0 2 42 7 0 16 0 6 14 0 1 11 0 0 14 2 0 14 1 4 12 1 5 11 1 1 13 1 0 16 1 0 14 1 9 9 1 21 3 1 231 35 9 232 23 1 236 15 0 239 18 0 234 23 2 229 23 0 231 20 0 238 19 0 233 20 2 240 21 2 234 18 0 224 26 0 216 44 4 205 53 3 200 50 0 206 50 0 206 50 1 205 51 1 205 51 1 203 51 1 203 51 1 202 52 1 202 52 1 200 53 1 173 83 0 172 84 0 172 84 0 170 84 0 170 84 0 169 85 0 169 85 0 167 86 0 169 85 0 237 18 0 237 18 0 237 18 0 237 18 0 237 18 0 237 18 0 237 18 0 237 18 0 235 18 1 240 19 1 236 17 0 225 26 0 217 44 4 208 52 3 204 50 0 208 51 0 207 49 1 207 49 1 206 50 1 206 50 1 205 51 1 203 51 1 203 51 1 203 51 1 176 81 1 176 81 1 174 81 1 174 81 1 173 82 1 173 82 1 172 83 1 172 83 1 174 81 3 179 82 3 172 80 0 162 89 0 152 107 4 142 116 3 135 114 0 140 115 0 141 114 0 141 114 0 140 115 0 140 115 0 138 116 0 137 116 0 137 116 0 137 116 0 110 145 1 110 145 1 110 145 1 110 145 1 110 145 1 110 145 1 110 145 1 110 145 1 107 146 3 112 147 3 107 145 0 98 153 0 90 171 6 80 180 4 75 178 0 80 179 1 78 179 0 78 179 0 78 179 0 78 179 0 78 179 0 78 179 0 78 179 0 78 179 0 46 210 0 46 210 0 46 210 0 46 210 0 46 210 0 46 210 0 46 210 0 46 210 0 46 210 1 51 210 3 44 208 0 33 217 0 25 235 2 15 244 3 8 242 0 13 242 0 13 242 0 13 242 0 
13 242 0 13 242 0 13 242 0 13 242 0 13 242 0 13 242 0 11 235 1 4 238 1 0 240 1 2 239 1 9 235 1 12 234 1 6 237 1 0 240 1 14 228 0 15 233 0 13 233 3 15 234 10 0 209 0 5 204 0 10 196 0 18 195 1 8 201 0 5 202 0 3 204 1 2 205 1 3 206 3 6 204 3 9 204 6 12 202 6 0 174 0 0 174 0 0 174 0 0 174 0 0 174 0 0 174 0 0 174 0 0 174 0 4 172 0 3 177 4 0 175 6 8 173 11 0 143 0 6 138 0 2 138 2 1 143 7 0 141 1 0 141 1 0 141 1 0 141 1 0 141 1 0 141 1 0 141 1 0 141 1 0 109 0 0 109 0 0 109 0 0 109 0 0 109 0 0 109 0 0 109 0 0 109 0 5 109 0 0 111 0 0 107 0 5 107 7 0 80 0 8 79 1 3 75 1 0 78 2 0 78 0 0 78 0 0 78 0 0 78 0 0 78 0 0 78 0 0 78 0 0 78 0 0 45 0 0 45 0 0 45 0 0 45 0 0 45 0 0 45 0 0 45 0 0 45 0 2 44 0 0 48 0 0 44 0 2 42 7 0 16 0 6 14 0 1 11 0 0 14 2 0 14 1 4 12 1 5 11 1 1 13 1 0 16 1 0 14 1 9 9 1 21 3 1 231 35 9 232 23 1 236 15 0 239 18 0 234 23 2 229 23 0 231 20 0 238 19 0 233 20 2 240 21 2 234 18 0 224 26 0 216 44 4 205 53 3 200 50 0 206 50 0 206 50 1 205 51 1 205 51 1 203 51 1 203 51 1 202 52 1 202 52 1 200 53 1 173 83 0 172 84 0 172 84 0 170 84 0 170 84 0 169 85 0 169 85 0 167 86 0 169 85 0 237 18 0 237 18 0 237 18 0 237 18 0 237 18 0 237 18 0 237 18 0 237 18 0 235 18 1 240 19 1 236 17 0 225 26 0 217 44 4 208 52 3 204 50 0 208 51 0 207 49 1 207 49 1 206 50 1 206 50 1 205 51 1 203 51 1 203 51 1 203 51 1 176 81 1 176 81 1 174 81 1 174 81 1 173 82 1 173 82 1 172 83 1 172 83 1 174 81 3 179 82 3 172 80 0 162 89 0 152 107 4 142 116 3 135 114 0 140 115 0 141 114 0 141 114 0 140 115 0 140 115 0 138 116 0 137 116 0 137 116 0 137 116 0 110 145 1 110 145 1 110 145 1 110 145 1 110 145 1 110 145 1 110 145 1 110 145 1 107 146 3 112 147 3 107 145 0 98 153 0 90 171 6 80 180 4 75 178 0 80 179 1 78 179 0 78 179 0 78 179 0 78 179 0 78 179 0 78 179 0 78 179 0 78 179 0 46 210 0 46 210 0 46 210 0 46 210 0 46 210 0 46 210 0 46 210 0 46 210 0 46 210 1 51 210 3 44 208 0 33 217 0 25 235 2 15 244 3 8 242 0 13 242 0 13 242 0 13 242 0 13 242 0 13 242 0 13 242 0 13 242 0 13 242 0 13 242 0 4 236 0 0 240 0 0 242 0 0 241 0 3 237 0 5 236 0 0 239 0 0 242 0 22 225 0 23 230 0 19 232 4 21 233 11 1 208 0 8 204 0 14 196 0 21 195 2 8 196 0 7 200 0 6 205 2 5 208 4 6 209 6 6 207 5 7 203 5 8 200 3 0 174 0 
0 174 0 0 174 0 0 174 0 0 174 0 0 174 0 0 174 0 0 174 0 4 172 0 3 177 4 0 175 6 8 173 11 0 143 0 6 138 0 2 138 2 1 143 7 0 141 1 0 141 1 0 141 1 0 141 1 0 141 1 0 141 1 0 141 1 0 141 1 0 109 0 0 109 0 0 109 0 0 109 0 0 109 0 0 109 0 0 109 0 0 109 0 5 109 0 0 111 0 0 107 0 5 107 7 0 80 0 8 79 1 3 75 1 0 78 2 0 78 0 0 78 0 0 78 0 0 78 0 0 78 0 0 78 0 0 78 0 0 78 0 0 45 0 0 45 0 0 45 0 0 45 0 0 45 0 0 45 0 0 45 0 0 45 0 2 44 0 0 48 0 0 44 0 2 42 7 0 16 0 6 14 0 1 11 0 0 14 2 0 14 1 4 12 1 5 11 1 1 13 1 0 16 1 0 14 1 9 9 1 21 3 1 231 35 9 232 23 1 236 15 0 239 18 0 234 23 2 229 23 0 231 20 0 238 19 0 233 20 2 240 21 2 234 18 0 224 26 0 216 44 4 205 53 3 200 50 0 206 50 0 206 50 1 205 51 1 205 51 1 203 51 1 203 51 1 202 52 1 202 52 1 200 53 1 173 83 0 172 84 0 172 84 0 170 84 0 170 84 0 169 85 0 169 85 0 167 86 0 169 85 0 239 18 0 239 18 0 239 18 0 239 18 0 239 18 0 239 18 0 239 18 0 239 18 0 235 18 1 240 19 1 236 17 0 226 25 0 219 43 4 208 52 3 204 50 0 208 51 0 207 49 1 207 49 1 207 49 1 206 50 1 205 51 1 205 51 1 203 51 1 203 51 1 177 80 1 176 81 1 176 81 1 174 81 1 174 81 1 173 82 1 172 83 1 172 83 1 171 82 2 177 82 2 171 80 0 162 89 0 154 106 4 143 116 3 139 114 0 145 113 0 141 114 0 141 114 0 140 115 0 140 115 0 138 116 0 137 116 0 137 116 0 137 116 0 108 148 0 108 148 0 108 148 0 108 148 0 108 148 0 108 148 0 108 148 0 108 148 0 105 147 0 110 148 1 106 146 0 97 154 0 87 173 2 78 181 2 74 179 0 79 180 0 78 179 0 78 179 0 78 179 0 78 179 0 78 179 0 78 179 0 78 179 0 78 179 0 49 209 0 49 209 0 47 210 0 47 210 0 46 210 0 44 211 0 44 211 0 44 211 0 43 210 0 48 210 2 44 208 0 35 216 0 25 235 2 16 243 3 12 241 0 17 242 0 12 241 0 12 241 0 12 241 0 12 241 0 12 241 0 12 241 0 12 241 0 12 241 0 7 231 0 4 235 0 0 242 0 0 247 2 0 247 2 2 241 0 7 234 0 12 228 0 6 230 0 0 249 9 0 242 10 0 238 15 0 235 12 0 212 6 21 204 15 0 211 11 7 207 0 4 215 0 1 216 0 7 216 1 12 216 5 8 207 0 12 194 0 28 189 0 0 174 0 0 174 0 0 174 0 0 174 0 0 174 0 0 174 0 0 174 0 0 174 0 3 171 0 2 176 3 0 175 6 7 172 10 0 143 0 7 139 1 3 139 3 2 144 8 0 141 1 0 141 1 0 141 1 0 141 1 0 141 1 0 141 1 0 141 1 0 141 1 2 109 3 2 109 3 2 109 3 2 109 3 2 109 3 2 109 3 2 109 3 2 109 3 
3 106 0 0 110 0 0 106 0 3 104 8 0 78 0 6 77 1 2 74 1 0 76 3 2 76 1 2 76 1 2 76 1 2 76 1 2 76 1 2 76 1 2 76 1 2 76 1 0 45 0 0 45 0 0 45 0 0 45 0 0 45 0 0 45 0 0 45 0 0 45 0 6 45 0 0 47 1 0 43 1 6 43 10 0 15 0 8 14 2 4 11 3 0 14 4 0 14 1 4 12 1 5 11 1 1 13 1 0 16 1 0 14 1 9 9 1 21 3 1 237 33 9 232 23 1 230 18 0 236 19 0 238 21 2 236 19 0 234 19 0 233 21 0 234 19 1 239 20 1 233 17 0 224 25 0 215 43 3 205 51 1 200 49 0 204 48 0 205 49 0 205 49 0 204 50 0 204 50 0 202 50 0 201 51 0 201 51 0 201 51 0 171 85 0 171 85 0 171 85 0 170 86 0 168 87 0 168 87 0 167 87 0 167 87 0 169 85 0 238 19 0 238 19 0 238 19 0 238 19 0 238 19 0 238 19 0 238 19 0 238 19 0 235 18 1 240 19 1 236 17 0 226 25 0 217 44 4 208 52 3 204 50 0 208 51 0 207 49 1 207 49 1 206 50 1 206 50 1 205 51 1 203 51 1 203 51 1 203 51 1 176 81 1 176 81 1 176 81 1 174 81 1 173 82 1 173 82 1 172 83 1 172 83 1 171 82 2 175 82 2 171 80 0 162 89 0 154 106 4 143 116 3 139 114 0 144 114 0 141 114 0 141 114 0 140 115 0 140 115 0 138 116 0 137 116 0 137 116 0 137 116 0 108 148 0 108 148 0 108 148 0 108 148 0 108 148 0 108 148 0 108 148 0 108 148 0 105 147 0 110 148 1 106 146 0 97 154 0 87 173 2 78 181 2 74 179 0 79 180 0 78 179 0 78 179 0 78 179 0 78 179 0 78 179 0 78 179 0 78 179 0 78 179 0 49 209 0 49 209 0 47 210 0 47 210 0 46 210 0 44 211 0 44 211 0 43 212 0 43 210 0 48 210 2 44 208 0 33 217 0 25 235 2 16 243 3 12 241 0 17 242 0 12 241 0 12 241 0 12 241 0 12 241 0 12 241 0 12 241 0 12 241 0 12 241 0 7 231 0 4 235 0 0 242 0 0 247 2 0 246 2 2 241 0 9 233 0 12 228 0 0 236 0 0 247 9 13 224 8 29 206 12 10 205 13 19 190 13 39 186 18 7 194 15 14 194 9 8 201 12 7 202 12 19 197 13 31 194 15 24 193 12 6 201 13 1 215 21 0 174 0 0 174 0 0 174 0 0 174 0 0 174 0 0 174 0 0 174 0 0 174 0 2 170 0 2 176 3 0 174 5 7 172 10 0 143 0 7 139 1 2 138 2 2 144 8 0 141 1 0 141 1 0 141 1 0 141 1 0 141 1 0 141 1 0 141 1 0 141 1 2 109 3 2 109 3 2 109 3 2 109 3 2 109 3 2 109 3 2 109 3 2 109 3 3 106 0 0 110 0 0 106 0 3 104 8 0 78 0 6 77 1 2 74 1 0 76 3 2 76 1 2 76 1 2 76 1 2 76 1 2 76 1 2 76 1 2 76 1 2 76 1 0 45 0 0 45 0 0 45 0 0 45 0 0 45 0 0 45 0 0 45 0 0 45 0 5 44 0 0 47 1 0 43 1 5 42 9 0 15 0 8 14 2 4 11 3 
0 14 4 0 14 1 4 12 1 5 11 1 1 13 1 0 16 1 0 14 1 9 9 1 21 3 1 237 33 9 230 24 1 230 18 0 235 20 0 238 21 2 236 19 0 232 20 0 232 21 0 234 19 1 239 20 1 233 17 0 223 25 0 215 43 3 206 52 2 200 49 0 205 49 0 205 49 0 205 49 0 204 50 0 204 50 0 202 50 0 201 51 0 201 51 0 199 52 0 171 85 0 171 85 0 171 85 0 170 86 0 168 87 0 168 87 0 167 87 0 167 87 0 169 85 0 238 19 0 238 19 0 238 19 0 238 19 0 238 19 0 238 19 0 238 19 0 238 19 0 234 19 1 240 19 1 234 18 0 225 26 0 217 44 4 207 53 3 202 51 0 208 51 0 207 49 1 206 50 1 206 50 1 205 51 1 205 51 1 203 51 1 202 52 1 202 52 1 176 81 1 176 81 1 174 81 1 174 81 1 173 82 1 172 83 1 172 83 1 170 84 1 171 82 2 175 82 2 171 80 0 160 89 0 152 107 4 143 116 3 139 114 0 144 114 0 141 114 0 141 114 0 140 115 0 140 115 0 138 116 0 137 116 0 137 116 0 137 116 0 108 148 0 108 148 0 108 148 0 108 148 0 108 148 0 108 148 0 108 148 0 108 148 0 105 147 0 110 148 1 106 146 0 97 154 0 87 173 2 78 181 2 74 179 0 79 180 0 76 180 0 76 180 0 76 180 0 76 180 0 76 180 0 76 180 0 76 180 0 76 180 0 47 210 0 47 210 0 47 210 0 46 210 0 44 211 0 44 211 0 43 212 0 43 212 0 42 210 0 47 211 2 42 209 0 33 217 0 25 235 2 15 244 3 10 242 0 15 243 0 12 241 0 12 241 0 12 241 0 12 241 0 12 241 0 12 241 0 12 241 0 12 241 0 7 231 0 4 235 0 0 241 0 0 244 1 0 244 1 2 239 0 9 233 0 11 229 0 17 234 7 24 227 13 68 167 0 111 119 0 113 109 1 122 99 3 134 99 9 104 106 5 121 97 9 109 106 9 99 110 8 110 104 6 125 102 8 103 115 7 47 156 11 2 203 27 0 174 0 0 174 0 0 174 0 0 174 0 0 174 0 0 174 0 0 174 0 0 174 0 2 170 0 2 176 3 0 174 5 7 172 10 0 143 0 7 139 1 2 138 2 2 144 8 0 141 1 0 141 1 0 141 1 0 141 1 0 141 1 0 141 1 0 141 1 0 141 1 2 109 3 2 109 3 2 109 3 2 109 3 2 109 3 2 109 3 2 109 3 2 109 3 3 106 0 0 110 0 0 106 0 3 104 8 0 78 0 6 77 1 2 74 1 0 76 3 2 76 1 2 76 1 2 76 1 2 76 1 2 76 1 2 76 1 2 76 1 2 76 1 0 45 0 0 45 0 0 45 0 0 45 0 0 45 0 0 45 0 0 45 0 0 45 0 5 44 0 0 47 1 0 43 1 5 42 9 0 15 0 8 14 2 3 10 2 0 14 4 0 13 0 3 11 0 4 10 0 0 12 0 0 15 0 0 13 0 8 8 0 20 2 0 235 33 9 230 24 1 229 18 0 235 20 0 238 21 2 235 20 0 232 20 0 232 21 0 233 20 2 237 20 1 233 18 0 223 25 0 215 43 3 204 52 2 200 50 0 204 50 0 204 50 0 204 50 0 204 50 0 202 50 0 201 51 0 201 51 0 
199 52 0 199 52 0 171 85 0 171 85 0 171 85 0 170 86 0 168 87 0 168 87 0 167 87 0 167 87 0 169 85 0 236 19 0 236 19 0 236 19 0 236 19 0 236 19 0 236 19 0 236 19 0 236 19 0 234 19 1 239 20 1 234 18 0 224 26 0 216 44 4 207 53 3 202 51 0 207 51 0 206 50 1 206 50 1 205 51 1 205 51 1 203 51 1 202 52 1 202 52 1 202 52 1 174 81 1 174 81 1 174 81 1 173 82 1 172 83 1 172 83 1 170 84 1 170 84 1 169 82 2 174 83 2 170 81 0 160 89 0 151 108 4 142 116 3 137 114 0 142 115 0 141 114 0 141 114 0 140 115 0 140 115 0 138 116 0 137 116 0 137 116 0 137 116 0 108 148 0 108 148 0 108 148 0 108 148 0 108 148 0 108 148 0 108 148 0 108 148 0 105 147 0 110 148 1 106 146 0 97 154 0 87 173 2 78 181 2 74 179 0 79 180 0 76 180 0 76 180 0 76 180 0 76 180 0 76 180 0 76 180 0 76 180 0 76 180 0 47 210 0 47 210 0 46 210 0 44 211 0 44 211 0 43 212 0 43 212 0 42 212 0 41 211 0 47 211 2 42 209 0 32 218 0 24 236 2 15 244 3 9 243 0 15 243 0 11 243 0 11 243 0 11 243 0 11 243 0 11 243 0 11 243 0 11 243 0 11 243 0 5 231 0 4 235 0 1 240 1 0 242 2 0 241 2 4 238 1 9 233 0 11 228 0 13 243 13 37 218 15 109 120 0 190 36 0 217 17 0 231 9 0 244 7 1 221 14 0 253 0 1 239 6 2 223 12 1 228 12 1 238 10 0 197 34 0 100 107 4 16 185 24 0 173 0 0 173 0 0 173 0 0 173 0 0 173 0 0 173 0 0 173 0 0 173 0 2 170 0 1 175 2 0 174 5 7 172 10 0 142 0 6 138 0 2 138 2 1 143 7 0 141 1 0 141 1 0 141 1 0 141 1 0 141 1 0 141 1 0 141 1 0 141 1 1 108 2 1 108 2 1 108 2 1 108 2 1 108 2 1 108 2 1 108 2 1 108 2 3 106 0 0 110 0 0 106 0 3 104 8 0 78 0 6 77 1 2 74 1 0 76 3 2 76 1 2 76 1 2 76 1 2 76 1 2 76 1 2 76 1 2 76 1 2 76 1 0 45 0 0 45 0 0 45 0 0 45 0 0 45 0 0 45 0 0 45 0 0 45 0 5 44 0 0 46 0 0 42 0 5 42 9 0 14 0 8 14 2 3 10 2 0 13 3 0 13 0 3 11 0 4 10 0 0 12 0 0 15 0 0 13 0 8 8 0 20 2 0 235 33 9 229 25 1 228 19 0 233 21 0 237 22 2 233 21 0 231 20 0 231 22 0 232 21 2 238 21 2 233 18 0 222 27 0 214 45 4 204 52 2 198 51 0 204 50 0 205 51 1 205 51 1 203 51 1 202 52 1 202 52 1 200 53 1 200 53 1 199 54 1 171 85 0 171 85 0 171 85 0 170 86 0 168 87 0 168 87 0 167 87 0 167 87 0 169 85 0 236 19 0 236 19 0 236 19 0 236 19 0 236 19 0 236 19 0 236 19 0 236 19 0 232 19 1 237 20 1 233 18 0 224 26 0 216 44 4 205 53 3 201 51 0 206 52 0 205 51 1 205 51 1 205 51 1 203 51 1 
202 52 1 202 52 1 200 53 1 200 53 1 174 81 1 173 82 1 173 82 1 172 83 1 172 83 1 170 84 1 169 84 1 169 84 1 168 83 2 174 83 2 168 82 0 159 90 0 151 108 4 140 117 3 136 115 0 142 115 0 141 114 0 141 114 0 140 115 0 140 115 0 138 116 0 137 116 0 137 116 0 137 116 0 108 148 0 108 148 0 108 148 0 108 148 0 108 148 0 108 148 0 108 148 0 108 148 0 105 147 0 110 148 1 106 146 0 97 154 0 87 173 2 78 181 2 74 179 0 79 180 0 75 180 0 75 180 0 75 180 0 75 180 0 75 180 0 75 180 0 75 180 0 75 180 0 46 210 0 46 210 0 44 211 0 44 211 0 43 212 0 42 212 0 42 212 0 42 212 0 41 211 0 45 212 2 41 210 0 32 218 0 23 237 2 13 245 3 9 243 0 14 243 0 10 244 0 10 244 0 10 244 0 10 244 0 10 244 0 10 244 0 10 244 0 10 244 0 6 232 0 4 234 1 3 237 2 1 239 3 2 239 3 5 235 2 9 232 1 12 229 0 0 255 13 18 232 22 110 115 0 214 14 0 253 0 1 255 0 8 255 0 7 254 0 1 255 0 4 255 0 7 255 0 6 255 2 6 255 4 2 236 17 0 118 104 5 13 201 28 0 173 0 0 173 0 0 173 0 0 173 0 0 173 0 0 173 0 0 173 0 0 173 0 1 169 0 1 175 2 0 173 4 6 171 9 0 142 0 6 138 0 1 137 1 1 143 7 0 141 1 0 141 1 0 141 1 0 141 1 0 141 1 0 141 1 0 141 1 0 141 1 1 108 2 1 108 2 1 108 2 1 108 2 1 108 2 1 108 2 1 108 2 1 108 2 3 106 0 0 110 0 0 106 0 3 104 8 0 78 0 6 77 1 2 74 1 0 76 3 2 76 1 2 76 1 2 76 1 2 76 1 2 76 1 2 76 1 2 76 1 2 76 1 0 45 0 0 45 0 0 45 0 0 45 0 0 45 0 0 45 0 0 45 0 0 45 0 4 43 0 0 46 0 0 42 0 4 41 8 0 14 0 7 13 1 2 9 1 0 13 3 0 12 0 2 10 0 3 9 0 0 11 0 0 14 0 0 12 0 7 7 0 19 1 0 234 34 9 229 25 1 228 19 0 233 21 0 235 23 2 233 21 0 230 21 0 231 22 0 233 22 3 237 22 2 232 20 0 222 27 0 213 46 4 204 54 3 198 51 0 203 52 0 203 51 1 203 51 1 202 52 1 202 52 1 200 53 1 199 54 1 199 54 1 199 54 1 171 85 0 171 85 0 171 85 0 170 86 0 168 87 0 168 87 0 167 87 0 167 87 0 169 85 0 235 20 0 235 20 0 235 20 0 235 20 0 235 20 0 235 20 0 235 20 0 235 20 0 231 20 1 237 20 1 233 18 0 222 27 0 214 45 4 205 53 3 199 52 0 206 52 0 205 51 1 205 51 1 203 51 1 202 52 1 202 52 1 200 53 1 200 53 1 199 54 1 173 82 1 173 82 1 172 83 1 172 83 1 170 84 1 169 84 1 169 84 1 169 84 1 168 83 2 173 84 2 168 82 0 157 91 0 150 109 4 140 117 3 136 115 0 141 116 0 141 114 0 141 114 0 140 115 0 140 115 0 138 116 0 137 116 0 137 116 0 137 116 0 108 148 0 108 148 0 108 148 0 
108 148 0 108 148 0 108 148 0 108 148 0 108 148 0 105 147 0 110 148 1 106 146 0 97 154 0 87 173 2 78 181 2 74 179 0 79 180 0 75 180 0 75 180 0 75 180 0 75 180 0 75 180 0 75 180 0 75 180 0 75 180 0 46 210 0 44 211 0 44 211 0 43 212 0 42 212 0 42 212 0 40 213 0 40 213 0 39 212 0 44 212 2 40 210 0 30 218 0 23 237 2 12 245 3 8 244 0 12 244 0 11 245 0 11 245 0 11 245 0 11 245 0 11 245 0 11 245 0 11 245 0 11 245 0 6 232 0 3 233 0 3 235 1 2 236 1 2 236 1 6 234 1 8 231 0 10 230 0 0 251 8 26 232 25 121 115 5 227 11 0 255 3 14 249 10 16 249 7 6 240 6 0 230 17 1 235 12 4 232 14 5 242 13 8 255 5 3 232 18 0 121 101 2 14 203 25 0 172 0 0 172 0 0 172 0 0 172 0 0 172 0 0 172 0 0 172 0 0 172 0 1 169 0 0 174 1 0 173 4 6 171 9 0 141 0 5 137 0 1 137 1 0 142 6 0 141 1 0 141 1 0 141 1 0 141 1 0 141 1 0 141 1 0 141 1 0 141 1 0 107 1 0 107 1 0 107 1 0 107 1 0 107 1 0 107 1 0 107 1 0 107 1 3 106 0 0 110 0 0 106 0 3 104 8 0 78 0 6 77 1 2 74 1 0 76 3 2 76 1 2 76 1 2 76 1 2 76 1 2 76 1 2 76 1 2 76 1 2 76 1 0 45 0 0 45 0 0 45 0 0 45 0 0 45 0 0 45 0 0 45 0 0 45 0 4 43 0 0 45 0 0 42 0 4 41 8 0 13 0 7 13 1 2 9 1 0 12 2 0 12 0 2 10 0 3 9 0 0 11 0 0 14 0 0 12 0 7 7 0 19 1 0 233 35 9 227 25 1 226 20 0 232 21 0 235 23 2 232 21 0 230 21 0 229 23 0 232 23 3 235 23 2 231 21 0 222 29 0 214 47 5 202 55 3 198 53 0 202 52 0 204 52 2 203 53 2 203 53 2 201 54 2 200 55 2 200 55 2 199 55 2 199 55 2 171 85 0 171 85 0 171 85 0 170 86 0 168 87 0 168 87 0 167 87 0 167 87 0 169 85 0 235 20 0 235 20 0 235 20 0 235 20 0 235 20 0 235 20 0 235 20 0 235 20 0 231 20 1 236 21 1 231 19 0 222 27 0 213 46 4 204 54 3 199 52 0 204 53 0 203 51 1 203 51 1 203 51 1 202 52 1 200 53 1 200 53 1 199 54 1 199 54 1 173 82 1 172 83 1 172 83 1 170 84 1 169 84 1 169 84 1 167 85 1 167 85 1 166 84 2 171 85 2 167 83 0 157 91 0 150 109 4 139 118 3 135 116 0 139 116 0 141 114 0 141 114 0 140 115 0 140 115 0 138 116 0 137 116 0 137 116 0 137 116 0 108 148 0 108 148 0 108 148 0 108 148 0 108 148 0 108 148 0 108 148 0 108 148 0 105 147 0 110 148 1 106 146 0 97 154 0 87 173 2 78 181 2 74 179 0 79 180 0 73 181 0 73 181 0 73 181 0 73 181 0 73 181 0 73 181 0 73 181 0 73 181 0 44 211 0 44 211 0 43 212 0 43 212 0 42 212 0 40 213 0 40 213 0 40 213 0 39 212 0 44 212 2 
40 210 0 29 219 0 21 237 2 12 245 3 8 244 0 12 244 0 10 246 0 10 246 0 10 246 0 10 246 0 10 246 0 10 246 0 10 246 0 10 246 0 5 232 2 3 233 2 3 233 2 3 235 3 4 234 3 5 232 2 8 231 2 10 229 2 6 232 0 45 223 23 136 107 5 240 1 0 255 0 11 245 6 9 245 0 0 248 0 0 227 16 0 238 4 0 237 2 0 237 8 5 251 1 2 224 12 0 124 91 0 22 192 25 0 172 0 0 172 0 0 172 0 0 172 0 0 172 0 0 172 0 0 172 0 0 172 0 0 168 0 0 174 1 0 172 3 5 170 8 0 141 0 5 137 0 0 136 0 0 142 6 0 141 1 0 141 1 0 141 1 0 141 1 0 141 1 0 141 1 0 141 1 0 141 1 0 107 1 0 107 1 0 107 1 0 107 1 0 107 1 0 107 1 0 107 1 0 107 1 3 106 0 0 110 0 0 106 0 3 104 8 0 78 0 6 77 1 2 74 1 0 76 3 2 76 1 2 76 1 2 76 1 2 76 1 2 76 1 2 76 1 2 76 1 2 76 1 0 45 0 0 45 0 0 45 0 0 45 0 0 45 0 0 45 0 0 45 0 0 45 0 3 42 0 0 45 0 0 41 0 3 40 7 0 13 0 6 12 0 2 9 1 0 12 2 0 12 0 2 10 0 3 9 0 0 11 0 0 14 0 0 12 0 7 7 0 19 1 0 233 35 9 226 26 1 226 20 0 232 21 0 234 23 2 232 21 0 228 22 0 228 24 0 232 23 3 236 24 3 231 21 0 220 30 0 213 47 5 203 56 4 198 53 0 203 53 0 203 53 2 203 53 2 201 54 2 201 54 2 200 55 2 199 55 2 199 55 2 199 55 2 171 85 0 171 85 0 171 85 0 170 86 0 168 87 0 168 87 0 167 87 0 167 87 0 169 85 0 233 21 0 233 21 0 233 21 0 233 21 0 233 21 0 233 21 0 233 21 0 233 21 0 231 20 1 236 21 1 231 19 0 221 28 0 213 46 4 204 54 3 199 52 0 204 53 0 203 51 1 203 51 1 202 52 1 202 52 1 200 53 1 199 54 1 199 54 1 199 54 1 172 83 1 172 83 1 172 83 1 170 84 1 169 84 1 169 84 1 167 85 1 167 85 1 166 84 2 171 85 2 167 83 0 157 91 0 148 109 4 139 118 3 135 116 0 139 116 0 141 114 0 141 114 0 140 115 0 140 115 0 138 116 0 137 116 0 137 116 0 137 116 0 108 148 0 108 148 0 108 148 0 108 148 0 108 148 0 108 148 0 108 148 0 108 148 0 105 147 0 110 148 1 106 146 0 97 154 0 87 173 2 78 181 2 74 179 0 79 180 0 73 181 0 73 181 0 73 181 0 73 181 0 73 181 0 73 181 0 73 181 0 73 181 0 44 211 0 44 211 0 43 212 0 42 212 0 42 212 0 40 213 0 40 213 0 39 214 0 38 212 0 44 212 2 40 210 0 29 219 0 21 237 2 12 245 3 6 244 0 12 244 0 10 246 0 10 246 0 10 246 0 10 246 0 10 246 0 10 246 0 10 246 0 10 246 0 5 232 2 5 232 2 3 233 2 3 233 2 5 232 2 6 232 2 8 231 2 10 229 2 0 235 0 37 229 24 127 110 4 231 0 0 254 0 8 243 5 5 252 0 0 254 1 0 255 6 0 
255 0 0 252 0 2 246 5 11 246 8 8 216 20 0 118 99 7 20 200 33 0 172 0 0 172 0 0 172 0 0 172 0 0 172 0 0 172 0 0 172 0 0 172 0 0 168 0 0 174 1 0 172 3 5 170 8 0 141 0 5 137 0 0 136 0 0 142 6 0 141 1 0 141 1 0 141 1 0 141 1 0 141 1 0 141 1 0 141 1 0 141 1 0 107 1 0 107 1 0 107 1 0 107 1 0 107 1 0 107 1 0 107 1 0 107 1 3 106 0 0 110 0 0 106 0 3 104 8 0 78 0 6 77 1 2 74 1 0 76 3 2 76 1 2 76 1 2 76 1 2 76 1 2 76 1 2 76 1 2 76 1 2 76 1 0 45 0 0 45 0 0 45 0 0 45 0 0 45 0 0 45 0 0 45 0 0 45 0 3 42 0 0 45 0 0 41 0 3 40 7 0 13 0 6 12 0 1 8 0 0 12 2 0 11 0 1 9 0 2 8 0 0 10 0 0 13 0 0 11 0 6 6 0 18 0 0 233 35 9 226 26 1 225 21 0 231 22 0 234 23 2 231 22 0 228 22 0 228 24 0 231 25 4 236 24 3 232 22 0 220 30 0 213 47 5 203 56 4 197 54 0 203 53 0 203 53 2 203 53 2 201 54 2 200 55 2 200 55 2 199 55 2 199 55 2 197 56 2 171 85 0 171 85 0 171 85 0 170 86 0 168 87 0 168 87 0 167 87 0 167 87 0 169 85 0 235 20 0 235 20 0 235 20 0 235 20 0 235 20 0 235 20 0 235 20 0 235 20 0 233 20 2 240 21 2 234 18 0 224 26 0 216 44 4 205 53 3 200 50 0 206 50 0 206 50 1 205 51 1 205 51 1 203 51 1 203 51 1 202 52 1 202 52 1 200 53 1 173 83 0 172 84 0 172 84 0 170 84 0 170 84 0 169 85 0 169 85 0 167 86 0 167 85 3 174 85 3 169 83 0 158 92 0 151 110 5 140 119 4 136 117 0 142 117 1 141 116 0 139 117 0 139 117 0 138 117 0 138 117 0 137 118 0 137 118 0 135 119 0 111 147 0 111 147 0 109 147 0 109 147 0 108 148 0 108 148 0 106 149 0 106 149 0 109 147 0 114 148 2 107 145 0 97 154 0 87 173 2 77 182 2 70 180 0 75 180 0 73 181 0 73 181 0 73 181 0 73 181 0 73 181 0 73 181 0 73 181 0 73 181 0 44 211 0 44 211 0 43 212 0 43 212 0 42 212 0 42 212 0 40 213 0 40 213 0 39 212 0 44 212 2 40 210 0 30 218 0 21 237 2 12 245 3 8 244 0 12 244 0 10 246 0 10 246 0 10 246 0 10 246 0 10 246 0 10 246 0 10 246 0 10 246 0 0 241 0 0 240 0 0 239 0 0 237 2 0 237 4 0 238 3 0 239 3 0 240 2 0 240 0 32 229 28 140 97 18 246 0 3 255 0 14 221 20 10 224 14 1 254 0 0 234 6 0 250 2 3 252 3 9 251 8 14 255 2 8 218 18 0 107 103 4 0 206 30 0 172 0 0 172 0 0 172 0 0 172 0 0 172 0 0 172 0 0 172 0 0 172 0 3 171 0 0 173 0 0 169 0 4 169 7 0 142 0 8 140 2 1 137 1 0 139 3 0 140 0 0 140 0 0 140 0 0 140 0 0 140 0 0 140 0 0 140 0 0 140 0 
0 107 1 0 107 1 0 107 1 0 107 1 0 107 1 0 107 1 0 107 1 0 107 1 4 106 0 0 109 0 0 105 0 4 104 8 0 78 0 8 76 1 3 73 1 0 75 3 1 75 0 1 75 0 1 75 0 1 75 0 1 75 0 1 75 0 1 75 0 1 75 0 0 43 0 0 43 0 0 43 0 0 43 0 0 43 0 0 43 0 0 43 0 0 43 0 2 41 0 0 46 0 0 44 2 5 42 9 0 11 0 3 9 0 0 7 0 0 13 3 0 13 0 3 11 0 4 10 0 0 12 0 0 15 0 0 13 0 8 8 0 20 2 0 236 36 13 228 23 2 230 21 1 236 24 3 236 21 0 234 22 0 234 24 0 231 23 0 232 23 3 236 24 3 231 21 0 222 29 0 213 47 5 203 56 4 198 53 0 203 53 0 203 54 0 203 54 0 201 55 0 201 55 0 200 55 0 200 55 0 199 56 0 199 56 0 170 86 0 170 86 0 170 86 0 170 86 0 170 86 0 170 86 0 170 86 0 170 86 0 167 87 0 235 20 0 235 20 0 235 20 0 235 20 0 235 20 0 235 20 0 235 20 0 235 20 0 233 20 2 240 21 2 234 18 0 224 26 0 216 44 4 205 53 3 200 50 0 206 50 0 206 50 1 205 51 1 205 51 1 203 51 1 203 51 1 202 52 1 202 52 1 200 53 1 173 83 0 172 84 0 172 84 0 170 84 0 170 84 0 169 85 0 169 85 0 167 86 0 167 85 3 174 85 3 169 83 0 158 92 0 151 110 5 140 119 4 136 117 0 142 117 1 141 116 0 139 117 0 139 117 0 138 117 0 138 117 0 137 118 0 137 118 0 135 119 0 111 147 0 111 147 0 109 147 0 109 147 0 108 148 0 108 148 0 106 149 0 106 149 0 109 147 0 114 148 2 107 145 0 97 154 0 87 173 2 77 182 2 70 180 0 75 180 0 73 181 0 73 181 0 73 181 0 73 181 0 73 181 0 73 181 0 73 181 0 73 181 0 44 211 0 44 211 0 43 212 0 43 212 0 42 212 0 42 212 0 40 213 0 40 213 0 39 212 0 44 212 2 40 210 0 30 218 0 21 237 2 12 245 3 8 244 0 12 244 0 10 246 0 10 246 0 10 246 0 10 246 0 10 246 0 10 246 0 10 246 0 10 246 0 3 238 0 3 238 0 3 237 2 4 237 6 4 237 8 3 236 5 3 236 4 3 237 2 0 243 0 20 237 22 109 118 11 229 0 0 254 0 8 238 9 3 245 4 0 255 0 0 251 0 0 255 0 0 244 4 3 243 7 7 255 0 3 238 8 0 136 90 2 32 193 29 0 172 0 0 172 0 0 172 0 0 172 0 0 172 0 0 172 0 0 172 0 0 172 0 3 171 0 0 173 0 0 169 0 4 169 7 0 142 0 8 140 2 1 137 1 0 139 3 0 140 0 0 140 0 0 140 0 0 140 0 0 140 0 0 140 0 0 140 0 0 140 0 0 107 1 0 107 1 0 107 1 0 107 1 0 107 1 0 107 1 0 107 1 0 107 1 4 106 0 0 109 0 0 105 0 4 104 8 0 78 0 8 76 1 3 73 1 0 75 3 1 75 0 1 75 0 1 75 0 1 75 0 1 75 0 1 75 0 1 75 0 1 75 0 0 43 0 0 43 0 0 43 0 0 43 0 0 43 0 0 43 0 0 43 0 
0 43 0 2 41 0 0 46 0 0 44 2 5 42 9 0 11 0 3 9 0 0 7 0 0 13 3 0 13 0 3 11 0 4 10 0 0 12 0 0 15 0 0 13 0 8 8 0 20 2 0 236 36 13 228 23 2 230 21 1 236 24 3 236 21 0 234 22 0 234 24 0 231 23 0 232 23 3 236 24 3 231 21 0 222 29 0 213 47 5 203 56 4 198 53 0 203 53 0 203 54 0 203 54 0 201 55 0 201 55 0 200 55 0 200 55 0 199 56 0 199 56 0 170 86 0 170 86 0 170 86 0 170 86 0 170 86 0 170 86 0 170 86 0 170 86 0 167 87 0 235 20 0 235 20 0 235 20 0 235 20 0 235 20 0 235 20 0 235 20 0 235 20 0 233 20 2 240 21 2 234 18 0 224 26 0 216 44 4 205 53 3 200 50 0 206 50 0 206 50 1 205 51 1 205 51 1 203 51 1 203 51 1 202 52 1 202 52 1 200 53 1 173 83 0 172 84 0 172 84 0 170 84 0 170 84 0 169 85 0 169 85 0 167 86 0 167 85 3 174 85 3 169 83 0 158 92 0 151 110 5 140 119 4 136 117 0 142 117 1 141 116 0 139 117 0 139 117 0 138 117 0 138 117 0 137 118 0 137 118 0 135 119 0 111 147 0 111 147 0 109 147 0 109 147 0 108 148 0 108 148 0 106 149 0 106 149 0 109 147 0 114 148 2 107 145 0 97 154 0 87 173 2 77 182 2 70 180 0 75 180 0 73 181 0 73 181 0 73 181 0 73 181 0 73 181 0 73 181 0 73 181 0 73 181 0 44 211 0 44 211 0 43 212 0 43 212 0 42 212 0 42 212 0 40 213 0 40 213 0 39 212 0 44 212 2 40 210 0 30 218 0 21 237 2 12 245 3 8 244 0 12 244 0 10 246 0 10 246 0 10 246 0 10 246 0 10 246 0 10 246 0 10 246 0 10 246 0 9 233 0 10 234 0 11 234 3 13 234 7 13 234 9 11 234 6 10 233 4 9 232 1 6 242 0 9 240 12 82 131 3 205 17 0 253 0 1 245 4 0 247 3 0 250 1 0 248 0 0 243 4 0 224 14 1 222 16 3 250 1 0 237 8 0 135 90 0 27 193 25 0 172 0 0 172 0 0 172 0 0 172 0 0 172 0 0 172 0 0 172 0 0 172 0 3 171 0 0 173 0 0 169 0 4 169 7 0 142 0 8 140 2 1 137 1 0 139 3 0 140 0 0 140 0 0 140 0 0 140 0 0 140 0 0 140 0 0 140 0 0 140 0 0 107 1 0 107 1 0 107 1 0 107 1 0 107 1 0 107 1 0 107 1 0 107 1 4 106 0 0 109 0 0 105 0 4 104 8 0 78 0 8 76 1 3 73 1 0 75 3 1 75 0 1 75 0 1 75 0 1 75 0 1 75 0 1 75 0 1 75 0 1 75 0 0 43 0 0 43 0 0 43 0 0 43 0 0 43 0 0 43 0 0 43 0 0 43 0 2 41 0 0 46 0 0 44 2 5 42 9 0 11 0 3 9 0 0 7 0 0 13 3 0 13 0 3 11 0 4 10 0 0 12 0 0 15 0 0 13 0 8 8 0 20 2 0 236 36 13 228 23 2 230 21 1 236 24 3 236 21 0 234 22 0 234 24 0 231 23 0 232 23 3 236 24 3 231 21 0 222 29 0 213 47 5 203 56 4 
198 53 0 203 53 0 203 54 0 203 54 0 201 55 0 201 55 0 200 55 0 200 55 0 199 56 0 199 56 0 170 86 0 170 86 0 170 86 0 170 86 0 170 86 0 170 86 0 170 86 0 170 86 0 167 87 0 235 20 0 235 20 0 235 20 0 235 20 0 235 20 0 235 20 0 235 20 0 235 20 0 233 20 2 240 21 2 234 18 0 224 26 0 216 44 4 205 53 3 200 50 0 206 50 0 206 50 1 205 51 1 205 51 1 203 51 1 203 51 1 202 52 1 202 52 1 200 53 1 173 83 0 172 84 0 172 84 0 170 84 0 170 84 0 169 85 0 169 85 0 167 86 0 167 85 3 174 85 3 169 83 0 158 92 0 151 110 5 140 119 4 136 117 0 142 117 1 141 116 0 139 117 0 139 117 0 138 117 0 138 117 0 137 118 0 137 118 0 135 119 0 111 147 0 111 147 0 109 147 0 109 147 0 108 148 0 108 148 0 106 149 0 106 149 0 109 147 0 114 148 2 107 145 0 97 154 0 87 173 2 77 182 2 70 180 0 75 180 0 73 181 0 73 181 0 73 181 0 73 181 0 73 181 0 73 181 0 73 181 0 73 181 0 44 211 0 44 211 0 43 212 0 43 212 0 42 212 0 42 212 0 40 213 0 40 213 0 39 212 0 44 212 2 40 210 0 30 218 0 21 237 2 12 245 3 8 244 0 12 244 0 10 246 0 10 246 0 10 246 0 10 246 0 10 246 0 10 246 0 10 246 0 10 246 0 6 233 0 8 232 0 10 232 1 11 230 4 11 230 6 10 231 4 8 231 2 6 232 0 4 248 0 16 234 13 100 123 6 218 17 0 255 0 3 249 6 2 246 7 2 236 7 1 240 3 0 238 9 3 225 18 8 225 18 10 248 2 3 225 14 0 112 102 5 0 209 29 0 172 0 0 172 0 0 172 0 0 172 0 0 172 0 0 172 0 0 172 0 0 172 0 3 171 0 0 173 0 0 169 0 4 169 7 0 142 0 8 140 2 1 137 1 0 139 3 0 140 0 0 140 0 0 140 0 0 140 0 0 140 0 0 140 0 0 140 0 0 140 0 0 107 1 0 107 1 0 107 1 0 107 1 0 107 1 0 107 1 0 107 1 0 107 1 4 106 0 0 109 0 0 105 0 4 104 8 0 78 0 8 76 1 3 73 1 0 75 3 1 75 0 1 75 0 1 75 0 1 75 0 1 75 0 1 75 0 1 75 0 1 75 0 0 43 0 0 43 0 0 43 0 0 43 0 0 43 0 0 43 0 0 43 0 0 43 0 2 41 0 0 46 0 0 44 2 5 42 9 0 11 0 3 9 0 0 7 0 0 13 3 0 13 0 3 11 0 4 10 0 0 12 0 0 15 0 0 13 0 8 8 0 20 2 0 236 36 13 228 23 2 230 21 1 236 24 3 236 21 0 234 22 0 234 24 0 231 23 0 232 23 3 236 24 3 231 21 0 222 29 0 213 47 5 203 56 4 198 53 0 203 53 0 203 54 0 203 54 0 201 55 0 201 55 0 200 55 0 200 55 0 199 56 0 199 56 0 170 86 0 170 86 0 170 86 0 170 86 0 170 86 0 170 86 0 170 86 0 170 86 0 167 87 0 235 20 0 235 20 0 235 20 0 235 20 0 235 20 0 235 20 0 235 20 0 235 20 0 233 20 2 240 21 2 234 18 0 224 26 0 
216 44 4 205 53 3 200 50 0 206 50 0 206 50 1 205 51 1 205 51 1 203 51 1 203 51 1 202 52 1 202 52 1 200 53 1 173 83 0 172 84 0 172 84 0 170 84 0 170 84 0 169 85 0 169 85 0 167 86 0 167 85 3 174 85 3 169 83 0 158 92 0 151 110 5 140 119 4 136 117 0 142 117 1 141 116 0 139 117 0 139 117 0 138 117 0 138 117 0 137 118 0 137 118 0 135 119 0 111 147 0 111 147 0 109 147 0 109 147 0 108 148 0 108 148 0 106 149 0 106 149 0 109 147 0 114 148 2 107 145 0 97 154 0 87 173 2 77 182 2 70 180 0 75 180 0 73 181 0 73 181 0 73 181 0 73 181 0 73 181 0 73 181 0 73 181 0 73 181 0 44 211 0 44 211 0 43 212 0 43 212 0 42 212 0 42 212 0 40 213 0 40 213 0 39 212 0 44 212 2 40 210 0 30 218 0 21 237 2 12 245 3 8 244 0 12 244 0 10 246 0 10 246 0 10 246 0 10 246 0 10 246 0 10 246 0 10 246 0 10 246 0 0 238 0 3 236 0 5 233 0 8 231 3 8 230 5 5 232 3 3 235 3 0 237 1 0 255 3 32 225 20 132 106 9 245 6 1 255 0 3 255 0 3 255 3 6 251 0 5 248 0 1 255 1 8 255 1 12 254 0 11 253 0 5 233 11 0 119 104 13 4 212 38 0 172 0 0 172 0 0 172 0 0 172 0 0 172 0 0 172 0 0 172 0 0 172 0 3 171 0 0 173 0 0 169 0 4 169 7 0 142 0 8 140 2 1 137 1 0 139 3 0 140 0 0 140 0 0 140 0 0 140 0 0 140 0 0 140 0 0 140 0 0 140 0 0 107 1 0 107 1 0 107 1 0 107 1 0 107 1 0 107 1 0 107 1 0 107 1 4 106 0 0 109 0 0 105 0 4 104 8 0 78 0 8 76 1 3 73 1 0 75 3 1 75 0 1 75 0 1 75 0 1 75 0 1 75 0 1 75 0 1 75 0 1 75 0 0 43 0 0 43 0 0 43 0 0 43 0 0 43 0 0 43 0 0 43 0 0 43 0 2 41 0 0 46 0 0 44 2 5 42 9 0 11 0 3 9 0 0 7 0 0 13 3 0 13 0 3 11 0 4 10 0 0 12 0 0 15 0 0 13 0 8 8 0 20 2 0 236 36 13 228 23 2 230 21 1 236 24 3 236 21 0 234 22 0 234 24 0 231 23 0 232 23 3 236 24 3 231 21 0 222 29 0 213 47 5 203 56 4 198 53 0 203 53 0 203 54 0 203 54 0 201 55 0 201 55 0 200 55 0 200 55 0 199 56 0 199 56 0 170 86 0 170 86 0 170 86 0 170 86 0 170 86 0 170 86 0 170 86 0 170 86 0 167 87 0 235 20 0 235 20 0 235 20 0 235 20 0 235 20 0 235 20 0 235 20 0 235 20 0 233 20 2 240 21 2 234 18 0 224 26 0 216 44 4 205 53 3 200 50 0 206 50 0 206 50 1 205 51 1 205 51 1 203 51 1 203 51 1 202 52 1 202 52 1 200 53 1 173 83 0 172 84 0 172 84 0 170 84 0 170 84 0 169 85 0 169 85 0 167 86 0 167 85 3 174 85 3 169 83 0 158 92 0 151 110 5 140 119 4 136 117 0 142 117 1 141 116 0 139 117 0 139 117 0 
138 117 0 138 117 0 137 118 0 137 118 0 135 119 0 111 147 0 111 147 0 109 147 0 109 147 0 108 148 0 108 148 0 106 149 0 106 149 0 109 147 0 114 148 2 107 145 0 97 154 0 87 173 2 77 182 2 70 180 0 75 180 0 73 181 0 73 181 0 73 181 0 73 181 0 73 181 0 73 181 0 73 181 0 73 181 0 44 211 0 44 211 0 43 212 0 43 212 0 42 212 0 42 212 0 40 213 0 40 213 0 39 212 0 44 212 2 40 210 0 30 218 0 21 237 2 12 245 3 8 244 0 12 244 0 10 246 0 10 246 0 10 246 0 10 246 0 10 246 0 10 246 0 10 246 0 10 246 0 0 243 0 1 240 0 5 235 2 7 232 4 7 232 6 5 235 5 1 239 5 0 242 4 0 253 3 26 217 15 119 110 5 212 27 0 224 11 0 220 14 0 239 16 1 232 16 3 220 18 0 242 9 4 244 4 5 234 6 3 237 4 0 213 24 0 125 100 7 34 190 28 0 172 0 0 172 0 0 172 0 0 172 0 0 172 0 0 172 0 0 172 0 0 172 0 3 171 0 0 173 0 0 169 0 4 169 7 0 142 0 8 140 2 1 137 1 0 139 3 0 140 0 0 140 0 0 140 0 0 140 0 0 140 0 0 140 0 0 140 0 0 140 0 0 107 1 0 107 1 0 107 1 0 107 1 0 107 1 0 107 1 0 107 1 0 107 1 4 106 0 0 109 0 0 105 0 4 104 8 0 78 0 8 76 1 3 73 1 0 75 3 1 75 0 1 75 0 1 75 0 1 75 0 1 75 0 1 75 0 1 75 0 1 75 0 0 43 0 0 43 0 0 43 0 0 43 0 0 43 0 0 43 0 0 43 0 0 43 0 2 41 0 0 46 0 0 44 2 5 42 9 0 11 0 3 9 0 0 7 0 0 13 3 0 13 0 3 11 0 4 10 0 0 12 0 0 15 0 0 13 0 8 8 0 20 2 0 236 36 13 228 23 2 230 21 1 236 24 3 236 21 0 234 22 0 234 24 0 231 23 0 232 23 3 236 24 3 231 21 0 222 29 0 213 47 5 203 56 4 198 53 0 203 53 0 203 54 0 203 54 0 201 55 0 201 55 0 200 55 0 200 55 0 199 56 0 199 56 0 170 86 0 170 86 0 170 86 0 170 86 0 170 86 0 170 86 0 170 86 0 170 86 0 167 87 0 235 20 0 235 20 0 235 20 0 235 20 0 235 20 0 235 20 0 235 20 0 235 20 0 233 20 2 240 21 2 234 18 0 224 26 0 216 44 4 205 53 3 200 50 0 206 50 0 206 50 1 205 51 1 205 51 1 203 51 1 203 51 1 202 52 1 202 52 1 200 53 1 173 83 0 172 84 0 172 84 0 170 84 0 170 84 0 169 85 0 169 85 0 167 86 0 167 85 3 174 85 3 169 83 0 158 92 0 151 110 5 140 119 4 136 117 0 142 117 1 141 116 0 139 117 0 139 117 0 138 117 0 138 117 0 137 118 0 137 118 0 135 119 0 111 147 0 111 147 0 109 147 0 109 147 0 108 148 0 108 148 0 106 149 0 106 149 0 109 147 0 114 148 2 107 145 0 97 154 0 87 173 2 77 182 2 70 180 0 75 180 0 73 181 0 73 181 0 73 181 0 73 181 0 73 181 0 73 181 0 73 181 0 73 181 0 44 211 0 44 211 0 
43 212 0 43 212 0 42 212 0 42 212 0 40 213 0 40 213 0 39 212 0 44 212 2 40 210 0 30 218 0 21 237 2 12 245 3 8 244 0 12 244 0 10 246 0 10 246 0 10 246 0 10 246 0 10 246 0 10 246 0 10 246 0 10 246 0 0 241 0 3 238 0 8 234 2 11 232 5 11 232 7 8 233 5 3 236 4 0 240 3 11 233 0 9 227 9 56 167 13 113 114 12 112 100 0 113 94 0 135 99 3 120 104 6 111 103 2 137 91 6 135 88 8 115 98 8 120 99 6 122 98 0 80 134 0 24 189 9 0 172 0 0 172 0 0 172 0 0 172 0 0 172 0 0 172 0 0 172 0 0 172 0 3 171 0 0 173 0 0 169 0 4 169 7 0 142 0 8 140 2 1 137 1 0 139 3 0 140 0 0 140 0 0 140 0 0 140 0 0 140 0 0 140 0 0 140 0 0 140 0 0 107 1 0 107 1 0 107 1 0 107 1 0 107 1 0 107 1 0 107 1 0 107 1 4 106 0 0 109 0 0 105 0 4 104 8 0 78 0 8 76 1 3 73 1 0 75 3 1 75 0 1 75 0 1 75 0 1 75 0 1 75 0 1 75 0 1 75 0 1 75 0 0 43 0 0 43 0 0 43 0 0 43 0 0 43 0 0 43 0 0 43 0 0 43 0 2 41 0 0 46 0 0 44 2 5 42 9 0 11 0 3 9 0 0 7 0 0 13 3 0 13 0 3 11 0 4 10 0 0 12 0 0 15 0 0 13 0 8 8 0 20 2 0 236 36 13 228 23 2 230 21 1 236 24 3 236 21 0 234 22 0 234 24 0 231 23 0 232 23 3 236 24 3 231 21 0 222 29 0 213 47 5 203 56 4 198 53 0 203 53 0 203 54 0 203 54 0 201 55 0 201 55 0 200 55 0 200 55 0 199 56 0 199 56 0 170 86 0 170 86 0 170 86 0 170 86 0 170 86 0 170 86 0 170 86 0 170 86 0 167 87 0 235 20 0 235 20 0 235 20 0 235 20 0 235 20 0 235 20 0 235 20 0 235 20 0 233 20 2 240 21 2 234 18 0 224 26 0 216 44 4 205 53 3 200 50 0 206 50 0 206 50 1 205 51 1 205 51 1 203 51 1 203 51 1 202 52 1 202 52 1 200 53 1 173 83 0 172 84 0 172 84 0 170 84 0 170 84 0 169 85 0 169 85 0 167 86 0 167 85 3 174 85 3 169 83 0 158 92 0 151 110 5 140 119 4 136 117 0 142 117 1 141 116 0 139 117 0 139 117 0 138 117 0 138 117 0 137 118 0 137 118 0 135 119 0 111 147 0 111 147 0 109 147 0 109 147 0 108 148 0 108 148 0 106 149 0 106 149 0 109 147 0 114 148 2 107 145 0 97 154 0 87 173 2 77 182 2 70 180 0 75 180 0 73 181 0 73 181 0 73 181 0 73 181 0 73 181 0 73 181 0 73 181 0 73 181 0 44 211 0 44 211 0 43 212 0 43 212 0 42 212 0 42 212 0 40 213 0 40 213 0 39 212 0 44 212 2 40 210 0 30 218 0 21 237 2 12 245 3 8 244 0 12 244 0 10 246 0 10 246 0 10 246 0 10 246 0 10 246 0 10 246 0 10 246 0 10 246 0 0 236 0 3 234 0 11 231 1 17 229 5 17 229 7 11 230 4 3 233 2 0 235 0 39 220 0 
3 247 12 2 235 30 25 214 36 11 203 22 13 193 8 27 199 19 0 212 20 0 204 17 25 193 22 19 195 26 0 213 29 2 215 29 26 191 13 17 188 0 0 211 0 0 172 0 0 172 0 0 172 0 0 172 0 0 172 0 0 172 0 0 172 0 0 172 0 3 171 0 0 173 0 0 169 0 4 169 7 0 142 0 8 140 2 1 137 1 0 139 3 0 140 0 0 140 0 0 140 0 0 140 0 0 140 0 0 140 0 0 140 0 0 140 0 0 107 1 0 107 1 0 107 1 0 107 1 0 107 1 0 107 1 0 107 1 0 107 1 4 106 0 0 109 0 0 105 0 4 104 8 0 78 0 8 76 1 3 73 1 0 75 3 1 75 0 1 75 0 1 75 0 1 75 0 1 75 0 1 75 0 1 75 0 1 75 0 0 43 0 0 43 0 0 43 0 0 43 0 0 43 0 0 43 0 0 43 0 0 43 0 2 41 0 0 46 0 0 44 2 5 42 9 0 11 0 3 9 0 0 7 0 0 13 3 0 13 0 3 11 0 4 10 0 0 12 0 0 15 0 0 13 0 8 8 0 20 2 0 236 36 13 228 23 2 230 21 1 236 24 3 236 21 0 234 22 0 234 24 0 231 23 0 232 23 3 236 24 3 231 21 0 222 29 0 213 47 5 203 56 4 198 53 0 203 53 0 203 54 0 203 54 0 201 55 0 201 55 0 200 55 0 200 55 0 199 56 0 199 56 0 170 86 0 170 86 0 170 86 0 170 86 0 170 86 0 170 86 0 170 86 0 170 86 0 167 87 0 233 23 0 233 23 0 233 23 0 233 23 0 233 23 0 233 23 0 233 23 0 233 23 0 232 23 3 236 24 3 231 21 0 222 29 0 213 47 5 203 56 4 198 53 0 203 53 0 203 54 0 203 54 0 201 55 0 201 55 0 200 55 0 200 55 0 199 56 0 199 56 0 170 86 0 170 86 0 170 86 0 170 86 0 170 86 0 170 86 0 170 86 0 170 86 0 167 87 0 172 88 2 166 85 0 157 93 0 149 111 2 139 120 2 133 117 0 138 117 0 137 118 0 137 118 0 137 118 0 137 118 0 137 118 0 137 118 0 137 118 0 137 118 0 105 150 0 105 150 0 105 150 0 105 150 0 105 150 0 105 150 0 105 150 0 105 150 0 106 150 1 110 150 2 104 149 0 93 157 0 86 176 3 76 185 4 69 183 0 74 184 1 72 183 0 72 183 0 72 183 0 72 183 0 72 183 0 72 183 0 72 183 0 72 183 0 41 214 0 41 214 0 41 214 0 41 214 0 41 214 0 41 214 0 41 214 0 41 214 0 42 215 3 46 214 4 42 212 0 30 220 0 21 239 3 10 248 4 3 246 0 8 246 0 8 246 0 8 246 0 8 246 0 8 246 0 8 246 0 8 246 0 8 246 0 8 246 0 0 234 0 0 234 0 0 234 0 0 234 0 0 234 0 0 234 0 0 234 0 0 234 0 0 231 0 0 237 1 0 235 2 4 233 8 0 204 0 4 201 0 1 199 0 0 206 4 0 201 1 0 201 1 0 201 1 0 201 1 0 201 1 0 201 1 0 201 1 0 201 1 0 169 0 0 169 0 0 169 0 0 169 0 0 169 0 0 169 0 0 169 0 0 169 0 3 166 0 0 172 2 0 171 4 6 167 11 0 138 0 4 134 0 1 132 0 0 139 6 
0 137 0 0 137 0 0 137 0 0 137 0 0 137 0 0 137 0 0 137 0 0 137 0 0 105 0 0 105 0 0 105 0 0 105 0 0 105 0 0 105 0 0 105 0 0 105 0 3 105 0 0 108 0 0 104 0 3 103 7 0 77 0 7 75 0 2 72 0 0 74 2 0 74 0 0 74 0 0 74 0 0 74 0 0 74 0 0 74 0 0 74 0 0 74 0 0 43 0 0 43 0 0 43 0 0 43 0 0 43 0 0 43 0 0 43 0 0 43 0 4 41 0 1 44 0 0 41 0 5 38 7 0 13 0 9 11 0 2 7 0 0 10 2 0 12 0 0 9 0 4 7 0 1 9 0 0 11 0 0 11 0 5 6 0 15 1 0 227 39 12 228 28 5 231 18 0 234 22 1 231 27 2 225 27 0 226 25 0 233 23 0 227 26 0 234 25 2 228 23 0 218 31 0 210 50 2 199 58 2 194 55 0 200 55 0 199 56 0 199 56 0 199 56 0 199 56 0 199 56 0 199 56 0 199 56 0 199 56 0 171 87 0 171 87 0 169 88 0 169 88 0 168 88 0 168 88 0 166 89 0 166 89 0 168 88 0 233 23 0 233 23 0 233 23 0 233 23 0 233 23 0 233 23 0 233 23 0 233 23 0 232 23 3 236 24 3 231 21 0 222 29 0 213 47 5 203 56 4 198 53 0 203 53 0 203 54 0 203 54 0 201 55 0 201 55 0 200 55 0 200 55 0 199 56 0 199 56 0 170 86 0 170 86 0 170 86 0 170 86 0 170 86 0 170 86 0 170 86 0 170 86 0 167 87 0 172 88 2 166 85 0 157 93 0 149 111 2 139 120 2 133 117 0 138 117 0 137 118 0 137 118 0 137 118 0 137 118 0 137 118 0 137 118 0 137 118 0 137 118 0 105 150 0 105 150 0 105 150 0 105 150 0 105 150 0 105 150 0 105 150 0 105 150 0 106 150 1 110 150 2 104 149 0 93 157 0 86 176 3 76 185 4 69 183 0 74 184 1 72 183 0 72 183 0 72 183 0 72 183 0 72 183 0 72 183 0 72 183 0 72 183 0 41 214 0 41 214 0 41 214 0 41 214 0 41 214 0 41 214 0 41 214 0 41 214 0 42 215 3 46 214 4 42 212 0 30 220 0 21 239 3 10 248 4 3 246 0 8 246 0 8 246 0 8 246 0 8 246 0 8 246 0 8 246 0 8 246 0 8 246 0 8 246 0 0 234 0 0 234 0 0 234 0 0 234 0 0 234 0 0 234 0 0 234 0 0 234 0 0 231 0 0 237 1 0 235 2 4 233 8 0 204 0 4 201 0 1 199 0 0 206 4 0 201 1 0 201 1 0 201 1 0 201 1 0 201 1 0 201 1 0 201 1 0 201 1 0 169 0 0 169 0 0 169 0 0 169 0 0 169 0 0 169 0 0 169 0 0 169 0 3 166 0 0 172 2 0 171 4 6 167 11 0 138 0 4 134 0 1 132 0 0 139 6 0 137 0 0 137 0 0 137 0 0 137 0 0 137 0 0 137 0 0 137 0 0 137 0 0 105 0 0 105 0 0 105 0 0 105 0 0 105 0 0 105 0 0 105 0 0 105 0 3 105 0 0 108 0 0 104 0 3 103 7 0 77 0 7 75 0 2 72 0 0 74 2 0 74 0 0 74 0 0 74 0 0 74 0 0 74 0 0 74 0 0 74 0 
0 74 0 0 43 0 0 43 0 0 43 0 0 43 0 0 43 0 0 43 0 0 43 0 0 43 0 4 41 0 1 44 0 0 41 0 5 38 7 0 13 0 9 11 0 2 7 0 0 10 2 0 12 0 0 9 0 4 7 0 1 9 0 0 11 0 0 11 0 5 6 0 15 1 0 227 39 12 228 28 5 231 18 0 234 22 1 231 27 2 225 27 0 226 25 0 233 23 0 227 26 0 234 25 2 228 23 0 218 31 0 210 50 2 199 58 2 194 55 0 200 55 0 199 56 0 199 56 0 199 56 0 199 56 0 199 56 0 199 56 0 199 56 0 199 56 0 171 87 0 171 87 0 169 88 0 169 88 0 168 88 0 168 88 0 166 89 0 166 89 0 168 88 0 233 23 0 233 23 0 233 23 0 233 23 0 233 23 0 233 23 0 233 23 0 233 23 0 232 23 3 236 24 3 231 21 0 222 29 0 213 47 5 203 56 4 198 53 0 203 53 0 203 54 0 203 54 0 201 55 0 201 55 0 200 55 0 200 55 0 199 56 0 199 56 0 170 86 0 170 86 0 170 86 0 170 86 0 170 86 0 170 86 0 170 86 0 170 86 0 167 87 0 172 88 2 166 85 0 157 93 0 149 111 2 139 120 2 133 117 0 138 117 0 137 118 0 137 118 0 137 118 0 137 118 0 137 118 0 137 118 0 137 118 0 137 118 0 105 150 0 105 150 0 105 150 0 105 150 0 105 150 0 105 150 0 105 150 0 105 150 0 106 150 1 110 150 2 104 149 0 93 157 0 86 176 3 76 185 4 69 183 0 74 184 1 72 183 0 72 183 0 72 183 0 72 183 0 72 183 0 72 183 0 72 183 0 72 183 0 41 214 0 41 214 0 41 214 0 41 214 0 41 214 0 41 214 0 41 214 0 41 214 0 42 215 3 46 214 4 42 212 0 30 220 0 21 239 3 10 248 4 3 246 0 8 246 0 8 246 0 8 246 0 8 246 0 8 246 0 8 246 0 8 246 0 8 246 0 8 246 0 0 234 0 0 234 0 0 234 0 0 234 0 0 234 0 0 234 0 0 234 0 0 234 0 0 231 0 0 237 1 0 235 2 4 233 8 0 204 0 4 201 0 1 199 0 0 206 4 0 201 1 0 201 1 0 201 1 0 201 1 0 201 1 0 201 1 0 201 1 0 201 1 0 169 0 0 169 0 0 169 0 0 169 0 0 169 0 0 169 0 0 169 0 0 169 0 3 166 0 0 172 2 0 171 4 6 167 11 0 138 0 4 134 0 1 132 0 0 139 6 0 137 0 0 137 0 0 137 0 0 137 0 0 137 0 0 137 0 0 137 0 0 137 0 0 105 0 0 105 0 0 105 0 0 105 0 0 105 0 0 105 0 0 105 0 0 105 0 3 105 0 0 108 0 0 104 0 3 103 7 0 77 0 7 75 0 2 72 0 0 74 2 0 74 0 0 74 0 0 74 0 0 74 0 0 74 0 0 74 0 0 74 0 0 74 0 0 43 0 0 43 0 0 43 0 0 43 0 0 43 0 0 43 0 0 43 0 0 43 0 4 41 0 1 44 0 0 41 0 5 38 7 0 13 0 9 11 0 2 7 0 0 10 2 0 12 0 0 9 0 4 7 0 1 9 0 0 11 0 0 11 0 5 6 0 15 1 0 227 39 12 228 28 5 231 18 0 234 22 1 231 27 2 225 27 0 
226 25 0 233 23 0 227 26 0 234 25 2 228 23 0 218 31 0 210 50 2 199 58 2 194 55 0 200 55 0 199 56 0 199 56 0 199 56 0 199 56 0 199 56 0 199 56 0 199 56 0 199 56 0 171 87 0 171 87 0 169 88 0 169 88 0 168 88 0 168 88 0 166 89 0 166 89 0 168 88 0 233 23 0 233 23 0 233 23 0 233 23 0 233 23 0 233 23 0 233 23 0 233 23 0 232 23 3 236 24 3 231 21 0 222 29 0 213 47 5 203 56 4 198 53 0 203 53 0 203 54 0 203 54 0 201 55 0 201 55 0 200 55 0 200 55 0 199 56 0 199 56 0 170 86 0 170 86 0 170 86 0 170 86 0 170 86 0 170 86 0 170 86 0 170 86 0 167 87 0 172 88 2 166 85 0 157 93 0 149 111 2 139 120 2 133 117 0 138 117 0 137 118 0 137 118 0 137 118 0 137 118 0 137 118 0 137 118 0 137 118 0 137 118 0 105 150 0 105 150 0 105 150 0 105 150 0 105 150 0 105 150 0 105 150 0 105 150 0 106 150 1 110 150 2 104 149 0 93 157 0 86 176 3 76 185 4 69 183 0 74 184 1 72 183 0 72 183 0 72 183 0 72 183 0 72 183 0 72 183 0 72 183 0 72 183 0 41 214 0 41 214 0 41 214 0 41 214 0 41 214 0 41 214 0 41 214 0 41 214 0 42 215 3 46 214 4 42 212 0 30 220 0 21 239 3 10 248 4 3 246 0 8 246 0 8 246 0 8 246 0 8 246 0 8 246 0 8 246 0 8 246 0 8 246 0 8 246 0 0 234 0 0 234 0 0 234 0 0 234 0 0 234 0 0 234 0 0 234 0 0 234 0 0 231 0 0 237 1 0 235 2 4 233 8 0 204 0 4 201 0 1 199 0 0 206 4 0 201 1 0 201 1 0 201 1 0 201 1 0 201 1 0 201 1 0 201 1 0 201 1 0 169 0 0 169 0 0 169 0 0 169 0 0 169 0 0 169 0 0 169 0 0 169 0 3 166 0 0 172 2 0 171 4 6 167 11 0 138 0 4 134 0 1 132 0 0 139 6 0 137 0 0 137 0 0 137 0 0 137 0 0 137 0 0 137 0 0 137 0 0 137 0 0 105 0 0 105 0 0 105 0 0 105 0 0 105 0 0 105 0 0 105 0 0 105 0 3 105 0 0 108 0 0 104 0 3 103 7 0 77 0 7 75 0 2 72 0 0 74 2 0 74 0 0 74 0 0 74 0 0 74 0 0 74 0 0 74 0 0 74 0 0 74 0 0 43 0 0 43 0 0 43 0 0 43 0 0 43 0 0 43 0 0 43 0 0 43 0 4 41 0 1 44 0 0 41 0 5 38 7 0 13 0 9 11 0 2 7 0 0 10 2 0 12 0 0 9 0 4 7 0 1 9 0 0 11 0 0 11 0 5 6 0 15 1 0 227 39 12 228 28 5 231 18 0 234 22 1 231 27 2 225 27 0 226 25 0 233 23 0 227 26 0 234 25 2 228 23 0 218 31 0 210 50 2 199 58 2 194 55 0 200 55 0 199 56 0 199 56 0 199 56 0 199 56 0 199 56 0 199 56 0 199 56 0 199 56 0 171 87 0 171 87 0 169 88 0 169 88 0 168 88 0 168 88 0 166 89 0 166 89 0 168 88 0 233 23 0 233 23 0 233 23 0 233 23 0 
233 23 0 233 23 0 233 23 0 233 23 0 232 23 3 236 24 3 231 21 0 222 29 0 213 47 5 203 56 4 198 53 0 203 53 0 203 54 0 203 54 0 201 55 0 201 55 0 200 55 0 200 55 0 199 56 0 199 56 0 170 86 0 170 86 0 170 86 0 170 86 0 170 86 0 170 86 0 170 86 0 170 86 0 167 87 0 172 88 2 166 85 0 157 93 0 149 111 2 139 120 2 133 117 0 138 117 0 137 118 0 137 118 0 137 118 0 137 118 0 137 118 0 137 118 0 137 118 0 137 118 0 105 150 0 105 150 0 105 150 0 105 150 0 105 150 0 105 150 0 105 150 0 105 150 0 106 150 1 110 150 2 104 149 0 93 157 0 86 176 3 76 185 4 69 183 0 74 184 1 72 183 0 72 183 0 72 183 0 72 183 0 72 183 0 72 183 0 72 183 0 72 183 0 41 214 0 41 214 0 41 214 0 41 214 0 41 214 0 41 214 0 41 214 0 41 214 0 42 215 3 46 214 4 42 212 0 30 220 0 21 239 3 10 248 4 3 246 0 8 246 0 8 246 0 8 246 0 8 246 0 8 246 0 8 246 0 8 246 0 8 246 0 8 246 0 0 234 0 0 234 0 0 234 0 0 234 0 0 234 0 0 234 0 0 234 0 0 234 0 0 231 0 0 237 1 0 235 2 4 233 8 0 204 0 4 201 0 1 199 0 0 206 4 0 201 1 0 201 1 0 201 1 0 201 1 0 201 1 0 201 1 0 201 1 0 201 1 0 169 0 0 169 0 0 169 0 0 169 0 0 169 0 0 169 0 0 169 0 0 169 0 3 166 0 0 172 2 0 171 4 6 167 11 0 138 0 4 134 0 1 132 0 0 139 6 0 137 0 0 137 0 0 137 0 0 137 0 0 137 0 0 137 0 0 137 0 0 137 0 0 105 0 0 105 0 0 105 0 0 105 0 0 105 0 0 105 0 0 105 0 0 105 0 3 105 0 0 108 0 0 104 0 3 103 7 0 77 0 7 75 0 2 72 0 0 74 2 0 74 0 0 74 0 0 74 0 0 74 0 0 74 0 0 74 0 0 74 0 0 74 0 0 43 0 0 43 0 0 43 0 0 43 0 0 43 0 0 43 0 0 43 0 0 43 0 4 41 0 1 44 0 0 41 0 5 38 7 0 13 0 9 11 0 2 7 0 0 10 2 0 12 0 0 9 0 4 7 0 1 9 0 0 11 0 0 11 0 5 6 0 15 1 0 227 39 12 228 28 5 231 18 0 234 22 1 231 27 2 225 27 0 226 25 0 233 23 0 227 26 0 234 25 2 228 23 0 218 31 0 210 50 2 199 58 2 194 55 0 200 55 0 199 56 0 199 56 0 199 56 0 199 56 0 199 56 0 199 56 0 199 56 0 199 56 0 171 87 0 171 87 0 169 88 0 169 88 0 168 88 0 168 88 0 166 89 0 166 89 0 168 88 0 233 23 0 233 23 0 233 23 0 233 23 0 233 23 0 233 23 0 233 23 0 233 23 0 232 23 3 236 24 3 231 21 0 222 29 0 213 47 5 203 56 4 198 53 0 203 53 0 203 54 0 203 54 0 201 55 0 201 55 0 200 55 0 200 55 0 199 56 0 199 56 0 170 86 0 170 86 0 170 86 0 170 86 0 170 86 0 170 86 0 170 86 0 170 86 0 167 87 0 172 88 2 166 85 0 
157 93 0 149 111 2 139 120 2 133 117 0 138 117 0 137 118 0 137 118 0 137 118 0 137 118 0 137 118 0 137 118 0 137 118 0 137 118 0 105 150 0 105 150 0 105 150 0 105 150 0 105 150 0 105 150 0 105 150 0 105 150 0 106 150 1 110 150 2 104 149 0 93 157 0 86 176 3 76 185 4 69 183 0 74 184 1 72 183 0 72 183 0 72 183 0 72 183 0 72 183 0 72 183 0 72 183 0 72 183 0 41 214 0 41 214 0 41 214 0 41 214 0 41 214 0 41 214 0 41 214 0 41 214 0 42 215 3 46 214 4 42 212 0 30 220 0 21 239 3 10 248 4 3 246 0 8 246 0 8 246 0 8 246 0 8 246 0 8 246 0 8 246 0 8 246 0 8 246 0 8 246 0 0 234 0 0 234 0 0 234 0 0 234 0 0 234 0 0 234 0 0 234 0 0 234 0 0 231 0 0 237 1 0 235 2 4 233 8 0 204 0 4 201 0 1 199 0 0 206 4 0 201 1 0 201 1 0 201 1 0 201 1 0 201 1 0 201 1 0 201 1 0 201 1 0 169 0 0 169 0 0 169 0 0 169 0 0 169 0 0 169 0 0 169 0 0 169 0 3 166 0 0 172 2 0 171 4 6 167 11 0 138 0 4 134 0 1 132 0 0 139 6 0 137 0 0 137 0 0 137 0 0 137 0 0 137 0 0 137 0 0 137 0 0 137 0 0 105 0 0 105 0 0 105 0 0 105 0 0 105 0 0 105 0 0 105 0 0 105 0 3 105 0 0 108 0 0 104 0 3 103 7 0 77 0 7 75 0 2 72 0 0 74 2 0 74 0 0 74 0 0 74 0 0 74 0 0 74 0 0 74 0 0 74 0 0 74 0 0 43 0 0 43 0 0 43 0 0 43 0 0 43 0 0 43 0 0 43 0 0 43 0 4 41 0 1 44 0 0 41 0 5 38 7 0 13 0 9 11 0 2 7 0 0 10 2 0 12 0 0 9 0 4 7 0 1 9 0 0 11 0 0 11 0 5 6 0 15 1 0 227 39 12 228 28 5 231 18 0 234 22 1 231 27 2 225 27 0 226 25 0 233 23 0 227 26 0 234 25 2 228 23 0 218 31 0 210 50 2 199 58 2 194 55 0 200 55 0 199 56 0 199 56 0 199 56 0 199 56 0 199 56 0 199 56 0 199 56 0 199 56 0 171 87 0 171 87 0 169 88 0 169 88 0 168 88 0 168 88 0 166 89 0 166 89 0 168 88 0 233 23 0 233 23 0 233 23 0 233 23 0 233 23 0 233 23 0 233 23 0 233 23 0 232 23 3 236 24 3 231 21 0 222 29 0 213 47 5 203 56 4 198 53 0 203 53 0 203 54 0 203 54 0 201 55 0 201 55 0 200 55 0 200 55 0 199 56 0 199 56 0 170 86 0 170 86 0 170 86 0 170 86 0 170 86 0 170 86 0 170 86 0 170 86 0 167 87 0 172 88 2 166 85 0 157 93 0 149 111 2 139 120 2 133 117 0 138 117 0 137 118 0 137 118 0 137 118 0 137 118 0 137 118 0 137 118 0 137 118 0 137 118 0 105 150 0 105 150 0 105 150 0 105 150 0 105 150 0 105 150 0 105 150 0 105 150 0 106 150 1 110 150 2 104 149 0 93 157 0 86 176 3 76 185 4 69 183 0 74 184 1 72 183 0 72 183 0 
72 183 0 72 183 0 72 183 0 72 183 0 72 183 0 72 183 0 41 214 0 41 214 0 41 214 0 41 214 0 41 214 0 41 214 0 41 214 0 41 214 0 42 215 3 46 214 4 42 212 0 30 220 0 21 239 3 10 248 4 3 246 0 8 246 0 8 246 0 8 246 0 8 246 0 8 246 0 8 246 0 8 246 0 8 246 0 8 246 0 0 234 0 0 234 0 0 234 0 0 234 0 0 234 0 0 234 0 0 234 0 0 234 0 0 231 0 0 237 1 0 235 2 4 233 8 0 204 0 4 201 0 1 199 0 0 206 4 0 201 1 0 201 1 0 201 1 0 201 1 0 201 1 0 201 1 0 201 1 0 201 1 0 169 0 0 169 0 0 169 0 0 169 0 0 169 0 0 169 0 0 169 0 0 169 0 3 166 0 0 172 2 0 171 4 6 167 11 0 138 0 4 134 0 1 132 0 0 139 6 0 137 0 0 137 0 0 137 0 0 137 0 0 137 0 0 137 0 0 137 0 0 137 0 0 105 0 0 105 0 0 105 0 0 105 0 0 105 0 0 105 0 0 105 0 0 105 0 3 105 0 0 108 0 0 104 0 3 103 7 0 77 0 7 75 0 2 72 0 0 74 2 0 74 0 0 74 0 0 74 0 0 74 0 0 74 0 0 74 0 0 74 0 0 74 0 0 43 0 0 43 0 0 43 0 0 43 0 0 43 0 0 43 0 0 43 0 0 43 0 4 41 0 1 44 0 0 41 0 5 38 7 0 13 0 9 11 0 2 7 0 0 10 2 0 12 0 0 9 0 4 7 0 1 9 0 0 11 0 0 11 0 5 6 0 15 1 0 227 39 12 228 28 5 231 18 0 234 22 1 231 27 2 225 27 0 226 25 0 233 23 0 227 26 0 234 25 2 228 23 0 218 31 0 210 50 2 199 58 2 194 55 0 200 55 0 199 56 0 199 56 0 199 56 0 199 56 0 199 56 0 199 56 0 199 56 0 199 56 0 171 87 0 171 87 0 169 88 0 169 88 0 168 88 0 168 88 0 166 89 0 166 89 0 168 88 0 233 23 0 233 23 0 233 23 0 233 23 0 233 23 0 233 23 0 233 23 0 233 23 0 232 23 3 236 24 3 231 21 0 222 29 0 213 47 5 203 56 4 198 53 0 203 53 0 203 54 0 203 54 0 201 55 0 201 55 0 200 55 0 200 55 0 199 56 0 199 56 0 170 86 0 170 86 0 170 86 0 170 86 0 170 86 0 170 86 0 170 86 0 170 86 0 167 87 0 172 88 2 166 85 0 157 93 0 149 111 2 139 120 2 133 117 0 138 117 0 137 118 0 137 118 0 137 118 0 137 118 0 137 118 0 137 118 0 137 118 0 137 118 0 105 150 0 105 150 0 105 150 0 105 150 0 105 150 0 105 150 0 105 150 0 105 150 0 106 150 1 110 150 2 104 149 0 93 157 0 86 176 3 76 185 4 69 183 0 74 184 1 72 183 0 72 183 0 72 183 0 72 183 0 72 183 0 72 183 0 72 183 0 72 183 0 41 214 0 41 214 0 41 214 0 41 214 0 41 214 0 41 214 0 41 214 0 41 214 0 42 215 3 46 214 4 42 212 0 30 220 0 21 239 3 10 248 4 3 246 0 8 246 0 8 246 0 8 246 0 8 246 0 8 246 0 8 246 0 8 246 0 8 246 0 8 246 0 0 234 0 
0 234 0 0 234 0 0 234 0 0 234 0 0 234 0 0 234 0 0 234 0 0 231 0 0 237 1 0 235 2 4 233 8 0 204 0 4 201 0 1 199 0 0 206 4 0 201 1 0 201 1 0 201 1 0 201 1 0 201 1 0 201 1 0 201 1 0 201 1 0 169 0 0 169 0 0 169 0 0 169 0 0 169 0 0 169 0 0 169 0 0 169 0 3 166 0 0 172 2 0 171 4 6 167 11 0 138 0 4 134 0 1 132 0 0 139 6 0 137 0 0 137 0 0 137 0 0 137 0 0 137 0 0 137 0 0 137 0 0 137 0 0 105 0 0 105 0 0 105 0 0 105 0 0 105 0 0 105 0 0 105 0 0 105 0 3 105 0 0 108 0 0 104 0 3 103 7 0 77 0 7 75 0 2 72 0 0 74 2 0 74 0 0 74 0 0 74 0 0 74 0 0 74 0 0 74 0 0 74 0 0 74 0 0 43 0 0 43 0 0 43 0 0 43 0 0 43 0 0 43 0 0 43 0 0 43 0 4 41 0 1 44 0 0 41 0 5 38 7 0 13 0 9 11 0 2 7 0 0 10 2 0 12 0 0 9 0 4 7 0 1 9 0 0 11 0 0 11 0 5 6 0 15 1 0 227 39 12 228 28 5 231 18 0 234 22 1 231 27 2 225 27 0 226 25 0 233 23 0 227 26 0 234 25 2 228 23 0 218 31 0 210 50 2 199 58 2 194 55 0 200 55 0 199 56 0 199 56 0 199 56 0 199 56 0 199 56 0 199 56 0 199 56 0 199 56 0 171 87 0 171 87 0 169 88 0 169 88 0 168 88 0 168 88 0 166 89 0 166 89 0 168 88 0 234 22 0 234 22 0 234 22 0 234 22 0 234 22 0 234 22 0 234 22 0 234 22 0 232 23 3 238 23 3 231 21 0 222 29 0 214 47 5 203 56 4 198 53 0 204 53 0 201 55 0 201 55 0 201 55 0 201 55 0 201 55 0 201 55 0 201 55 0 201 55 0 169 85 0 169 85 0 167 86 0 167 86 0 166 86 0 166 86 0 164 87 0 164 87 0 164 87 0 169 87 1 164 84 0 155 92 0 145 111 1 136 119 1 131 117 0 136 117 0 137 118 0 137 118 0 137 118 0 137 118 0 137 118 0 137 118 0 137 118 0 137 118 0 108 148 0 108 148 0 108 148 0 108 148 0 108 148 0 108 148 0 108 148 0 108 148 0 107 149 1 111 149 2 105 148 0 95 157 0 86 176 3 76 185 4 69 183 0 74 184 1 69 185 0 69 185 0 69 185 0 69 185 0 69 185 0 69 185 0 69 185 0 69 185 0 43 213 0 43 213 0 43 213 0 43 213 0 43 213 0 43 213 0 43 213 0 43 213 0 40 214 2 44 214 3 39 212 0 30 220 0 22 238 3 13 248 5 7 245 0 12 246 1 7 247 0 7 247 0 7 247 0 7 247 0 7 247 0 7 247 0 7 247 0 7 247 0 0 233 0 0 233 0 0 233 0 0 233 0 0 233 0 0 233 0 0 233 0 0 233 0 2 230 0 2 235 3 0 234 4 6 230 9 0 202 0 5 197 0 0 196 0 0 202 6 0 201 1 0 201 1 0 201 1 0 201 1 0 201 1 0 201 1 0 201 1 0 201 1 2 169 3 2 169 3 2 169 3 2 169 3 2 169 3 2 169 3 2 169 3 2 169 3 
1 164 0 0 170 0 0 169 2 5 166 10 0 137 0 4 134 0 1 132 0 0 138 5 1 135 0 1 135 0 1 135 0 1 135 0 1 135 0 1 135 0 1 135 0 1 135 0 0 105 0 0 105 0 0 105 0 0 105 0 0 105 0 0 105 0 0 105 0 0 105 0 5 104 0 0 107 1 0 103 1 5 102 9 0 75 0 8 74 2 4 71 2 0 73 4 1 73 0 1 73 0 1 73 0 1 73 0 1 73 0 1 73 0 1 73 0 1 73 0 3 41 0 3 41 0 3 41 0 3 41 0 3 41 0 3 41 0 3 41 0 3 41 0 2 39 0 1 43 3 0 43 6 7 40 11 0 11 0 6 7 0 2 7 1 1 12 6 0 13 2 4 9 2 8 7 2 6 9 2 0 12 2 0 12 2 10 7 2 18 2 2 231 35 11 226 26 3 225 20 0 231 22 0 234 24 1 231 22 0 228 23 0 228 24 0 230 24 3 235 24 3 230 21 0 220 30 0 213 47 5 202 57 4 197 54 0 201 54 0 201 55 0 201 55 0 201 55 0 200 55 0 199 56 0 199 56 0 197 57 0 197 57 0 169 88 0 169 88 0 169 88 0 169 88 0 169 88 0 169 88 0 169 88 0 169 88 0 169 88 0 234 22 0 234 22 0 234 22 0 234 22 0 234 22 0 234 22 0 234 22 0 234 22 0 232 23 3 236 24 3 231 21 0 222 29 0 214 47 5 203 56 4 198 53 0 203 53 0 201 55 0 201 55 0 201 55 0 201 55 0 201 55 0 201 55 0 201 55 0 201 55 0 169 85 0 169 85 0 167 86 0 167 86 0 166 86 0 166 86 0 164 87 0 164 87 0 164 87 0 169 87 1 164 84 0 155 92 0 145 111 1 136 119 1 131 117 0 136 117 0 137 118 0 137 118 0 137 118 0 137 118 0 137 118 0 137 118 0 137 118 0 137 118 0 106 149 0 106 149 0 106 149 0 106 149 0 106 149 0 106 149 0 106 149 0 106 149 0 106 150 1 110 150 2 105 148 0 95 157 0 86 176 3 76 185 4 69 183 0 74 184 1 69 185 0 69 185 0 69 185 0 69 185 0 69 185 0 69 185 0 69 185 0 69 185 0 41 214 0 41 214 0 41 214 0 41 214 0 41 214 0 41 214 0 41 214 0 41 214 0 40 214 2 44 214 3 39 212 0 30 220 0 21 239 3 13 248 5 7 245 0 12 246 1 7 247 0 7 247 0 7 247 0 7 247 0 7 247 0 7 247 0 7 247 0 7 247 0 0 233 0 0 233 0 0 233 0 0 233 0 0 233 0 0 233 0 0 233 0 0 233 0 2 230 0 2 235 3 0 234 4 6 230 9 0 202 0 5 197 0 0 196 0 0 202 6 0 201 1 0 201 1 0 201 1 0 201 1 0 201 1 0 201 1 0 201 1 0 201 1 2 169 3 2 169 3 2 169 3 2 169 3 2 169 3 2 169 3 2 169 3 2 169 3 1 164 0 0 170 0 0 169 2 5 166 10 0 137 0 4 134 0 1 132 0 0 138 5 1 135 0 1 135 0 1 135 0 1 135 0 1 135 0 1 135 0 1 135 0 1 135 0 0 105 0 0 105 0 0 105 0 0 105 0 0 105 0 0 105 0 0 105 0 0 105 0 5 104 0 0 107 1 0 103 1 5 102 9 0 75 0 8 74 2 3 70 1 
0 73 4 1 73 0 1 73 0 1 73 0 1 73 0 1 73 0 1 73 0 1 73 0 1 73 0 3 41 0 3 41 0 3 41 0 3 41 0 3 41 0 3 41 0 3 41 0 3 41 0 2 39 0 1 43 3 0 43 6 7 40 11 0 10 0 6 7 0 2 7 1 1 12 6 0 13 2 4 9 2 8 7 2 6 9 2 0 12 2 0 12 2 10 7 2 18 2 2 231 35 11 227 27 4 225 20 0 231 22 0 233 24 1 231 22 0 228 23 0 228 24 0 230 24 3 235 24 3 230 21 0 220 30 0 211 48 5 202 57 4 197 54 0 201 54 0 201 55 0 201 55 0 200 55 0 200 55 0 199 56 0 197 57 0 197 57 0 197 57 0 169 88 0 169 88 0 169 88 0 169 88 0 169 88 0 169 88 0 169 88 0 169 88 0 169 88 0 233 23 0 233 23 0 233 23 0 233 23 0 233 23 0 233 23 0 233 23 0 233 23 0 232 23 3 236 24 3 231 21 0 220 30 0 213 47 5 203 56 4 198 53 0 203 53 0 200 55 0 200 55 0 200 55 0 200 55 0 200 55 0 200 55 0 200 55 0 200 55 0 169 85 0 169 85 0 167 86 0 167 86 0 166 86 0 166 86 0 164 87 0 164 87 0 165 88 0 169 87 1 165 85 0 155 92 0 145 111 1 136 119 1 132 118 0 136 117 0 135 119 0 135 119 0 135 119 0 135 119 0 135 119 0 135 119 0 135 119 0 135 119 0 106 149 0 106 149 0 106 149 0 106 149 0 106 149 0 106 149 0 106 149 0 106 149 0 106 150 1 110 150 2 104 149 0 93 157 0 84 176 3 75 186 4 69 183 0 74 184 1 69 185 0 69 185 0 69 185 0 69 185 0 69 185 0 69 185 0 69 185 0 69 185 0 41 214 0 41 214 0 41 214 0 41 214 0 41 214 0 41 214 0 41 214 0 41 214 0 38 215 2 44 214 3 38 213 0 29 221 0 21 239 3 11 249 5 6 246 0 12 246 1 7 247 0 7 247 0 7 247 0 7 247 0 7 247 0 7 247 0 7 247 0 7 247 0 0 233 0 0 233 0 0 233 0 0 233 0 0 233 0 0 233 0 0 233 0 0 233 0 2 230 0 2 235 3 0 234 4 6 230 9 0 202 0 5 197 0 0 196 0 0 202 6 0 201 1 0 201 1 0 201 1 0 201 1 0 201 1 0 201 1 0 201 1 0 201 1 2 169 3 2 169 3 2 169 3 2 169 3 2 169 3 2 169 3 2 169 3 2 169 3 1 164 0 0 170 0 0 169 2 5 166 10 0 137 0 4 134 0 1 132 0 0 138 5 1 135 0 1 135 0 1 135 0 1 135 0 1 135 0 1 135 0 1 135 0 1 135 0 0 104 0 0 104 0 0 104 0 0 104 0 0 104 0 0 104 0 0 104 0 0 104 0 5 104 0 0 106 0 0 103 1 5 102 9 0 75 0 8 74 2 3 70 1 0 73 4 1 73 0 1 73 0 1 73 0 1 73 0 1 73 0 1 73 0 1 73 0 1 73 0 2 40 0 2 40 0 2 40 0 2 40 0 2 40 0 2 40 0 2 40 0 2 40 0 1 38 0 1 43 3 0 42 5 6 39 10 0 10 0 6 7 0 1 6 0 1 12 6 0 12 1 3 8 1 7 6 1 5 8 1 0 11 1 0 11 1 
9 6 1 17 1 1 231 35 11 226 27 4 224 22 0 229 23 0 234 25 2 230 24 0 227 23 0 227 26 0 229 24 3 235 24 3 228 22 0 219 30 0 211 48 5 201 57 4 195 54 0 201 54 0 201 55 0 200 55 0 200 55 0 199 56 0 199 56 0 197 57 0 196 57 0 196 57 0 168 88 0 168 88 0 168 88 0 168 88 0 168 88 0 168 88 0 168 88 0 168 88 0 168 88 0 233 23 0 233 23 0 233 23 0 233 23 0 233 23 0 233 23 0 233 23 0 233 23 0 230 24 3 235 24 3 230 21 0 220 30 0 211 48 5 202 57 4 197 54 0 201 54 0 200 55 0 200 55 0 200 55 0 200 55 0 200 55 0 200 55 0 200 55 0 200 55 0 170 86 0 170 86 0 168 87 0 168 87 0 167 87 0 167 87 0 165 88 0 165 88 0 165 88 0 170 88 2 165 85 0 156 93 0 146 112 2 137 120 2 132 118 0 137 118 0 135 119 0 135 119 0 135 119 0 135 119 0 135 119 0 135 119 0 135 119 0 135 119 0 105 150 0 105 150 0 105 150 0 105 150 0 105 150 0 105 150 0 105 150 0 105 150 0 105 151 1 108 150 2 104 149 0 93 157 0 84 176 3 75 186 4 68 184 0 73 184 1 69 185 0 69 185 0 69 185 0 69 185 0 69 185 0 69 185 0 69 185 0 69 185 0 40 215 0 40 215 0 40 215 0 40 215 0 40 215 0 40 215 0 40 215 0 40 215 0 38 215 2 42 215 3 38 213 0 27 222 0 19 240 3 11 249 5 6 246 0 11 247 1 7 247 0 7 247 0 7 247 0 7 247 0 7 247 0 7 247 0 7 247 0 7 247 0 0 233 0 0 233 0 0 233 0 0 233 0 0 233 0 0 233 0 0 233 0 0 233 0 2 230 0 2 235 3 0 234 4 6 230 9 0 202 0 5 197 0 0 196 0 0 202 6 0 201 1 0 201 1 0 201 1 0 201 1 0 201 1 0 201 1 0 201 1 0 201 1 1 168 2 1 168 2 1 168 2 1 168 2 1 168 2 1 168 2 1 168 2 1 168 2 1 164 0 0 170 0 0 169 2 5 166 10 0 137 0 4 134 0 1 132 0 0 138 5 1 135 0 1 135 0 1 135 0 1 135 0 1 135 0 1 135 0 1 135 0 1 135 0 0 104 0 0 104 0 0 104 0 0 104 0 0 104 0 0 104 0 0 104 0 0 104 0 4 103 0 0 106 0 0 102 0 4 101 8 0 74 0 7 73 1 3 70 1 0 72 3 1 73 0 1 73 0 1 73 0 1 73 0 1 73 0 1 73 0 1 73 0 1 73 0 2 40 0 2 40 0 2 40 0 2 40 0 2 40 0 2 40 0 2 40 0 2 40 0 1 38 0 0 42 2 0 42 5 6 39 10 0 10 0 6 7 0 1 6 0 0 11 5 0 12 1 3 8 1 7 6 1 5 8 1 0 11 1 0 11 1 9 6 1 17 1 1 231 37 12 224 28 4 224 22 0 230 24 1 232 26 2 230 24 0 226 25 0 226 27 0 229 24 3 234 25 3 228 22 0 218 31 0 210 49 5 201 57 4 195 54 0 200 55 0 200 55 0 200 55 0 199 56 0 199 56 0 197 57 0 196 57 0 196 57 0 196 57 0 168 88 0 168 88 0 168 88 0 168 88 0 168 88 0 
168 88 0 168 88 0 168 88 0 168 88 0 232 24 0 232 24 0 232 24 0 232 24 0 232 24 0 232 24 0 232 24 0 232 24 0 229 24 3 235 24 3 228 22 0 219 30 0 211 48 5 201 57 4 195 54 0 201 54 0 199 56 0 199 56 0 199 56 0 199 56 0 199 56 0 199 56 0 199 56 0 199 56 0 170 86 0 170 86 0 168 87 0 168 87 0 167 87 0 167 87 0 165 88 0 165 88 0 166 89 1 170 88 2 166 86 0 156 93 0 146 112 2 137 120 2 133 119 0 137 118 0 134 120 0 134 120 0 134 120 0 134 120 0 134 120 0 134 120 0 134 120 0 134 120 0 105 150 0 105 150 0 105 150 0 105 150 0 105 150 0 105 150 0 105 150 0 105 150 0 105 151 1 108 150 2 103 149 0 92 158 0 83 177 3 73 187 4 66 185 0 71 185 1 69 185 0 69 185 0 69 185 0 69 185 0 69 185 0 69 185 0 69 185 0 69 185 0 40 215 0 40 215 0 40 215 0 40 215 0 40 215 0 40 215 0 40 215 0 40 215 0 37 216 2 41 215 3 36 214 0 27 222 0 19 240 3 10 250 5 4 247 0 9 247 1 7 247 0 7 247 0 7 247 0 7 247 0 7 247 0 7 247 0 7 247 0 7 247 0 0 233 0 0 233 0 0 233 0 0 233 0 0 233 0 0 233 0 0 233 0 0 233 0 2 230 0 2 235 3 0 234 4 6 230 9 0 202 0 5 197 0 0 196 0 0 202 6 0 201 1 0 201 1 0 201 1 0 201 1 0 201 1 0 201 1 0 201 1 0 201 1 1 168 2 1 168 2 1 168 2 1 168 2 1 168 2 1 168 2 1 168 2 1 168 2 1 164 0 0 170 0 0 169 2 5 166 10 0 137 0 4 134 0 1 132 0 0 138 5 1 135 0 1 135 0 1 135 0 1 135 0 1 135 0 1 135 0 1 135 0 1 135 0 0 103 0 0 103 0 0 103 0 0 103 0 0 103 0 0 103 0 0 103 0 0 103 0 4 103 0 0 106 0 0 102 0 4 101 8 0 74 0 7 73 1 2 69 0 0 72 3 1 73 0 1 73 0 1 73 0 1 73 0 1 73 0 1 73 0 1 73 0 1 73 0 1 39 0 1 39 0 1 39 0 1 39 0 1 39 0 1 39 0 1 39 0 1 39 0 1 38 0 0 42 2 0 41 4 5 38 9 0 9 0 5 6 0 1 6 0 0 11 5 0 11 0 2 7 0 6 5 0 4 7 0 0 10 0 0 10 0 8 5 0 16 0 0 229 38 12 225 29 5 224 24 1 229 25 1 232 26 2 230 26 1 226 25 0 226 27 0 227 25 3 232 26 3 227 23 0 218 31 0 210 49 5 199 58 4 194 55 0 199 56 0 199 56 0 199 56 0 199 56 0 197 57 0 196 57 0 196 57 0 194 58 0 194 58 0 166 89 0 166 89 0 166 89 0 166 89 0 166 89 0 166 89 0 166 89 0 166 89 0 166 89 0 230 25 0 230 25 0 230 25 0 230 25 0 230 25 0 230 25 0 230 25 0 230 25 0 229 24 3 234 25 3 228 22 0 218 31 0 210 49 5 201 57 4 195 54 0 200 55 0 197 57 0 197 57 0 197 57 0 197 57 0 197 57 0 197 57 0 197 57 0 197 57 0 171 87 0 171 87 0 169 88 0 
169 88 0 168 88 0 168 88 0 166 89 0 166 89 0 166 89 1 171 89 3 166 86 0 157 94 0 147 113 3 137 120 2 133 119 0 137 118 0 134 120 0 134 120 0 134 120 0 134 120 0 134 120 0 134 120 0 134 120 0 134 120 0 104 150 0 104 150 0 104 150 0 104 150 0 104 150 0 104 150 0 104 150 0 104 150 0 103 152 1 107 151 2 101 150 0 91 159 0 81 178 3 72 187 4 66 185 0 71 185 1 69 185 0 69 185 0 69 185 0 69 185 0 69 185 0 69 185 0 69 185 0 69 185 0 38 216 0 38 216 0 38 216 0 38 216 0 38 216 0 38 216 0 38 216 0 38 216 0 36 217 2 41 215 3 36 214 0 26 222 0 18 241 3 10 250 5 3 247 0 9 247 1 7 247 0 7 247 0 7 247 0 7 247 0 7 247 0 7 247 0 7 247 0 7 247 0 0 233 0 0 233 0 0 233 0 0 233 0 0 233 0 0 233 0 0 233 0 0 233 0 2 230 0 2 235 3 0 234 4 6 230 9 0 202 0 5 197 0 0 196 0 0 202 6 0 201 1 0 201 1 0 201 1 0 201 1 0 201 1 0 201 1 0 201 1 0 201 1 0 167 1 0 167 1 0 167 1 0 167 1 0 167 1 0 167 1 0 167 1 0 167 1 1 164 0 0 170 0 0 169 2 5 166 10 0 137 0 4 134 0 1 132 0 0 138 5 1 135 0 1 135 0 1 135 0 1 135 0 1 135 0 1 135 0 1 135 0 1 135 0 0 103 0 0 103 0 0 103 0 0 103 0 0 103 0 0 103 0 0 103 0 0 103 0 4 103 0 0 105 0 0 101 0 4 101 8 0 73 0 6 72 0 2 69 0 0 71 2 1 73 0 1 73 0 1 73 0 1 73 0 1 73 0 1 73 0 1 73 0 1 73 0 1 39 0 1 39 0 1 39 0 1 39 0 1 39 0 1 39 0 1 39 0 1 39 0 0 37 0 0 42 2 0 41 4 5 38 9 0 9 0 5 6 0 0 5 0 0 11 5 0 11 0 2 7 0 6 5 0 4 7 0 0 10 0 0 10 0 8 5 0 16 0 0 230 39 13 224 30 5 223 24 1 228 26 2 232 28 3 228 27 1 226 27 0 226 28 0 226 26 3 232 26 3 227 23 0 216 32 0 208 50 5 199 58 4 192 56 0 199 56 0 199 56 0 199 56 0 197 57 0 196 57 0 196 57 0 194 58 0 194 58 0 193 59 0 165 90 0 165 90 0 165 90 0 165 90 0 165 90 0 165 90 0 165 90 0 165 90 0 165 90 0 230 25 0 230 25 0 230 25 0 230 25 0 230 25 0 230 25 0 230 25 0 230 25 0 227 25 3 232 26 3 227 23 0 218 31 0 210 49 5 199 58 4 194 55 0 199 56 0 197 57 0 197 57 0 197 57 0 197 57 0 197 57 0 197 57 0 197 57 0 197 57 0 171 87 0 171 87 0 169 88 0 169 88 0 168 88 0 168 88 0 166 89 0 166 89 0 167 90 2 171 89 3 166 86 0 157 94 0 147 113 3 138 121 3 133 119 0 138 119 0 132 120 0 132 120 0 132 120 0 132 120 0 132 120 0 132 120 0 132 120 0 132 120 0 104 150 0 104 150 0 104 150 0 104 150 0 104 150 0 104 150 0 104 150 0 104 150 0 102 152 1 106 152 2 
101 150 0 91 159 0 81 178 3 72 187 4 65 185 0 70 186 1 69 185 0 69 185 0 69 185 0 69 185 0 69 185 0 69 185 0 69 185 0 69 185 0 38 216 0 38 216 0 38 216 0 38 216 0 38 216 0 38 216 0 38 216 0 38 216 0 36 217 2 39 216 3 35 214 0 26 222 0 17 241 3 8 250 5 3 247 0 8 248 1 7 247 0 7 247 0 7 247 0 7 247 0 7 247 0 7 247 0 7 247 0 7 247 0 0 233 0 0 233 0 0 233 0 0 233 0 0 233 0 0 233 0 0 233 0 0 233 0 2 230 0 2 235 3 0 234 4 6 230 9 0 202 0 5 197 0 0 196 0 0 202 6 0 201 1 0 201 1 0 201 1 0 201 1 0 201 1 0 201 1 0 201 1 0 201 1 0 167 1 0 167 1 0 167 1 0 167 1 0 167 1 0 167 1 0 167 1 0 167 1 1 164 0 0 170 0 0 169 2 5 166 10 0 137 0 4 134 0 1 132 0 0 138 5 1 135 0 1 135 0 1 135 0 1 135 0 1 135 0 1 135 0 1 135 0 1 135 0 0 103 0 0 103 0 0 103 0 0 103 0 0 103 0 0 103 0 0 103 0 0 103 0 3 102 0 0 105 0 0 101 0 3 100 7 0 73 0 6 72 0 1 68 0 0 71 2 1 73 0 1 73 0 1 73 0 1 73 0 1 73 0 1 73 0 1 73 0 1 73 0 0 38 0 0 38 0 0 38 0 0 38 0 0 38 0 0 38 0 0 38 0 0 38 0 0 37 0 0 41 1 0 41 4 5 38 9 0 8 0 4 5 0 0 5 0 0 10 4 0 10 0 1 6 0 5 4 0 3 6 0 0 9 0 0 9 0 7 4 0 15 0 0 229 39 13 225 31 6 223 24 1 228 26 2 230 29 3 229 28 2 226 27 0 226 28 0 226 26 3 231 27 3 225 24 0 216 32 0 207 50 5 198 59 4 192 56 0 197 56 0 197 57 0 197 57 0 197 57 0 196 57 0 194 58 0 194 58 0 193 59 0 193 59 0 165 90 0 165 90 0 165 90 0 165 90 0 165 90 0 165 90 0 165 90 0 165 90 0 165 90 0 230 25 0 230 25 0 230 25 0 230 25 0 230 25 0 230 25 0 230 25 0 230 25 0 227 25 3 232 26 3 227 23 0 218 31 0 208 50 5 199 58 4 194 55 0 199 56 0 197 57 0 197 57 0 197 57 0 197 57 0 197 57 0 197 57 0 197 57 0 197 57 0 171 87 0 171 87 0 169 88 0 169 88 0 168 88 0 168 88 0 166 89 0 166 89 0 167 90 2 171 89 3 167 87 0 157 94 0 147 113 3 138 121 3 134 120 0 138 119 0 132 120 0 132 120 0 132 120 0 132 120 0 132 120 0 132 120 0 132 120 0 132 120 0 102 151 0 102 151 0 102 151 0 102 151 0 102 151 0 102 151 0 102 151 0 102 151 0 102 152 1 106 152 2 101 150 0 89 159 0 81 178 3 72 187 4 65 185 0 70 186 1 69 185 0 69 185 0 69 185 0 69 185 0 69 185 0 69 185 0 69 185 0 69 185 0 37 216 0 37 216 0 37 216 0 37 216 0 37 216 0 37 216 0 37 216 0 37 216 0 36 217 2 39 216 3 35 214 0 24 223 0 17 241 3 8 250 5 3 247 0 8 248 1 7 247 0 
7 247 0 7 247 0 7 247 0 7 247 0 7 247 0 7 247 0 7 247 0 0 233 0 0 233 0 0 233 0 0 233 0 0 233 0 0 233 0 0 233 0 0 233 0 2 230 0 2 235 3 0 234 4 6 230 9 0 202 0 5 197 0 0 196 0 0 202 6 0 201 1 0 201 1 0 201 1 0 201 1 0 201 1 0 201 1 0 201 1 0 201 1 0 167 1 0 167 1 0 167 1 0 167 1 0 167 1 0 167 1 0 167 1 0 167 1 1 164 0 0 170 0 0 169 2 5 166 10 0 137 0 4 134 0 1 132 0 0 138 5 1 135 0 1 135 0 1 135 0 1 135 0 1 135 0 1 135 0 1 135 0 1 135 0 0 102 0 0 102 0 0 102 0 0 102 0 0 102 0 0 102 0 0 102 0 0 102 0 3 102 0 0 105 0 0 101 0 3 100 7 0 73 0 6 72 0 1 68 0 0 71 2 1 73 0 1 73 0 1 73 0 1 73 0 1 73 0 1 73 0 1 73 0 1 73 0 0 38 0 0 38 0 0 38 0 0 38 0 0 38 0 0 38 0 0 38 0 0 38 0 0 37 0 0 41 1 0 41 4 4 37 8 0 8 0 4 5 0 0 5 0 0 10 4 0 10 0 1 6 0 5 4 0 3 6 0 0 9 0 0 9 0 7 4 0 15 0 0 229 39 13 223 32 6 224 25 2 228 26 2 230 29 3 229 28 2 225 27 0 224 29 0 226 26 3 231 27 3 225 24 0 215 32 0 207 50 5 198 59 4 192 56 0 197 56 0 197 57 0 197 57 0 196 57 0 196 57 0 194 58 0 193 59 0 193 59 0 193 59 0 165 90 0 165 90 0 165 90 0 165 90 0 165 90 0 165 90 0 165 90 0 165 90 0 165 90 0 230 25 0 230 25 0 230 25 0 230 25 0 230 25 0 230 25 0 230 25 0 230 25 0 227 25 3 234 25 3 228 22 0 218 31 0 210 49 5 199 58 4 194 55 0 200 55 0 197 57 0 197 57 0 197 57 0 197 57 0 197 57 0 197 57 0 197 57 0 197 57 0 171 87 0 171 87 0 169 88 0 169 88 0 168 88 0 168 88 0 166 89 0 166 89 0 170 88 2 174 88 3 168 87 0 157 94 0 147 113 3 137 122 3 130 120 0 135 121 0 136 120 0 136 120 0 135 121 0 135 121 0 133 121 0 132 122 0 132 122 0 132 122 0 105 151 0 105 151 0 105 151 0 105 151 0 105 151 0 105 151 0 105 151 0 105 151 0 104 153 2 108 152 3 102 151 0 91 159 0 81 178 3 71 186 3 64 184 0 69 185 0 72 183 0 72 183 0 70 184 0 70 184 0 69 185 0 69 185 0 67 186 0 67 186 0 38 216 0 38 216 0 38 216 0 38 216 0 38 216 0 38 216 0 38 216 0 38 216 0 36 217 2 39 216 3 35 214 0 26 222 0 18 241 3 8 250 5 3 247 0 8 248 1 8 248 1 8 248 1 8 248 1 8 248 1 8 248 1 8 248 1 8 248 1 8 248 1 0 233 0 0 233 0 0 233 0 0 233 0 0 233 0 0 233 0 0 233 0 0 233 0 2 230 0 2 235 3 0 234 4 6 230 9 0 202 0 5 197 0 0 196 0 0 202 6 1 199 0 1 199 0 1 199 0 1 199 0 1 199 0 1 199 0 1 199 0 1 199 0 
0 167 1 0 167 1 0 167 1 0 167 1 0 167 1 0 167 1 0 167 1 0 167 1 3 166 0 0 170 0 0 166 0 3 164 8 0 138 0 6 136 0 2 133 1 0 136 3 0 134 0 0 134 0 0 134 0 0 134 0 0 134 0 0 134 0 0 134 0 0 134 0 0 101 0 0 101 0 0 101 0 0 101 0 0 101 0 0 101 0 0 101 0 0 101 0 4 103 0 0 106 0 0 102 0 4 101 8 0 74 0 7 73 1 2 69 0 0 72 3 1 73 0 1 73 0 1 73 0 1 73 0 1 73 0 1 73 0 1 73 0 1 73 0 1 39 0 1 39 0 1 39 0 1 39 0 1 39 0 1 39 0 1 39 0 1 39 0 4 36 0 1 42 2 0 40 4 7 37 9 0 7 0 5 5 0 2 3 0 0 8 3 0 10 0 1 6 0 5 4 0 3 6 0 0 9 0 0 9 0 7 4 0 15 0 0 234 40 13 223 27 1 225 25 0 232 28 4 231 25 2 230 26 2 230 28 4 226 26 1 228 28 2 232 28 3 227 26 0 217 33 0 209 51 3 199 60 3 193 57 0 198 58 0 198 58 0 198 58 0 198 58 0 197 58 0 195 59 0 195 59 0 194 60 0 194 60 0 165 90 0 165 90 0 165 90 0 165 90 0 165 90 0 165 90 0 165 90 0 165 90 0 165 90 0 230 25 0 230 25 0 230 25 0 230 25 0 230 25 0 230 25 0 230 25 0 230 25 0 227 25 3 234 25 3 228 22 0 218 31 0 210 49 5 199 58 4 194 55 0 200 55 0 197 57 0 197 57 0 197 57 0 197 57 0 197 57 0 197 57 0 197 57 0 197 57 0 171 87 0 171 87 0 169 88 0 169 88 0 168 88 0 168 88 0 166 89 0 166 89 0 170 88 2 174 88 3 168 87 0 157 94 0 147 113 3 137 122 3 130 120 0 135 121 0 136 120 0 136 120 0 135 121 0 135 121 0 133 121 0 132 122 0 132 122 0 132 122 0 105 151 0 105 151 0 105 151 0 105 151 0 105 151 0 105 151 0 105 151 0 105 151 0 104 153 2 108 152 3 102 151 0 91 159 0 81 178 3 71 186 3 64 184 0 69 185 0 72 183 0 72 183 0 70 184 0 70 184 0 69 185 0 69 185 0 67 186 0 67 186 0 38 216 0 38 216 0 38 216 0 38 216 0 38 216 0 38 216 0 38 216 0 38 216 0 36 217 2 39 216 3 35 214 0 26 222 0 18 241 3 8 250 5 3 247 0 8 248 1 8 248 1 8 248 1 8 248 1 8 248 1 8 248 1 8 248 1 8 248 1 8 248 1 0 233 0 0 233 0 0 233 0 0 233 0 0 233 0 0 233 0 0 233 0 0 233 0 2 230 0 2 235 3 0 234 4 6 230 9 0 202 0 5 197 0 0 196 0 0 202 6 1 199 0 1 199 0 1 199 0 1 199 0 1 199 0 1 199 0 1 199 0 1 199 0 0 167 1 0 167 1 0 167 1 0 167 1 0 167 1 0 167 1 0 167 1 0 167 1 3 166 0 0 170 0 0 166 0 3 164 8 0 138 0 6 136 0 2 133 1 0 136 3 0 134 0 0 134 0 0 134 0 0 134 0 0 134 0 0 134 0 0 134 0 0 134 0 0 101 0 0 101 0 0 101 0 0 101 0 0 101 0 0 101 0 0 101 0 
0 101 0 4 103 0 0 106 0 0 102 0 4 101 8 0 74 0 7 73 1 2 69 0 0 72 3 1 73 0 1 73 0 1 73 0 1 73 0 1 73 0 1 73 0 1 73 0 1 73 0 1 39 0 1 39 0 1 39 0 1 39 0 1 39 0 1 39 0 1 39 0 1 39 0 4 36 0 1 42 2 0 40 4 7 37 9 0 7 0 5 5 0 2 3 0 0 8 3 0 10 0 1 6 0 5 4 0 3 6 0 0 9 0 0 9 0 7 4 0 15 0 0 234 40 13 223 27 1 225 25 0 232 28 4 231 25 2 230 26 2 230 28 4 226 26 1 228 28 2 232 28 3 227 26 0 217 33 0 209 51 3 199 60 3 193 57 0 198 58 0 198 58 0 198 58 0 198 58 0 197 58 0 195 59 0 195 59 0 194 60 0 194 60 0 165 90 0 165 90 0 165 90 0 165 90 0 165 90 0 165 90 0 165 90 0 165 90 0 165 90 0 230 25 0 230 25 0 230 25 0 230 25 0 230 25 0 230 25 0 230 25 0 230 25 0 227 25 3 234 25 3 228 22 0 218 31 0 210 49 5 199 58 4 194 55 0 200 55 0 197 57 0 197 57 0 197 57 0 197 57 0 197 57 0 197 57 0 197 57 0 197 57 0 171 87 0 171 87 0 169 88 0 169 88 0 168 88 0 168 88 0 166 89 0 166 89 0 170 88 2 174 88 3 168 87 0 157 94 0 147 113 3 137 122 3 130 120 0 135 121 0 136 120 0 136 120 0 135 121 0 135 121 0 133 121 0 132 122 0 132 122 0 132 122 0 105 151 0 105 151 0 105 151 0 105 151 0 105 151 0 105 151 0 105 151 0 105 151 0 104 153 2 108 152 3 102 151 0 91 159 0 81 178 3 71 186 3 64 184 0 69 185 0 72 183 0 72 183 0 70 184 0 70 184 0 69 185 0 69 185 0 67 186 0 67 186 0 38 216 0 38 216 0 38 216 0 38 216 0 38 216 0 38 216 0 38 216 0 38 216 0 36 217 2 39 216 3 35 214 0 26 222 0 18 241 3 8 250 5 3 247 0 8 248 1 8 248 1 8 248 1 8 248 1 8 248 1 8 248 1 8 248 1 8 248 1 8 248 1 0 233 0 0 233 0 0 233 0 0 233 0 0 233 0 0 233 0 0 233 0 0 233 0 2 230 0 2 235 3 0 234 4 6 230 9 0 202 0 5 197 0 0 196 0 0 202 6 1 199 0 1 199 0 1 199 0 1 199 0 1 199 0 1 199 0 1 199 0 1 199 0 0 167 1 0 167 1 0 167 1 0 167 1 0 167 1 0 167 1 0 167 1 0 167 1 3 166 0 0 170 0 0 166 0 3 164 8 0 138 0 6 136 0 2 133 1 0 136 3 0 134 0 0 134 0 0 134 0 0 134 0 0 134 0 0 134 0 0 134 0 0 134 0 0 101 0 0 101 0 0 101 0 0 101 0 0 101 0 0 101 0 0 101 0 0 101 0 4 103 0 0 106 0 0 102 0 4 101 8 0 74 0 7 73 1 2 69 0 0 72 3 1 73 0 1 73 0 1 73 0 1 73 0 1 73 0 1 73 0 1 73 0 1 73 0 1 39 0 1 39 0 1 39 0 1 39 0 1 39 0 1 39 0 1 39 0 1 39 0 4 36 0 1 42 2 0 40 4 7 37 9 0 7 0 5 5 0 
2 3 0 0 8 3 0 10 0 1 6 0 5 4 0 3 6 0 0 9 0 0 9 0 7 4 0 15 0 0 234 40 13 223 27 1 225 25 0 232 28 4 231 25 2 230 26 2 230 28 4 226 26 1 228 28 2 232 28 3 227 26 0 217 33 0 209 51 3 199 60 3 193 57 0 198 58 0 198 58 0 198 58 0 198 58 0 197 58 0 195 59 0 195 59 0 194 60 0 194 60 0 165 90 0 165 90 0 165 90 0 165 90 0 165 90 0 165 90 0 165 90 0 165 90 0 165 90 0 230 25 0 230 25 0 230 25 0 230 25 0 230 25 0 230 25 0 230 25 0 230 25 0 227 25 3 234 25 3 228 22 0 218 31 0 210 49 5 199 58 4 194 55 0 200 55 0 197 57 0 197 57 0 197 57 0 197 57 0 197 57 0 197 57 0 197 57 0 197 57 0 171 87 0 171 87 0 169 88 0 169 88 0 168 88 0 168 88 0 166 89 0 166 89 0 170 88 2 174 88 3 168 87 0 157 94 0 147 113 3 137 122 3 130 120 0 135 121 0 136 120 0 136 120 0 135 121 0 135 121 0 133 121 0 132 122 0 132 122 0 132 122 0 105 151 0 105 151 0 105 151 0 105 151 0 105 151 0 105 151 0 105 151 0 105 151 0 104 153 2 108 152 3 102 151 0 91 159 0 81 178 3 71 186 3 64 184 0 69 185 0 72 183 0 72 183 0 70 184 0 70 184 0 69 185 0 69 185 0 67 186 0 67 186 0 38 216 0 38 216 0 38 216 0 38 216 0 38 216 0 38 216 0 38 216 0 38 216 0 36 217 2 39 216 3 35 214 0 26 222 0 18 241 3 8 250 5 3 247 0 8 248 1 8 248 1 8 248 1 8 248 1 8 248 1 8 248 1 8 248 1 8 248 1 8 248 1 0 233 0 0 233 0 0 233 0 0 233 0 0 233 0 0 233 0 0 233 0 0 233 0 2 230 0 2 235 3 0 234 4 6 230 9 0 202 0 5 197 0 0 196 0 0 202 6 1 199 0 1 199 0 1 199 0 1 199 0 1 199 0 1 199 0 1 199 0 1 199 0 0 167 1 0 167 1 0 167 1 0 167 1 0 167 1 0 167 1 0 167 1 0 167 1 3 166 0 0 170 0 0 166 0 3 164 8 0 138 0 6 136 0 2 133 1 0 136 3 0 134 0 0 134 0 0 134 0 0 134 0 0 134 0 0 134 0 0 134 0 0 134 0 0 101 0 0 101 0 0 101 0 0 101 0 0 101 0 0 101 0 0 101 0 0 101 0 4 103 0 0 106 0 0 102 0 4 101 8 0 74 0 7 73 1 2 69 0 0 72 3 1 73 0 1 73 0 1 73 0 1 73 0 1 73 0 1 73 0 1 73 0 1 73 0 1 39 0 1 39 0 1 39 0 1 39 0 1 39 0 1 39 0 1 39 0 1 39 0 4 36 0 1 42 2 0 40 4 7 37 9 0 7 0 5 5 0 2 3 0 0 8 3 0 10 0 1 6 0 5 4 0 3 6 0 0 9 0 0 9 0 7 4 0 15 0 0 234 40 13 223 27 1 225 25 0 232 28 4 231 25 2 230 26 2 230 28 4 226 26 1 228 28 2 232 28 3 227 26 0 217 33 0 209 51 3 199 60 3 193 57 0 198 58 0 198 58 0 198 58 0 198 58 0 197 58 0 195 59 0 
195 59 0 194 60 0 194 60 0 165 90 0 165 90 0 165 90 0 165 90 0 165 90 0 165 90 0 165 90 0 165 90 0 165 90 0 230 25 0 230 25 0 230 25 0 230 25 0 230 25 0 230 25 0 230 25 0 230 25 0 227 25 3 234 25 3 228 22 0 218 31 0 210 49 5 199 58 4 194 55 0 200 55 0 197 57 0 197 57 0 197 57 0 197 57 0 197 57 0 197 57 0 197 57 0 197 57 0 171 87 0 171 87 0 169 88 0 169 88 0 168 88 0 168 88 0 166 89 0 166 89 0 170 88 2 174 88 3 168 87 0 157 94 0 147 113 3 137 122 3 130 120 0 135 121 0 136 120 0 136 120 0 135 121 0 135 121 0 133 121 0 132 122 0 132 122 0 132 122 0 105 151 0 105 151 0 105 151 0 105 151 0 105 151 0 105 151 0 105 151 0 105 151 0 104 153 2 108 152 3 102 151 0 91 159 0 81 178 3 71 186 3 64 184 0 69 185 0 72 183 0 72 183 0 70 184 0 70 184 0 69 185 0 69 185 0 67 186 0 67 186 0 38 216 0 38 216 0 38 216 0 38 216 0 38 216 0 38 216 0 38 216 0 38 216 0 36 217 2 39 216 3 35 214 0 26 222 0 18 241 3 8 250 5 3 247 0 8 248 1 8 248 1 8 248 1 8 248 1 8 248 1 8 248 1 8 248 1 8 248 1 8 248 1 0 233 0 0 233 0 0 233 0 0 233 0 0 233 0 0 233 0 0 233 0 0 233 0 2 230 0 2 235 3 0 234 4 6 230 9 0 202 0 5 197 0 0 196 0 0 202 6 1 199 0 1 199 0 1 199 0 1 199 0 1 199 0 1 199 0 1 199 0 1 199 0 0 167 1 0 167 1 0 167 1 0 167 1 0 167 1 0 167 1 0 167 1 0 167 1 3 166 0 0 170 0 0 166 0 3 164 8 0 138 0 6 136 0 2 133 1 0 136 3 0 134 0 0 134 0 0 134 0 0 134 0 0 134 0 0 134 0 0 134 0 0 134 0 0 101 0 0 101 0 0 101 0 0 101 0 0 101 0 0 101 0 0 101 0 0 101 0 4 103 0 0 106 0 0 102 0 4 101 8 0 74 0 7 73 1 2 69 0 0 72 3 1 73 0 1 73 0 1 73 0 1 73 0 1 73 0 1 73 0 1 73 0 1 73 0 1 39 0 1 39 0 1 39 0 1 39 0 1 39 0 1 39 0 1 39 0 1 39 0 4 36 0 1 42 2 0 40 4 7 37 9 0 7 0 5 5 0 2 3 0 0 8 3 0 10 0 1 6 0 5 4 0 3 6 0 0 9 0 0 9 0 7 4 0 15 0 0 234 40 13 223 27 1 225 25 0 232 28 4 231 25 2 230 26 2 230 28 4 226 26 1 228 28 2 232 28 3 227 26 0 217 33 0 209 51 3 199 60 3 193 57 0 198 58 0 198 58 0 198 58 0 198 58 0 197 58 0 195 59 0 195 59 0 194 60 0 194 60 0 165 90 0 165 90 0 165 90 0 165 90 0 165 90 0 165 90 0 165 90 0 165 90 0 165 90 0 230 25 0 230 25 0 230 25 0 230 25 0 230 25 0 230 25 0 230 25 0 230 25 0 227 25 3 234 25 3 228 22 0 218 31 0 210 49 5 199 58 4 194 55 0 200 55 0 197 57 0 197 57 0 197 57 0 
197 57 0 197 57 0 197 57 0 197 57 0 197 57 0 171 87 0 171 87 0 169 88 0 169 88 0 168 88 0 168 88 0 166 89 0 166 89 0 170 88 2 174 88 3 168 87 0 157 94 0 147 113 3 137 122 3 130 120 0 135 121 0 136 120 0 136 120 0 135 121 0 135 121 0 133 121 0 132 122 0 132 122 0 132 122 0 105 151 0 105 151 0 105 151 0 105 151 0 105 151 0 105 151 0 105 151 0 105 151 0 104 153 2 108 152 3 102 151 0 91 159 0 81 178 3 71 186 3 64 184 0 69 185 0 72 183 0 72 183 0 70 184 0 70 184 0 69 185 0 69 185 0 67 186 0 67 186 0 38 216 0 38 216 0 38 216 0 38 216 0 38 216 0 38 216 0 38 216 0 38 216 0 36 217 2 39 216 3 35 214 0 26 222 0 18 241 3 8 250 5 3 247 0 8 248 1 8 248 1 8 248 1 8 248 1 8 248 1 8 248 1 8 248 1 8 248 1 8 248 1 0 233 0 0 233 0 0 233 0 0 233 0 0 233 0 0 233 0 0 233 0 0 233 0 2 230 0 2 235 3 0 234 4 6 230 9 0 202 0 5 197 0 0 196 0 0 202 6 1 199 0 1 199 0 1 199 0 1 199 0 1 199 0 1 199 0 1 199 0 1 199 0 0 167 1 0 167 1 0 167 1 0 167 1 0 167 1 0 167 1 0 167 1 0 167 1 3 166 0 0 170 0 0 166 0 3 164 8 0 138 0 6 136 0 2 133 1 0 136 3 0 134 0 0 134 0 0 134 0 0 134 0 0 134 0 0 134 0 0 134 0 0 134 0 0 101 0 0 101 0 0 101 0 0 101 0 0 101 0 0 101 0 0 101 0 0 101 0 4 103 0 0 106 0 0 102 0 4 101 8 0 74 0 7 73 1 2 69 0 0 72 3 1 73 0 1 73 0 1 73 0 1 73 0 1 73 0 1 73 0 1 73 0 1 73 0 1 39 0 1 39 0 1 39 0 1 39 0 1 39 0 1 39 0 1 39 0 1 39 0 4 36 0 1 42 2 0 40 4 7 37 9 0 7 0 5 5 0 2 3 0 0 8 3 0 10 0 1 6 0 5 4 0 3 6 0 0 9 0 0 9 0 7 4 0 15 0 0 234 40 13 223 27 1 225 25 0 232 28 4 231 25 2 230 26 2 230 28 4 226 26 1 228 28 2 232 28 3 227 26 0 217 33 0 209 51 3 199 60 3 193 57 0 198 58 0 198 58 0 198 58 0 198 58 0 197 58 0 195 59 0 195 59 0 194 60 0 194 60 0 165 90 0 165 90 0 165 90 0 165 90 0 165 90 0 165 90 0 165 90 0 165 90 0 165 90 0 230 25 0 230 25 0 230 25 0 230 25 0 230 25 0 230 25 0 230 25 0 230 25 0 227 25 3 234 25 3 228 22 0 218 31 0 210 49 5 199 58 4 194 55 0 200 55 0 197 57 0 197 57 0 197 57 0 197 57 0 197 57 0 197 57 0 197 57 0 197 57 0 171 87 0 171 87 0 169 88 0 169 88 0 168 88 0 168 88 0 166 89 0 166 89 0 170 88 2 174 88 3 168 87 0 157 94 0 147 113 3 137 122 3 130 120 0 135 121 0 136 120 0 136 120 0 135 121 0 135 121 0 133 121 0 132 122 0 132 122 0 132 122 0 105 151 0 105 151 0 
105 151 0 105 151 0 105 151 0 105 151 0 105 151 0 105 151 0 104 153 2 108 152 3 102 151 0 91 159 0 81 178 3 71 186 3 64 184 0 69 185 0 72 183 0 72 183 0 70 184 0 70 184 0 69 185 0 69 185 0 67 186 0 67 186 0 38 216 0 38 216 0 38 216 0 38 216 0 38 216 0 38 216 0 38 216 0 38 216 0 36 217 2 39 216 3 35 214 0 26 222 0 18 241 3 8 250 5 3 247 0 8 248 1 8 248 1 8 248 1 8 248 1 8 248 1 8 248 1 8 248 1 8 248 1 8 248 1 0 233 0 0 233 0 0 233 0 0 233 0 0 233 0 0 233 0 0 233 0 0 233 0 2 230 0 2 235 3 0 234 4 6 230 9 0 202 0 5 197 0 0 196 0 0 202 6 1 199 0 1 199 0 1 199 0 1 199 0 1 199 0 1 199 0 1 199 0 1 199 0 0 167 1 0 167 1 0 167 1 0 167 1 0 167 1 0 167 1 0 167 1 0 167 1 3 166 0 0 170 0 0 166 0 3 164 8 0 138 0 6 136 0 2 133 1 0 136 3 0 134 0 0 134 0 0 134 0 0 134 0 0 134 0 0 134 0 0 134 0 0 134 0 0 101 0 0 101 0 0 101 0 0 101 0 0 101 0 0 101 0 0 101 0 0 101 0 4 103 0 0 106 0 0 102 0 4 101 8 0 74 0 7 73 1 2 69 0 0 72 3 1 73 0 1 73 0 1 73 0 1 73 0 1 73 0 1 73 0 1 73 0 1 73 0 1 39 0 1 39 0 1 39 0 1 39 0 1 39 0 1 39 0 1 39 0 1 39 0 4 36 0 1 42 2 0 40 4 7 37 9 0 7 0 5 5 0 2 3 0 0 8 3 0 10 0 1 6 0 5 4 0 3 6 0 0 9 0 0 9 0 7 4 0 15 0 0 234 40 13 223 27 1 225 25 0 232 28 4 231 25 2 230 26 2 230 28 4 226 26 1 228 28 2 232 28 3 227 26 0 217 33 0 209 51 3 199 60 3 193 57 0 198 58 0 198 58 0 198 58 0 198 58 0 197 58 0 195 59 0 195 59 0 194 60 0 194 60 0 165 90 0 165 90 0 165 90 0 165 90 0 165 90 0 165 90 0 165 90 0 165 90 0 165 90 0 230 25 0 230 25 0 230 25 0 230 25 0 230 25 0 230 25 0 230 25 0 230 25 0 227 25 3 234 25 3 228 22 0 218 31 0 210 49 5 199 58 4 194 55 0 200 55 0 197 57 0 197 57 0 197 57 0 197 57 0 197 57 0 197 57 0 197 57 0 197 57 0 171 87 0 171 87 0 169 88 0 169 88 0 168 88 0 168 88 0 166 89 0 166 89 0 170 88 2 174 88 3 168 87 0 157 94 0 147 113 3 137 122 3 130 120 0 135 121 0 136 120 0 136 120 0 135 121 0 135 121 0 133 121 0 132 122 0 132 122 0 132 122 0 105 151 0 105 151 0 105 151 0 105 151 0 105 151 0 105 151 0 105 151 0 105 151 0 104 153 2 108 152 3 102 151 0 91 159 0 81 178 3 71 186 3 64 184 0 69 185 0 72 183 0 72 183 0 70 184 0 70 184 0 69 185 0 69 185 0 67 186 0 67 186 0 38 216 0 38 216 0 38 216 0 38 216 0 38 216 0 38 216 0 38 216 0 38 216 0 36 217 2 
39 216 3 35 214 0 26 222 0 18 241 3 8 250 5 3 247 0 8 248 1 8 248 1 8 248 1 8 248 1 8 248 1 8 248 1 8 248 1 8 248 1 8 248 1 0 233 0 0 233 0 0 233 0 0 233 0 0 233 0 0 233 0 0 233 0 0 233 0 2 230 0 2 235 3 0 234 4 6 230 9 0 202 0 5 197 0 0 196 0 0 202 6 1 199 0 1 199 0 1 199 0 1 199 0 1 199 0 1 199 0 1 199 0 1 199 0 0 167 1 0 167 1 0 167 1 0 167 1 0 167 1 0 167 1 0 167 1 0 167 1 3 166 0 0 170 0 0 166 0 3 164 8 0 138 0 6 136 0 2 133 1 0 136 3 0 134 0 0 134 0 0 134 0 0 134 0 0 134 0 0 134 0 0 134 0 0 134 0 0 101 0 0 101 0 0 101 0 0 101 0 0 101 0 0 101 0 0 101 0 0 101 0 4 103 0 0 106 0 0 102 0 4 101 8 0 74 0 7 73 1 2 69 0 0 72 3 1 73 0 1 73 0 1 73 0 1 73 0 1 73 0 1 73 0 1 73 0 1 73 0 1 39 0 1 39 0 1 39 0 1 39 0 1 39 0 1 39 0 1 39 0 1 39 0 4 36 0 1 42 2 0 40 4 7 37 9 0 7 0 5 5 0 2 3 0 0 8 3 0 10 0 1 6 0 5 4 0 3 6 0 0 9 0 0 9 0 7 4 0 15 0 0 234 40 13 223 27 1 225 25 0 232 28 4 231 25 2 230 26 2 230 28 4 226 26 1 228 28 2 232 28 3 227 26 0 217 33 0 209 51 3 199 60 3 193 57 0 198 58 0 198 58 0 198 58 0 198 58 0 197 58 0 195 59 0 195 59 0 194 60 0 194 60 0 165 90 0 165 90 0 165 90 0 165 90 0 165 90 0 165 90 0 165 90 0 165 90 0 165 90 0 227 28 0 227 28 0 227 28 0 227 28 0 227 28 0 227 28 0 227 28 0 227 28 0 228 28 2 232 28 3 227 26 0 217 33 0 209 51 3 199 60 3 193 57 0 198 58 0 198 58 0 198 58 0 198 58 0 197 58 0 195 59 0 195 59 0 194 60 0 194 60 0 165 90 0 165 90 0 165 90 0 165 90 0 165 90 0 165 90 0 165 90 0 165 90 0 166 90 2 170 90 3 164 89 0 152 97 0 145 115 3 134 124 3 127 121 0 132 122 0 135 121 0 133 121 0 133 121 0 132 122 0 132 122 0 131 123 0 131 123 0 129 123 0 101 154 1 101 154 1 101 154 1 101 154 1 101 154 1 101 154 1 101 154 1 101 154 1 101 156 3 105 155 4 100 153 0 89 161 0 81 179 4 72 187 4 67 186 0 71 185 1 68 187 1 68 187 1 68 187 1 68 187 1 68 187 1 68 187 1 68 187 1 68 187 1 39 217 1 39 217 1 38 217 1 38 217 1 37 218 1 37 218 1 35 219 1 35 219 1 36 220 2 40 219 3 36 217 0 25 225 0 16 243 3 7 251 3 3 249 0 6 249 0 6 249 0 6 249 0 6 249 0 6 249 0 6 249 0 6 249 0 6 249 0 6 249 0 0 229 0 0 229 0 0 229 0 0 229 0 0 229 0 0 229 0 0 229 0 0 229 0 4 227 0 0 230 0 0 226 0 4 225 8 0 199 0 7 197 1 3 194 2 0 197 3 
2 196 1 2 196 1 2 196 1 2 196 1 2 196 1 2 196 1 2 196 1 2 196 1 0 165 0 0 165 0 0 165 0 0 165 0 0 165 0 0 165 0 0 165 0 0 165 0 1 162 0 0 168 1 0 167 3 5 164 10 0 134 0 4 131 0 1 130 1 0 136 6 0 134 1 0 134 1 0 134 1 0 134 1 0 134 1 0 134 1 0 134 1 0 134 1 0 101 1 0 101 1 0 101 1 0 101 1 0 101 1 0 101 1 0 101 1 0 101 1 4 100 0 1 103 3 0 100 2 5 98 9 0 72 0 9 70 1 2 67 1 0 70 4 0 70 0 0 70 0 0 70 0 0 70 0 0 70 0 0 70 0 0 70 0 0 70 0 1 37 0 1 37 0 1 37 0 1 37 0 1 37 0 1 37 0 1 37 0 1 37 0 3 35 0 0 40 3 0 38 4 6 36 10 0 6 0 3 2 0 1 1 1 0 7 6 1 4 0 0 4 0 0 6 0 0 6 0 2 5 0 5 4 0 10 2 0 12 1 0 229 40 11 225 31 4 223 25 0 228 27 1 232 28 1 229 28 0 226 27 0 226 29 0 228 27 1 232 26 2 226 25 0 216 34 0 207 53 3 197 62 4 190 60 0 195 61 0 196 60 0 196 60 0 195 61 0 195 61 0 194 62 0 192 62 0 192 62 0 192 62 0 165 92 0 165 92 0 165 92 0 165 92 0 165 92 0 165 92 0 165 92 0 165 92 0 162 93 0 227 28 0 227 28 0 227 28 0 227 28 0 227 28 0 227 28 0 227 28 0 227 28 0 228 28 2 232 28 3 227 26 0 217 33 0 209 51 3 199 60 3 193 57 0 198 58 0 198 58 0 198 58 0 198 58 0 197 58 0 195 59 0 195 59 0 194 60 0 194 60 0 165 90 0 165 90 0 165 90 0 165 90 0 165 90 0 165 90 0 165 90 0 165 90 0 166 90 2 170 90 3 164 89 0 152 97 0 145 115 3 134 124 3 127 121 0 132 122 0 135 121 0 133 121 0 133 121 0 132 122 0 132 122 0 131 123 0 131 123 0 129 123 0 101 154 1 101 154 1 101 154 1 101 154 1 101 154 1 101 154 1 101 154 1 101 154 1 101 156 3 105 155 4 100 153 0 89 161 0 81 179 4 72 187 4 67 186 0 71 185 1 68 187 1 68 187 1 68 187 1 68 187 1 68 187 1 68 187 1 68 187 1 68 187 1 39 217 1 39 217 1 38 217 1 38 217 1 37 218 1 37 218 1 35 219 1 35 219 1 36 220 2 40 219 3 36 217 0 25 225 0 16 243 3 7 251 3 3 249 0 6 249 0 6 249 0 6 249 0 6 249 0 6 249 0 6 249 0 6 249 0 6 249 0 6 249 0 0 229 0 0 229 0 0 229 0 0 229 0 0 229 0 0 229 0 0 229 0 0 229 0 4 227 0 0 230 0 0 226 0 4 225 8 0 199 0 7 197 1 3 194 2 0 197 3 2 196 1 2 196 1 2 196 1 2 196 1 2 196 1 2 196 1 2 196 1 2 196 1 0 165 0 0 165 0 0 165 0 0 165 0 0 165 0 0 165 0 0 165 0 0 165 0 1 162 0 0 168 1 0 167 3 5 164 10 0 134 0 4 131 0 1 130 1 0 136 6 0 134 1 0 134 1 0 134 1 0 134 1 0 134 1 0 134 1 0 134 1 
0 134 1 0 101 1 0 101 1 0 101 1 0 101 1 0 101 1 0 101 1 0 101 1 0 101 1 4 100 0 1 103 3 0 100 2 5 98 9 0 72 0 9 70 1 2 67 1 0 70 4 0 70 0 0 70 0 0 70 0 0 70 0 0 70 0 0 70 0 0 70 0 0 70 0 1 37 0 1 37 0 1 37 0 1 37 0 1 37 0 1 37 0 1 37 0 1 37 0 3 35 0 0 40 3 0 38 4 6 36 10 0 6 0 3 2 0 1 1 1 0 7 6 1 4 0 0 4 0 0 6 0 0 6 0 2 5 0 5 4 0 10 2 0 12 1 0 229 40 11 225 31 4 223 25 0 228 27 1 232 28 1 229 28 0 226 27 0 226 29 0 228 27 1 232 26 2 226 25 0 216 34 0 207 53 3 197 62 4 190 60 0 195 61 0 196 60 0 196 60 0 195 61 0 195 61 0 194 62 0 192 62 0 192 62 0 192 62 0 165 92 0 165 92 0 165 92 0 165 92 0 165 92 0 165 92 0 165 92 0 165 92 0 162 93 0 227 28 0 227 28 0 227 28 0 227 28 0 227 28 0 227 28 0 227 28 0 227 28 0 228 28 2 232 28 3 227 26 0 217 33 0 209 51 3 199 60 3 193 57 0 198 58 0 198 58 0 198 58 0 198 58 0 197 58 0 195 59 0 195 59 0 194 60 0 194 60 0 165 90 0 165 90 0 165 90 0 165 90 0 165 90 0 165 90 0 165 90 0 165 90 0 166 90 2 170 90 3 164 89 0 152 97 0 145 115 3 134 124 3 127 121 0 132 122 0 135 121 0 133 121 0 133 121 0 132 122 0 132 122 0 131 123 0 131 123 0 129 123 0 101 154 1 101 154 1 101 154 1 101 154 1 101 154 1 101 154 1 101 154 1 101 154 1 101 156 3 105 155 4 100 153 0 89 161 0 81 179 4 72 187 4 67 186 0 71 185 1 68 187 1 68 187 1 68 187 1 68 187 1 68 187 1 68 187 1 68 187 1 68 187 1 39 217 1 39 217 1 38 217 1 38 217 1 37 218 1 37 218 1 35 219 1 35 219 1 36 220 2 40 219 3 36 217 0 25 225 0 16 243 3 7 251 3 3 249 0 6 249 0 6 249 0 6 249 0 6 249 0 6 249 0 6 249 0 6 249 0 6 249 0 6 249 0 0 229 0 0 229 0 0 229 0 0 229 0 0 229 0 0 229 0 0 229 0 0 229 0 4 227 0 0 230 0 0 226 0 4 225 8 0 199 0 7 197 1 3 194 2 0 197 3 2 196 1 2 196 1 2 196 1 2 196 1 2 196 1 2 196 1 2 196 1 2 196 1 0 165 0 0 165 0 0 165 0 0 165 0 0 165 0 0 165 0 0 165 0 0 165 0 1 162 0 0 168 1 0 167 3 5 164 10 0 134 0 4 131 0 1 130 1 0 136 6 0 134 1 0 134 1 0 134 1 0 134 1 0 134 1 0 134 1 0 134 1 0 134 1 0 101 1 0 101 1 0 101 1 0 101 1 0 101 1 0 101 1 0 101 1 0 101 1 4 100 0 1 103 3 0 100 2 5 98 9 0 72 0 9 70 1 2 67 1 0 70 4 0 70 0 0 70 0 0 70 0 0 70 0 0 70 0 0 70 0 0 70 0 0 70 0 1 37 0 1 37 0 1 37 0 1 37 0 1 37 0 1 37 0 
1 37 0 1 37 0 3 35 0 0 40 3 0 38 4 6 36 10 0 6 0 3 2 0 1 1 1 0 7 6 1 4 0 0 4 0 0 6 0 0 6 0 2 5 0 5 4 0 10 2 0 12 1 0 229 40 11 225 31 4 223 25 0 228 27 1 232 28 1 229 28 0 226 27 0 226 29 0 228 27 1 232 26 2 226 25 0 216 34 0 207 53 3 197 62 4 190 60 0 195 61 0 196 60 0 196 60 0 195 61 0 195 61 0 194 62 0 192 62 0 192 62 0 192 62 0 165 92 0 165 92 0 165 92 0 165 92 0 165 92 0 165 92 0 165 92 0 165 92 0 162 93 0 227 28 0 227 28 0 227 28 0 227 28 0 227 28 0 227 28 0 227 28 0 227 28 0 228 28 2 232 28 3 227 26 0 217 33 0 209 51 3 199 60 3 193 57 0 198 58 0 198 58 0 198 58 0 198 58 0 197 58 0 195 59 0 195 59 0 194 60 0 194 60 0 165 90 0 165 90 0 165 90 0 165 90 0 165 90 0 165 90 0 165 90 0 165 90 0 166 90 2 170 90 3 164 89 0 152 97 0 145 115 3 134 124 3 127 121 0 132 122 0 135 121 0 133 121 0 133 121 0 132 122 0 132 122 0 131 123 0 131 123 0 129 123 0 101 154 1 101 154 1 101 154 1 101 154 1 101 154 1 101 154 1 101 154 1 101 154 1 101 156 3 105 155 4 100 153 0 89 161 0 81 179 4 72 187 4 67 186 0 71 185 1 68 187 1 68 187 1 68 187 1 68 187 1 68 187 1 68 187 1 68 187 1 68 187 1 39 217 1 39 217 1 38 217 1 38 217 1 37 218 1 37 218 1 35 219 1 35 219 1 36 220 2 40 219 3 36 217 0 25 225 0 16 243 3 7 251 3 3 249 0 6 249 0 6 249 0 6 249 0 6 249 0 6 249 0 6 249 0 6 249 0 6 249 0 6 249 0 0 229 0 0 229 0 0 229 0 0 229 0 0 229 0 0 229 0 0 229 0 0 229 0 4 227 0 0 230 0 0 226 0 4 225 8 0 199 0 7 197 1 3 194 2 0 197 3 2 196 1 2 196 1 2 196 1 2 196 1 2 196 1 2 196 1 2 196 1 2 196 1 0 165 0 0 165 0 0 165 0 0 165 0 0 165 0 0 165 0 0 165 0 0 165 0 1 162 0 0 168 1 0 167 3 5 164 10 0 134 0 4 131 0 1 130 1 0 136 6 0 134 1 0 134 1 0 134 1 0 134 1 0 134 1 0 134 1 0 134 1 0 134 1 0 101 1 0 101 1 0 101 1 0 101 1 0 101 1 0 101 1 0 101 1 0 101 1 4 100 0 1 103 3 0 100 2 5 98 9 0 72 0 9 70 1 2 67 1 0 70 4 0 70 0 0 70 0 0 70 0 0 70 0 0 70 0 0 70 0 0 70 0 0 70 0 1 37 0 1 37 0 1 37 0 1 37 0 1 37 0 1 37 0 1 37 0 1 37 0 3 35 0 0 40 3 0 38 4 6 36 10 0 6 0 3 2 0 1 1 1 0 7 6 1 4 0 0 4 0 0 6 0 0 6 0 2 5 0 5 4 0 10 2 0 12 1 0 229 40 11 225 31 4 223 25 0 228 27 1 232 28 1 229 28 0 226 27 0 226 29 0 228 27 1 232 26 2 226 25 0 216 34 0 207 53 3 
197 62 4 190 60 0 195 61 0 196 60 0 196 60 0 195 61 0 195 61 0 194 62 0 192 62 0 192 62 0 192 62 0 165 92 0 165 92 0 165 92 0 165 92 0 165 92 0 165 92 0 165 92 0 165 92 0 162 93 0 227 28 0 227 28 0 227 28 0 227 28 0 227 28 0 227 28 0 227 28 0 227 28 0 228 28 2 232 28 3 227 26 0 217 33 0 209 51 3 199 60 3 193 57 0 198 58 0 198 58 0 198 58 0 198 58 0 197 58 0 195 59 0 195 59 0 194 60 0 194 60 0 165 90 0 165 90 0 165 90 0 165 90 0 165 90 0 165 90 0 165 90 0 165 90 0 166 90 2 170 90 3 164 89 0 152 97 0 145 115 3 134 124 3 127 121 0 132 122 0 135 121 0 133 121 0 133 121 0 132 122 0 132 122 0 131 123 0 131 123 0 129 123 0 101 154 1 101 154 1 101 154 1 101 154 1 101 154 1 101 154 1 101 154 1 101 154 1 101 156 3 105 155 4 100 153 0 89 161 0 81 179 4 72 187 4 67 186 0 71 185 1 68 187 1 68 187 1 68 187 1 68 187 1 68 187 1 68 187 1 68 187 1 68 187 1 39 217 1 39 217 1 38 217 1 38 217 1 37 218 1 37 218 1 35 219 1 35 219 1 36 220 2 40 219 3 36 217 0 25 225 0 16 243 3 7 251 3 3 249 0 6 249 0 6 249 0 6 249 0 6 249 0 6 249 0 6 249 0 6 249 0 6 249 0 6 249 0 0 229 0 0 229 0 0 229 0 0 229 0 0 229 0 0 229 0 0 229 0 0 229 0 4 227 0 0 230 0 0 226 0 4 225 8 0 199 0 7 197 1 3 194 2 0 197 3 2 196 1 2 196 1 2 196 1 2 196 1 2 196 1 2 196 1 2 196 1 2 196 1 0 165 0 0 165 0 0 165 0 0 165 0 0 165 0 0 165 0 0 165 0 0 165 0 1 162 0 0 168 1 0 167 3 5 164 10 0 134 0 4 131 0 1 130 1 0 136 6 0 134 1 0 134 1 0 134 1 0 134 1 0 134 1 0 134 1 0 134 1 0 134 1 0 101 1 0 101 1 0 101 1 0 101 1 0 101 1 0 101 1 0 101 1 0 101 1 4 100 0 1 103 3 0 100 2 5 98 9 0 72 0 9 70 1 2 67 1 0 70 4 0 70 0 0 70 0 0 70 0 0 70 0 0 70 0 0 70 0 0 70 0 0 70 0 1 37 0 1 37 0 1 37 0 1 37 0 1 37 0 1 37 0 1 37 0 1 37 0 3 35 0 0 40 3 0 38 4 6 36 10 0 6 0 3 2 0 1 1 1 0 7 6 1 4 0 0 4 0 0 6 0 0 6 0 2 5 0 5 4 0 10 2 0 12 1 0 229 40 11 225 31 4 223 25 0 228 27 1 232 28 1 229 28 0 226 27 0 226 29 0 228 27 1 232 26 2 226 25 0 216 34 0 207 53 3 197 62 4 190 60 0 195 61 0 196 60 0 196 60 0 195 61 0 195 61 0 194 62 0 192 62 0 192 62 0 192 62 0 165 92 0 165 92 0 165 92 0 165 92 0 165 92 0 165 92 0 165 92 0 165 92 0 162 93 0 227 28 0 227 28 0 227 28 0 227 28 0 227 28 0 227 28 0 227 28 0 227 28 0 228 28 2 232 28 3 227 26 0 
217 33 0 209 51 3 199 60 3 193 57 0 198 58 0 198 58 0 198 58 0 198 58 0 197 58 0 195 59 0 195 59 0 194 60 0 194 60 0 165 90 0 165 90 0 165 90 0 165 90 0 165 90 0 165 90 0 165 90 0 165 90 0 166 90 2 170 90 3 164 89 0 152 97 0 145 115 3 134 124 3 127 121 0 132 122 0 135 121 0 133 121 0 133 121 0 132 122 0 132 122 0 131 123 0 131 123 0 129 123 0 101 154 1 101 154 1 101 154 1 101 154 1 101 154 1 101 154 1 101 154 1 101 154 1 101 156 3 105 155 4 100 153 0 89 161 0 81 179 4 72 187 4 67 186 0 71 185 1 68 187 1 68 187 1 68 187 1 68 187 1 68 187 1 68 187 1 68 187 1 68 187 1 39 217 1 39 217 1 38 217 1 38 217 1 37 218 1 37 218 1 35 219 1 35 219 1 36 220 2 40 219 3 36 217 0 25 225 0 16 243 3 7 251 3 3 249 0 6 249 0 6 249 0 6 249 0 6 249 0 6 249 0 6 249 0 6 249 0 6 249 0 6 249 0 0 229 0 0 229 0 0 229 0 0 229 0 0 229 0 0 229 0 0 229 0 0 229 0 4 227 0 0 230 0 0 226 0 4 225 8 0 199 0 7 197 1 3 194 2 0 197 3 2 196 1 2 196 1 2 196 1 2 196 1 2 196 1 2 196 1 2 196 1 2 196 1 0 165 0 0 165 0 0 165 0 0 165 0 0 165 0 0 165 0 0 165 0 0 165 0 1 162 0 0 168 1 0 167 3 5 164 10 0 134 0 4 131 0 1 130 1 0 136 6 0 134 1 0 134 1 0 134 1 0 134 1 0 134 1 0 134 1 0 134 1 0 134 1 0 101 1 0 101 1 0 101 1 0 101 1 0 101 1 0 101 1 0 101 1 0 101 1 4 100 0 1 103 3 0 100 2 5 98 9 0 72 0 9 70 1 2 67 1 0 70 4 0 70 0 0 70 0 0 70 0 0 70 0 0 70 0 0 70 0 0 70 0 0 70 0 1 37 0 1 37 0 1 37 0 1 37 0 1 37 0 1 37 0 1 37 0 1 37 0 3 35 0 0 40 3 0 38 4 6 36 10 0 6 0 3 2 0 1 1 1 0 7 6 1 4 0 0 4 0 0 6 0 0 6 0 2 5 0 5 4 0 10 2 0 12 1 0 229 40 11 225 31 4 223 25 0 228 27 1 232 28 1 229 28 0 226 27 0 226 29 0 228 27 1 232 26 2 226 25 0 216 34 0 207 53 3 197 62 4 190 60 0 195 61 0 196 60 0 196 60 0 195 61 0 195 61 0 194 62 0 192 62 0 192 62 0 192 62 0 165 92 0 165 92 0 165 92 0 165 92 0 165 92 0 165 92 0 165 92 0 165 92 0 162 93 0 227 28 0 227 28 0 227 28 0 227 28 0 227 28 0 227 28 0 227 28 0 227 28 0 228 28 2 232 28 3 227 26 0 217 33 0 209 51 3 199 60 3 193 57 0 198 58 0 198 58 0 198 58 0 198 58 0 197 58 0 195 59 0 195 59 0 194 60 0 194 60 0 165 90 0 165 90 0 165 90 0 165 90 0 165 90 0 165 90 0 165 90 0 165 90 0 166 90 2 170 90 3 164 89 0 152 97 0 145 115 3 134 124 3 127 121 0 132 122 0 135 121 0 133 121 0 
133 121 0 132 122 0 132 122 0 131 123 0 131 123 0 129 123 0 101 154 1 101 154 1 101 154 1 101 154 1 101 154 1 101 154 1 101 154 1 101 154 1 101 156 3 105 155 4 100 153 0 89 161 0 81 179 4 72 187 4 67 186 0 71 185 1 68 187 1 68 187 1 68 187 1 68 187 1 68 187 1 68 187 1 68 187 1 68 187 1 39 217 1 39 217 1 38 217 1 38 217 1 37 218 1 37 218 1 35 219 1 35 219 1 36 220 2 40 219 3 36 217 0 25 225 0 16 243 3 7 251 3 3 249 0 6 249 0 6 249 0 6 249 0 6 249 0 6 249 0 6 249 0 6 249 0 6 249 0 6 249 0 0 229 0 0 229 0 0 229 0 0 229 0 0 229 0 0 229 0 0 229 0 0 229 0 4 227 0 0 230 0 0 226 0 4 225 8 0 199 0 7 197 1 3 194 2 0 197 3 2 196 1 2 196 1 2 196 1 2 196 1 2 196 1 2 196 1 2 196 1 2 196 1 0 165 0 0 165 0 0 165 0 0 165 0 0 165 0 0 165 0 0 165 0 0 165 0 1 162 0 0 168 1 0 167 3 5 164 10 0 134 0 4 131 0 1 130 1 0 136 6 0 134 1 0 134 1 0 134 1 0 134 1 0 134 1 0 134 1 0 134 1 0 134 1 0 101 1 0 101 1 0 101 1 0 101 1 0 101 1 0 101 1 0 101 1 0 101 1 4 100 0 1 103 3 0 100 2 5 98 9 0 72 0 9 70 1 2 67 1 0 70 4 0 70 0 0 70 0 0 70 0 0 70 0 0 70 0 0 70 0 0 70 0 0 70 0 1 37 0 1 37 0 1 37 0 1 37 0 1 37 0 1 37 0 1 37 0 1 37 0 3 35 0 0 40 3 0 38 4 6 36 10 0 6 0 3 2 0 1 1 1 0 7 6 1 4 0 0 4 0 0 6 0 0 6 0 2 5 0 5 4 0 10 2 0 12 1 0 229 40 11 225 31 4 223 25 0 228 27 1 232 28 1 229 28 0 226 27 0 226 29 0 228 27 1 232 26 2 226 25 0 216 34 0 207 53 3 197 62 4 190 60 0 195 61 0 196 60 0 196 60 0 195 61 0 195 61 0 194 62 0 192 62 0 192 62 0 192 62 0 165 92 0 165 92 0 165 92 0 165 92 0 165 92 0 165 92 0 165 92 0 165 92 0 162 93 0 227 28 0 227 28 0 227 28 0 227 28 0 227 28 0 227 28 0 227 28 0 227 28 0 228 28 2 232 28 3 227 26 0 217 33 0 209 51 3 199 60 3 193 57 0 198 58 0 198 58 0 198 58 0 198 58 0 197 58 0 195 59 0 195 59 0 194 60 0 194 60 0 165 90 0 165 90 0 165 90 0 165 90 0 165 90 0 165 90 0 165 90 0 165 90 0 166 90 2 170 90 3 164 89 0 152 97 0 145 115 3 134 124 3 127 121 0 132 122 0 135 121 0 133 121 0 133 121 0 132 122 0 132 122 0 131 123 0 131 123 0 129 123 0 101 154 1 101 154 1 101 154 1 101 154 1 101 154 1 101 154 1 101 154 1 101 154 1 101 156 3 105 155 4 100 153 0 89 161 0 81 179 4 72 187 4 67 186 0 71 185 1 68 187 1 68 187 1 68 187 1 68 187 1 68 187 1 68 187 1 68 187 1 68 187 1 39 217 1 
39 217 1 38 217 1 38 217 1 37 218 1 37 218 1 35 219 1 35 219 1 36 220 2 40 219 3 36 217 0 25 225 0 16 243 3 7 251 3 3 249 0 6 249 0 6 249 0 6 249 0 6 249 0 6 249 0 6 249 0 6 249 0 6 249 0 6 249 0 0 229 0 0 229 0 0 229 0 0 229 0 0 229 0 0 229 0 0 229 0 0 229 0 4 227 0 0 230 0 0 226 0 4 225 8 0 199 0 7 197 1 3 194 2 0 197 3 2 196 1 2 196 1 2 196 1 2 196 1 2 196 1 2 196 1 2 196 1 2 196 1 0 165 0 0 165 0 0 165 0 0 165 0 0 165 0 0 165 0 0 165 0 0 165 0 1 162 0 0 168 1 0 167 3 5 164 10 0 134 0 4 131 0 1 130 1 0 136 6 0 134 1 0 134 1 0 134 1 0 134 1 0 134 1 0 134 1 0 134 1 0 134 1 0 101 1 0 101 1 0 101 1 0 101 1 0 101 1 0 101 1 0 101 1 0 101 1 4 100 0 1 103 3 0 100 2 5 98 9 0 72 0 9 70 1 2 67 1 0 70 4 0 70 0 0 70 0 0 70 0 0 70 0 0 70 0 0 70 0 0 70 0 0 70 0 1 37 0 1 37 0 1 37 0 1 37 0 1 37 0 1 37 0 1 37 0 1 37 0 3 35 0 0 40 3 0 38 4 6 36 10 0 6 0 3 2 0 1 1 1 0 7 6 1 4 0 0 4 0 0 6 0 0 6 0 2 5 0 5 4 0 10 2 0 12 1 0 229 40 11 225 31 4 223 25 0 228 27 1 232 28 1 229 28 0 226 27 0 226 29 0 228 27 1 232 26 2 226 25 0 216 34 0 207 53 3 197 62 4 190 60 0 195 61 0 196 60 0 196 60 0 195 61 0 195 61 0 194 62 0 192 62 0 192 62 0 192 62 0 165 92 0 165 92 0 165 92 0 165 92 0 165 92 0 165 92 0 165 92 0 165 92 0 162 93 0 227 28 0 227 28 0 227 28 0 227 28 0 227 28 0 227 28 0 227 28 0 227 28 0 228 27 1 232 26 2 228 24 0 217 33 0 209 51 3 201 60 4 196 57 0 201 58 0 200 57 0 200 57 0 198 58 0 198 58 0 197 58 0 195 59 0 195 59 0 194 60 0 167 87 0 167 87 0 167 87 0 167 87 0 167 87 0 167 87 0 167 87 0 167 87 0 167 90 2 171 89 3 165 88 0 154 96 0 145 115 3 134 124 3 127 121 0 132 122 0 135 121 0 135 121 0 133 121 0 133 121 0 132 122 0 131 123 0 131 123 0 131 123 0 103 154 1 103 154 1 103 154 1 103 154 1 103 154 1 103 154 1 103 154 1 103 154 1 101 156 2 105 156 3 100 154 0 90 161 0 82 179 2 72 188 3 67 186 0 71 186 0 71 185 0 71 185 0 71 185 0 70 186 0 68 187 0 68 187 0 67 188 0 67 188 0 41 216 0 39 217 0 39 217 0 38 218 0 38 218 0 37 218 0 35 219 0 35 219 0 35 219 1 40 218 2 34 215 0 24 224 0 17 242 2 6 250 2 1 247 0 7 248 0 5 248 0 5 248 0 5 248 0 5 248 0 5 248 0 5 248 0 5 248 0 5 248 0 2 229 2 2 229 2 2 229 2 2 229 2 2 229 2 2 229 2 2 229 2 2 229 2 
6 229 0 0 231 1 0 227 1 6 227 10 0 200 0 8 198 2 4 195 3 0 198 4 2 196 1 2 196 1 2 196 1 2 196 1 2 196 1 2 196 1 2 196 1 2 196 1 0 165 0 0 165 0 0 165 0 0 165 0 0 165 0 0 165 0 0 165 0 0 165 0 3 162 0 1 168 2 0 166 3 6 163 10 0 133 0 5 131 0 2 129 0 0 134 5 0 131 0 0 131 0 0 131 0 0 131 0 0 131 0 0 131 0 0 131 0 0 131 0 1 99 0 1 99 0 1 99 0 1 99 0 1 99 0 1 99 0 1 99 0 1 99 0 4 100 0 1 103 3 0 100 2 5 98 9 0 72 0 9 70 1 2 67 1 0 70 4 1 71 1 1 71 1 1 71 1 1 71 1 1 71 1 1 71 1 1 71 1 1 71 1 0 36 0 0 36 0 0 36 0 0 36 0 0 36 0 0 36 0 0 36 0 0 36 0 5 35 0 3 41 4 0 39 5 8 36 11 0 6 0 7 3 0 3 1 2 1 7 7 1 3 0 0 4 0 0 5 1 0 5 1 2 4 1 5 4 2 10 1 2 12 0 2 230 39 11 225 31 4 224 24 0 228 27 1 232 28 1 231 27 0 226 27 0 226 29 0 224 29 1 228 28 2 224 26 0 213 35 0 205 53 3 197 62 4 192 60 0 196 60 0 196 60 0 196 60 0 195 61 0 195 61 0 194 62 0 192 62 0 192 62 0 192 62 0 165 92 0 165 92 0 165 92 0 165 92 0 165 92 0 165 92 0 165 92 0 165 92 0 163 92 0 227 28 0 227 28 0 227 28 0 227 28 0 227 28 0 227 28 0 227 28 0 227 28 0 227 27 1 232 26 2 226 25 0 217 33 0 209 51 3 200 61 4 194 58 0 201 58 0 200 57 0 198 58 0 198 58 0 197 58 0 197 58 0 195 59 0 194 60 0 194 60 0 165 88 0 165 88 0 165 88 0 165 88 0 165 88 0 165 88 0 165 88 0 165 88 0 166 90 2 170 90 3 165 88 0 154 96 0 145 115 3 134 124 3 127 121 0 132 122 0 135 121 0 135 121 0 133 121 0 133 121 0 132 122 0 131 123 0 131 123 0 129 123 0 101 154 1 101 154 1 101 154 1 101 154 1 101 154 1 101 154 1 101 154 1 101 154 1 101 156 2 105 156 3 100 154 0 90 161 0 81 180 2 72 188 3 67 186 0 71 186 0 71 185 0 71 185 0 70 186 0 70 186 0 68 187 0 67 188 0 67 188 0 67 188 0 39 217 0 39 217 0 39 217 0 38 218 0 37 218 0 37 218 0 35 219 0 35 219 0 35 219 1 39 218 2 35 216 0 24 224 0 17 242 2 6 250 2 2 248 0 5 248 0 5 248 0 5 248 0 5 248 0 5 248 0 5 248 0 5 248 0 5 248 0 5 248 0 2 229 2 2 229 2 2 229 2 2 229 2 2 229 2 2 229 2 2 229 2 2 229 2 5 228 0 0 231 1 0 227 1 5 226 9 0 200 0 8 198 2 4 195 3 0 198 4 2 196 1 2 196 1 2 196 1 2 196 1 2 196 1 2 196 1 2 196 1 2 196 1 0 165 0 0 165 0 0 165 0 0 165 0 0 165 0 0 165 0 0 165 0 0 165 0 3 162 0 1 168 2 0 166 3 6 163 10 0 133 0 5 131 0 2 129 0 
0 134 5 0 131 0 0 131 0 0 131 0 0 131 0 0 131 0 0 131 0 0 131 0 0 131 0 1 99 0 1 99 0 1 99 0 1 99 0 1 99 0 1 99 0 1 99 0 1 99 0 4 100 0 1 103 3 0 100 2 5 98 9 0 72 0 9 70 1 2 67 1 0 70 4 0 70 0 0 70 0 0 70 0 0 70 0 0 70 0 0 70 0 0 70 0 0 70 0 0 36 0 0 36 0 0 36 0 0 36 0 0 36 0 0 36 0 0 36 0 0 36 0 5 35 0 3 41 4 0 39 5 8 36 11 0 6 0 6 2 0 3 1 2 1 7 7 1 3 0 0 4 0 0 5 1 0 5 1 2 4 1 5 4 2 10 1 2 12 0 2 230 39 11 225 31 4 223 25 0 228 27 1 232 28 1 229 28 0 226 27 0 226 29 0 224 29 1 228 28 2 224 26 0 213 35 0 205 53 3 197 62 4 192 60 0 196 60 0 196 60 0 196 60 0 195 61 0 195 61 0 194 62 0 192 62 0 192 62 0 192 62 0 165 92 0 165 92 0 165 92 0 165 92 0 165 92 0 165 92 0 165 92 0 165 92 0 163 92 0 227 28 0 227 28 0 227 28 0 227 28 0 227 28 0 227 28 0 227 28 0 227 28 0 227 27 1 231 27 2 226 25 0 217 33 0 208 52 3 200 61 4 194 58 0 199 59 0 198 58 0 198 58 0 197 58 0 197 58 0 195 59 0 194 60 0 194 60 0 194 60 0 166 89 0 166 89 0 166 89 0 166 89 0 166 89 0 166 89 0 166 89 0 166 89 0 166 90 2 170 90 3 164 89 0 152 97 0 143 116 3 133 124 3 127 121 0 132 122 0 133 121 0 133 121 0 133 121 0 132 122 0 131 123 0 131 123 0 129 123 0 129 123 0 101 154 1 101 154 1 101 154 1 101 154 1 101 154 1 101 154 1 101 154 1 101 154 1 100 157 2 105 156 3 99 154 0 89 162 0 81 180 2 70 189 3 66 187 0 71 186 0 71 185 0 70 186 0 70 186 0 68 187 0 68 187 0 67 188 0 66 188 0 66 188 0 39 217 0 39 217 0 38 218 0 38 218 0 37 218 0 35 219 0 35 219 0 34 220 0 35 219 1 39 218 2 35 216 0 24 225 0 16 243 3 6 250 2 2 248 0 5 248 0 5 250 0 5 250 0 5 250 0 5 250 0 5 250 0 5 250 0 5 250 0 5 250 0 1 228 1 1 228 1 1 228 1 1 228 1 1 228 1 1 228 1 1 228 1 1 228 1 5 228 0 0 231 1 0 227 1 5 226 9 0 200 0 8 198 2 3 194 2 0 198 4 1 195 0 1 195 0 1 195 0 1 195 0 1 195 0 1 195 0 1 195 0 1 195 0 0 165 0 0 165 0 0 165 0 0 165 0 0 165 0 0 165 0 0 165 0 0 165 0 3 162 0 1 168 2 0 166 3 6 163 10 0 133 0 5 131 0 2 129 0 0 134 5 0 131 0 0 131 0 0 131 0 0 131 0 0 131 0 0 131 0 0 131 0 0 131 0 1 99 0 1 99 0 1 99 0 1 99 0 1 99 0 1 99 0 1 99 0 1 99 0 4 100 0 0 102 2 0 100 2 5 98 9 0 71 0 9 70 1 2 67 1 0 69 3 0 70 0 0 70 0 0 70 0 0 70 0 0 70 0 0 70 0 
0 70 0 0 70 0 0 36 0 0 36 0 0 36 0 0 36 0 0 36 0 0 36 0 0 36 0 0 36 0 4 34 0 3 41 4 0 39 5 7 35 10 0 6 0 6 2 0 2 0 1 1 7 7 1 3 0 0 4 0 0 5 1 0 5 1 2 4 1 5 4 2 10 1 2 12 0 2 229 40 11 225 31 4 223 25 0 228 27 1 230 29 1 229 28 0 226 27 0 226 29 0 224 29 1 228 28 2 224 26 0 213 35 0 205 53 3 197 62 4 192 60 0 196 60 0 196 60 0 196 60 0 195 61 0 195 61 0 194 62 0 192 62 0 192 62 0 192 62 0 163 92 0 163 92 0 163 92 0 163 92 0 163 92 0 163 92 0 163 92 0 163 92 0 162 93 0 227 28 0 227 28 0 227 28 0 227 28 0 227 28 0 227 28 0 227 28 0 227 28 0 226 28 1 229 28 2 225 26 0 216 34 0 208 52 3 198 62 4 193 59 0 198 59 0 198 58 0 197 58 0 197 58 0 195 59 0 194 60 0 194 60 0 193 61 0 193 61 0 165 90 0 165 90 0 165 90 0 165 90 0 165 90 0 165 90 0 165 90 0 165 90 0 165 91 2 168 91 3 164 89 0 152 97 0 143 116 3 133 124 3 126 122 0 131 123 0 133 121 0 133 121 0 132 122 0 131 123 0 131 123 0 129 123 0 129 123 0 128 124 0 100 155 1 100 155 1 100 155 1 100 155 1 100 155 1 100 155 1 100 155 1 100 155 1 100 157 2 103 156 3 99 154 0 87 163 0 80 180 2 70 189 3 66 187 0 70 187 0 70 186 0 70 186 0 68 187 0 68 187 0 67 188 0 66 188 0 66 188 0 66 188 0 38 218 0 38 218 0 38 218 0 37 218 0 35 219 0 35 219 0 34 220 0 34 220 0 34 219 1 39 220 3 33 217 0 24 225 0 15 244 3 6 252 3 0 249 0 5 250 0 5 250 0 5 250 0 5 250 0 5 250 0 5 250 0 5 250 0 5 250 0 5 250 0 1 228 1 1 228 1 1 228 1 1 228 1 1 228 1 1 228 1 1 228 1 1 228 1 5 228 0 0 230 0 0 226 0 5 226 9 0 199 0 8 198 2 3 194 2 0 197 3 1 195 0 1 195 0 1 195 0 1 195 0 1 195 0 1 195 0 1 195 0 1 195 0 0 165 0 0 165 0 0 165 0 0 165 0 0 165 0 0 165 0 0 165 0 0 165 0 3 162 0 1 168 2 0 166 3 6 163 10 0 133 0 5 131 0 2 129 0 0 134 5 0 131 0 0 131 0 0 131 0 0 131 0 0 131 0 0 131 0 0 131 0 0 131 0 1 99 0 1 99 0 1 99 0 1 99 0 1 99 0 1 99 0 1 99 0 1 99 0 3 99 0 0 102 2 0 99 1 4 97 8 0 71 0 8 69 0 1 66 0 0 69 3 0 70 0 0 70 0 0 70 0 0 70 0 0 70 0 0 70 0 0 70 0 0 70 0 0 36 0 0 36 0 0 36 0 0 36 0 0 36 0 0 36 0 0 36 0 0 36 0 4 34 0 2 40 3 0 38 4 7 35 10 0 5 0 6 2 0 2 0 1 0 6 6 1 3 0 0 4 0 0 5 1 0 5 1 2 4 1 5 4 2 10 1 2 12 0 2 228 40 11 223 32 4 221 26 0 227 27 1 230 29 1 
228 29 0 225 28 0 224 29 0 224 29 1 228 28 2 224 26 0 213 35 0 205 53 3 197 62 4 192 60 0 196 60 0 196 60 0 196 60 0 195 61 0 195 61 0 194 62 0 192 62 0 192 62 0 192 62 0 163 92 0 163 92 0 163 92 0 163 92 0 163 92 0 163 92 0 163 92 0 163 92 0 162 93 0 227 28 0 227 28 0 227 28 0 227 28 0 227 28 0 227 28 0 227 28 0 227 28 0 226 28 1 229 28 2 225 26 0 214 34 0 207 53 3 198 62 4 193 59 0 198 59 0 197 58 0 197 58 0 195 59 0 195 59 0 194 60 0 193 61 0 193 61 0 191 61 0 165 90 0 165 90 0 165 90 0 165 90 0 165 90 0 165 90 0 165 90 0 165 90 0 165 91 2 168 91 3 163 90 0 151 97 0 142 116 3 131 125 3 124 123 0 129 123 0 132 122 0 132 122 0 131 123 0 131 123 0 129 123 0 128 124 0 128 124 0 128 124 0 100 155 1 100 155 1 100 155 1 100 155 1 100 155 1 100 155 1 100 155 1 100 155 1 98 158 2 102 157 3 98 155 0 87 163 0 80 180 2 69 189 3 65 187 0 68 187 0 68 187 0 68 187 0 68 187 0 67 188 0 66 188 0 66 188 0 64 189 0 64 189 0 38 218 0 37 218 0 37 218 0 35 219 0 35 219 0 34 220 0 32 220 0 32 220 0 33 221 2 39 220 3 33 219 0 24 227 0 16 245 4 4 253 3 0 251 0 5 250 0 5 251 0 5 251 0 5 251 0 5 251 0 5 251 0 5 251 0 5 251 0 5 251 0 0 227 0 0 227 0 0 227 0 0 227 0 0 227 0 0 227 0 0 227 0 0 227 0 4 227 0 0 230 0 0 226 0 4 225 8 0 199 0 7 197 1 2 193 1 0 197 3 0 194 0 0 194 0 0 194 0 0 194 0 0 194 0 0 194 0 0 194 0 0 194 0 0 165 0 0 165 0 0 165 0 0 165 0 0 165 0 0 165 0 0 165 0 0 165 0 3 162 0 1 168 2 0 166 3 6 163 10 0 133 0 5 131 0 2 129 0 0 134 5 0 131 0 0 131 0 0 131 0 0 131 0 0 131 0 0 131 0 0 131 0 0 131 0 1 99 0 1 99 0 1 99 0 1 99 0 1 99 0 1 99 0 1 99 0 1 99 0 3 99 0 0 101 1 0 99 1 4 97 8 0 71 0 8 69 0 1 66 0 0 69 3 0 69 0 0 69 0 0 69 0 0 69 0 0 69 0 0 69 0 0 69 0 0 69 0 0 36 0 0 36 0 0 36 0 0 36 0 0 36 0 0 36 0 0 36 0 0 36 0 3 33 0 2 40 3 0 38 4 6 34 9 0 5 0 5 1 0 1 0 0 0 6 6 1 3 0 0 4 0 0 5 1 0 5 1 2 4 1 5 4 2 10 1 2 12 0 2 228 40 11 222 33 4 221 26 0 226 28 1 229 30 1 228 29 0 223 28 0 223 30 0 224 29 1 228 28 2 224 26 0 213 35 0 205 53 3 197 62 4 192 60 0 196 60 0 196 60 0 196 60 0 195 61 0 195 61 0 194 62 0 192 62 0 192 62 0 192 62 0 162 93 0 162 93 0 162 93 0 162 93 0 162 93 0 162 93 0 162 93 0 162 93 0 160 94 0 227 28 0 227 28 0 227 28 0 
227 28 0 227 28 0 227 28 0 227 28 0 227 28 0 224 29 1 228 28 2 224 26 0 214 34 0 205 53 3 197 62 4 192 60 0 196 60 0 195 59 0 195 59 0 195 59 0 194 60 0 193 61 0 193 61 0 191 61 0 191 61 0 165 92 0 165 92 0 165 92 0 165 92 0 165 92 0 165 92 0 165 92 0 165 92 0 163 92 2 167 91 3 161 90 0 150 98 0 140 117 3 130 126 3 124 123 0 129 123 0 132 122 0 131 123 0 131 123 0 129 123 0 128 124 0 128 124 0 126 125 0 126 125 0 99 156 1 99 156 1 99 156 1 99 156 1 99 156 1 99 156 1 99 156 1 99 156 1 97 158 2 102 157 3 98 155 0 86 163 0 78 181 2 69 189 3 63 188 0 68 187 0 68 187 0 68 187 0 67 188 0 66 188 0 66 188 0 64 189 0 64 189 0 63 190 0 37 218 0 37 218 0 35 219 0 35 219 0 34 220 0 32 220 0 32 220 0 32 220 0 33 221 2 38 222 4 33 219 0 22 228 0 14 246 4 5 254 4 0 251 0 5 252 0 5 251 0 5 251 0 5 251 0 5 251 0 5 251 0 5 251 0 5 251 0 5 251 0 0 227 0 0 227 0 0 227 0 0 227 0 0 227 0 0 227 0 0 227 0 0 227 0 4 227 0 0 229 0 0 226 0 4 225 8 0 198 0 7 197 1 2 193 1 0 196 2 0 194 0 0 194 0 0 194 0 0 194 0 0 194 0 0 194 0 0 194 0 0 194 0 0 165 0 0 165 0 0 165 0 0 165 0 0 165 0 0 165 0 0 165 0 0 165 0 3 162 0 1 168 2 0 166 3 6 163 10 0 133 0 5 131 0 2 129 0 0 134 5 0 131 0 0 131 0 0 131 0 0 131 0 0 131 0 0 131 0 0 131 0 0 131 0 1 99 0 1 99 0 1 99 0 1 99 0 1 99 0 1 99 0 1 99 0 1 99 0 2 98 0 0 101 1 0 98 0 3 96 7 0 70 0 7 68 0 1 66 0 0 68 2 0 69 0 0 69 0 0 69 0 0 69 0 0 69 0 0 69 0 0 69 0 0 69 0 0 36 0 0 36 0 0 36 0 0 36 0 0 36 0 0 36 0 0 36 0 0 36 0 3 33 0 1 39 2 0 37 3 6 34 9 0 4 0 5 1 0 1 0 0 0 5 5 1 3 0 0 4 0 0 5 1 0 5 1 2 4 1 5 4 2 10 1 2 12 0 2 226 41 11 222 33 4 220 26 0 226 28 1 228 30 1 227 29 0 223 28 0 223 30 0 224 29 1 228 28 2 224 26 0 213 35 0 205 53 3 197 62 4 192 60 0 196 60 0 196 60 0 196 60 0 195 61 0 195 61 0 194 62 0 192 62 0 192 62 0 192 62 0 162 93 0 162 93 0 162 93 0 162 93 0 162 93 0 162 93 0 162 93 0 162 93 0 159 94 0 227 28 0 227 28 0 227 28 0 227 28 0 227 28 0 227 28 0 227 28 0 227 28 0 223 29 1 228 28 2 224 26 0 213 35 0 205 53 3 197 62 4 190 60 0 196 60 0 195 59 0 195 59 0 194 60 0 193 61 0 193 61 0 191 61 0 191 61 0 190 62 0 165 92 0 165 92 0 165 92 0 165 92 0 165 92 0 165 92 0 165 92 0 165 92 0 162 93 2 166 92 3 
161 90 0 150 98 0 140 117 3 130 126 3 123 124 0 128 124 0 131 123 0 131 123 0 129 123 0 129 123 0 128 124 0 126 125 0 126 125 0 126 125 0 99 156 1 99 156 1 99 156 1 99 156 1 99 156 1 99 156 1 99 156 1 99 156 1 97 158 2 101 158 3 96 156 0 86 163 0 77 182 2 68 190 3 63 188 0 67 188 0 67 188 0 67 188 0 67 188 0 66 188 0 64 189 0 64 189 0 63 190 0 63 190 0 37 218 0 35 219 0 35 219 0 34 220 0 32 220 0 32 220 0 31 221 0 31 221 0 33 223 3 37 222 4 32 220 0 22 228 0 14 246 4 4 255 4 0 253 0 3 253 0 3 252 0 3 252 0 3 252 0 3 252 0 3 252 0 3 252 0 3 252 0 3 252 0 0 227 0 0 227 0 0 227 0 0 227 0 0 227 0 0 227 0 0 227 0 0 227 0 3 226 0 0 229 0 0 225 0 3 224 7 0 198 0 6 196 0 2 193 1 0 196 2 0 194 0 0 194 0 0 194 0 0 194 0 0 194 0 0 194 0 0 194 0 0 194 0 0 165 0 0 165 0 0 165 0 0 165 0 0 165 0 0 165 0 0 165 0 0 165 0 3 162 0 1 168 2 0 166 3 6 163 10 0 133 0 5 131 0 2 129 0 0 134 5 0 131 0 0 131 0 0 131 0 0 131 0 0 131 0 0 131 0 0 131 0 0 131 0 1 99 0 1 99 0 1 99 0 1 99 0 1 99 0 1 99 0 1 99 0 1 99 0 2 98 0 0 101 1 0 98 0 3 96 7 0 70 0 7 68 0 0 65 0 0 68 2 0 68 0 0 68 0 0 68 0 0 68 0 0 68 0 0 68 0 0 68 0 0 68 0 0 36 0 0 36 0 0 36 0 0 36 0 0 36 0 0 36 0 0 36 0 0 36 0 3 33 0 1 39 2 0 37 3 6 34 9 0 4 0 4 0 0 1 0 0 0 5 5 1 3 0 0 4 0 0 5 1 0 5 1 2 4 1 5 4 2 10 1 2 12 0 2 226 41 11 221 33 4 218 27 0 224 29 1 228 30 1 225 30 0 222 29 0 221 31 0 224 29 1 228 28 2 224 26 0 213 35 0 205 53 3 197 62 4 192 60 0 196 60 0 196 60 0 196 60 0 195 61 0 195 61 0 194 62 0 192 62 0 192 62 0 192 62 0 160 94 0 160 94 0 160 94 0 160 94 0 160 94 0 160 94 0 160 94 0 160 94 0 159 94 0 227 28 0 227 28 0 227 28 0 227 28 0 227 28 0 227 28 0 227 28 0 227 28 0 223 29 1 227 29 2 222 27 0 213 35 0 205 53 3 196 63 4 190 60 0 195 61 0 195 59 0 194 60 0 194 60 0 193 61 0 191 61 0 191 61 0 190 62 0 190 62 0 163 92 0 163 92 0 163 92 0 163 92 0 163 92 0 163 92 0 163 92 0 163 92 0 162 93 2 166 92 3 161 90 0 148 99 0 140 117 3 130 126 3 123 124 0 128 124 0 131 123 0 131 123 0 129 123 0 128 124 0 128 124 0 126 125 0 126 125 0 125 126 0 97 157 1 97 157 1 97 157 1 97 157 1 97 157 1 97 157 1 97 157 1 97 157 1 97 158 2 101 158 3 96 156 0 85 164 0 77 182 2 68 190 3 63 188 0 67 188 0 67 188 0 
67 188 0 66 188 0 66 188 0 64 189 0 63 190 0 63 190 0 63 190 0 35 219 0 35 219 0 35 219 0 34 220 0 32 220 0 32 220 0 31 221 0 31 221 0 33 223 3 37 222 4 32 220 0 23 229 0 14 247 5 4 255 4 0 253 0 3 253 0 4 253 1 4 253 1 4 253 1 4 253 1 4 253 1 4 253 1 4 253 1 4 253 1 0 227 0 0 227 0 0 227 0 0 227 0 0 227 0 0 227 0 0 227 0 0 227 0 3 226 0 0 229 0 0 225 0 3 224 7 0 198 0 6 196 0 1 192 0 0 196 2 0 193 0 0 193 0 0 193 0 0 193 0 0 193 0 0 193 0 0 193 0 0 193 0 0 165 0 0 165 0 0 165 0 0 165 0 0 165 0 0 165 0 0 165 0 0 165 0 3 162 0 1 168 2 0 166 3 6 163 10 0 133 0 5 131 0 2 129 0 0 134 5 0 131 0 0 131 0 0 131 0 0 131 0 0 131 0 0 131 0 0 131 0 0 131 0 1 99 0 1 99 0 1 99 0 1 99 0 1 99 0 1 99 0 1 99 0 1 99 0 2 98 0 0 100 0 0 98 0 3 96 7 0 70 0 7 68 0 0 65 0 0 68 2 0 68 0 0 68 0 0 68 0 0 68 0 0 68 0 0 68 0 0 68 0 0 68 0 0 36 0 0 36 0 0 36 0 0 36 0 0 36 0 0 36 0 0 36 0 0 36 0 2 32 0 1 39 2 0 37 3 5 33 8 0 4 0 4 0 0 1 0 0 0 5 5 1 3 0 0 4 0 0 5 1 0 5 1 2 4 1 5 4 2 10 1 2 12 0 2 225 42 11 221 33 4 218 27 0 224 29 1 228 30 1 225 30 0 222 29 0 221 31 0 224 29 1 228 28 2 224 26 0 213 35 0 205 53 3 197 62 4 192 60 0 196 60 0 196 60 0 196 60 0 195 61 0 195 61 0 194 62 0 192 62 0 192 62 0 192 62 0 160 94 0 160 94 0 160 94 0 160 94 0 160 94 0 160 94 0 160 94 0 160 94 0 159 94 0 227 28 0 227 28 0 227 28 0 227 28 0 227 28 0 227 28 0 227 28 0 227 28 0 228 27 1 232 26 2 226 25 0 216 34 0 207 53 3 197 62 4 190 60 0 195 61 0 196 60 0 196 60 0 195 61 0 195 61 0 194 62 0 192 62 0 192 62 0 192 62 0 165 92 0 165 92 0 165 92 0 165 92 0 165 92 0 165 92 0 165 92 0 165 92 0 164 93 3 168 92 4 162 91 0 151 99 0 141 118 4 131 127 4 125 126 0 129 125 0 132 124 0 132 124 0 130 124 0 130 124 0 129 125 0 129 125 0 127 126 0 127 126 0 103 154 1 101 154 1 101 154 1 100 155 1 100 155 1 99 156 1 99 156 1 97 157 1 98 158 2 103 156 3 99 154 0 87 163 0 80 180 2 69 189 3 65 187 0 70 187 0 67 188 0 67 188 0 67 188 0 66 188 0 64 189 0 64 189 0 63 190 0 63 190 0 38 219 0 36 220 0 36 220 0 35 221 0 35 221 0 33 221 0 33 221 0 32 222 0 33 223 3 38 222 4 34 220 0 22 228 0 15 247 5 4 255 4 0 253 0 5 252 0 2 251 0 3 252 0 3 252 0 3 252 0 4 253 1 4 253 1 4 253 1 5 254 2 
0 227 0 0 227 0 0 227 0 0 227 0 0 227 0 0 227 0 0 227 0 0 227 0 3 226 0 0 229 0 0 225 0 3 224 7 0 198 0 6 196 0 1 192 0 0 196 2 1 195 0 1 195 0 1 195 0 1 195 0 1 195 0 1 195 0 1 195 0 1 195 0 0 163 0 0 163 0 0 163 0 0 163 0 0 163 0 0 163 0 0 163 0 0 163 0 2 161 0 0 167 1 0 165 2 5 162 9 0 132 0 4 130 0 1 128 0 0 133 4 0 131 1 0 131 1 0 131 1 0 131 1 0 131 1 0 131 1 0 131 1 0 131 1 1 99 0 1 99 0 1 99 0 1 99 0 1 99 0 1 99 0 1 99 0 1 99 0 5 97 0 0 99 0 0 96 0 5 95 7 0 69 0 8 67 0 3 63 0 0 67 2 0 67 0 0 67 0 0 67 0 0 67 0 0 67 0 0 67 0 0 67 0 0 67 0 0 36 0 0 36 0 0 36 0 0 36 0 0 36 0 0 36 0 0 36 0 0 36 0 2 32 0 1 39 2 0 37 3 5 33 8 0 4 0 4 0 0 1 0 0 0 5 5 1 1 0 0 2 0 0 4 0 0 4 0 0 4 0 3 3 1 6 2 1 9 0 1 229 44 14 220 32 3 222 28 0 229 31 4 228 30 1 227 29 0 226 33 0 221 31 0 223 32 3 229 31 4 224 29 0 213 37 0 205 55 4 194 64 4 190 62 0 195 61 0 195 61 0 194 62 0 194 62 0 192 62 0 192 62 0 191 63 0 191 63 0 189 64 0 162 93 0 160 94 0 160 94 0 159 94 0 159 94 0 158 95 0 158 95 0 156 96 0 159 94 0 227 28 0 227 28 0 227 28 0 227 28 0 227 28 0 227 28 0 227 28 0 227 28 0 228 27 1 232 26 2 226 25 0 216 34 0 207 53 3 197 62 4 190 60 0 195 61 0 196 60 0 196 60 0 195 61 0 195 61 0 194 62 0 192 62 0 192 62 0 192 62 0 165 92 0 165 92 0 165 92 0 165 92 0 165 92 0 165 92 0 165 92 0 165 92 0 164 93 3 168 92 4 162 91 0 151 99 0 141 118 4 131 127 4 125 126 0 129 125 0 132 124 0 132 124 0 130 124 0 130 124 0 129 125 0 129 125 0 127 126 0 127 126 0 103 154 1 101 154 1 101 154 1 100 155 1 100 155 1 99 156 1 99 156 1 97 157 1 98 158 2 103 156 3 99 154 0 87 163 0 80 180 2 69 189 3 65 187 0 70 187 0 67 188 0 67 188 0 67 188 0 66 188 0 64 189 0 64 189 0 63 190 0 63 190 0 38 219 0 36 220 0 36 220 0 35 221 0 35 221 0 33 221 0 33 221 0 32 222 0 33 223 3 38 222 4 34 220 0 22 228 0 15 247 5 4 255 4 0 253 0 5 252 0 2 251 0 3 252 0 3 252 0 3 252 0 4 253 1 4 253 1 4 253 1 5 254 2 0 227 0 0 227 0 0 227 0 0 227 0 0 227 0 0 227 0 0 227 0 0 227 0 3 226 0 0 229 0 0 225 0 3 224 7 0 198 0 6 196 0 1 192 0 0 196 2 1 195 0 1 195 0 1 195 0 1 195 0 1 195 0 1 195 0 1 195 0 1 195 0 0 163 0 0 163 0 0 163 0 0 163 0 0 163 0 0 163 0 0 163 0 
0 163 0 2 161 0 0 167 1 0 165 2 5 162 9 0 132 0 4 130 0 1 128 0 0 133 4 0 131 1 0 131 1 0 131 1 0 131 1 0 131 1 0 131 1 0 131 1 0 131 1 1 99 0 1 99 0 1 99 0 1 99 0 1 99 0 1 99 0 1 99 0 1 99 0 5 97 0 0 99 0 0 96 0 5 95 7 0 69 0 8 67 0 3 63 0 0 67 2 0 67 0 0 67 0 0 67 0 0 67 0 0 67 0 0 67 0 0 67 0 0 67 0 0 36 0 0 36 0 0 36 0 0 36 0 0 36 0 0 36 0 0 36 0 0 36 0 2 32 0 1 39 2 0 37 3 5 33 8 0 4 0 4 0 0 1 0 0 0 5 5 1 1 0 0 2 0 0 4 0 0 4 0 0 4 0 3 3 1 6 2 1 9 0 1 229 44 14 220 32 3 222 28 0 229 31 4 228 30 1 227 29 0 226 33 0 221 31 0 223 32 3 229 31 4 224 29 0 213 37 0 205 55 4 194 64 4 190 62 0 195 61 0 195 61 0 194 62 0 194 62 0 192 62 0 192 62 0 191 63 0 191 63 0 189 64 0 162 93 0 160 94 0 160 94 0 159 94 0 159 94 0 158 95 0 158 95 0 156 96 0 159 94 0 227 28 0 227 28 0 227 28 0 227 28 0 227 28 0 227 28 0 227 28 0 227 28 0 228 27 1 232 26 2 226 25 0 216 34 0 207 53 3 197 62 4 190 60 0 195 61 0 196 60 0 196 60 0 195 61 0 195 61 0 194 62 0 192 62 0 192 62 0 192 62 0 165 92 0 165 92 0 165 92 0 165 92 0 165 92 0 165 92 0 165 92 0 165 92 0 164 93 3 168 92 4 162 91 0 151 99 0 141 118 4 131 127 4 125 126 0 129 125 0 132 124 0 132 124 0 130 124 0 130 124 0 129 125 0 129 125 0 127 126 0 127 126 0 103 154 1 101 154 1 101 154 1 100 155 1 100 155 1 99 156 1 99 156 1 97 157 1 98 158 2 103 156 3 99 154 0 87 163 0 80 180 2 69 189 3 65 187 0 70 187 0 67 188 0 67 188 0 67 188 0 66 188 0 64 189 0 64 189 0 63 190 0 63 190 0 38 219 0 36 220 0 36 220 0 35 221 0 35 221 0 33 221 0 33 221 0 32 222 0 33 223 3 38 222 4 34 220 0 22 228 0 15 247 5 4 255 4 0 253 0 5 252 0 2 251 0 3 252 0 3 252 0 3 252 0 4 253 1 4 253 1 4 253 1 5 254 2 0 227 0 0 227 0 0 227 0 0 227 0 0 227 0 0 227 0 0 227 0 0 227 0 3 226 0 0 229 0 0 225 0 3 224 7 0 198 0 6 196 0 1 192 0 0 196 2 1 195 0 1 195 0 1 195 0 1 195 0 1 195 0 1 195 0 1 195 0 1 195 0 0 163 0 0 163 0 0 163 0 0 163 0 0 163 0 0 163 0 0 163 0 0 163 0 2 161 0 0 167 1 0 165 2 5 162 9 0 132 0 4 130 0 1 128 0 0 133 4 0 131 1 0 131 1 0 131 1 0 131 1 0 131 1 0 131 1 0 131 1 0 131 1 1 99 0 1 99 0 1 99 0 1 99 0 1 99 0 1 99 0 1 99 0 1 99 0 5 97 0 0 99 0 0 96 0 5 95 7 0 69 0 8 67 0 
3 63 0 0 67 2 0 67 0 0 67 0 0 67 0 0 67 0 0 67 0 0 67 0 0 67 0 0 67 0 0 36 0 0 36 0 0 36 0 0 36 0 0 36 0 0 36 0 0 36 0 0 36 0 2 32 0 1 39 2 0 37 3 5 33 8 0 4 0 4 0 0 1 0 0 0 5 5 1 1 0 0 2 0 0 4 0 0 4 0 0 4 0 3 3 1 6 2 1 9 0 1 229 44 14 220 32 3 222 28 0 229 31 4 228 30 1 227 29 0 226 33 0 221 31 0 223 32 3 229 31 4 224 29 0 213 37 0 205 55 4 194 64 4 190 62 0 195 61 0 195 61 0 194 62 0 194 62 0 192 62 0 192 62 0 191 63 0 191 63 0 189 64 0 162 93 0 160 94 0 160 94 0 159 94 0 159 94 0 158 95 0 158 95 0 156 96 0 159 94 0 227 28 0 227 28 0 227 28 0 227 28 0 227 28 0 227 28 0 227 28 0 227 28 0 228 27 1 232 26 2 226 25 0 216 34 0 207 53 3 197 62 4 190 60 0 195 61 0 196 60 0 196 60 0 195 61 0 195 61 0 194 62 0 192 62 0 192 62 0 192 62 0 165 92 0 165 92 0 165 92 0 165 92 0 165 92 0 165 92 0 165 92 0 165 92 0 164 93 3 168 92 4 162 91 0 151 99 0 141 118 4 131 127 4 125 126 0 129 125 0 132 124 0 132 124 0 130 124 0 130 124 0 129 125 0 129 125 0 127 126 0 127 126 0 103 154 1 101 154 1 101 154 1 100 155 1 100 155 1 99 156 1 99 156 1 97 157 1 98 158 2 103 156 3 99 154 0 87 163 0 80 180 2 69 189 3 65 187 0 70 187 0 67 188 0 67 188 0 67 188 0 66 188 0 64 189 0 64 189 0 63 190 0 63 190 0 38 219 0 36 220 0 36 220 0 35 221 0 35 221 0 33 221 0 33 221 0 32 222 0 33 223 3 38 222 4 34 220 0 22 228 0 15 247 5 4 255 4 0 253 0 5 252 0 2 251 0 3 252 0 3 252 0 3 252 0 4 253 1 4 253 1 4 253 1 5 254 2 0 227 0 0 227 0 0 227 0 0 227 0 0 227 0 0 227 0 0 227 0 0 227 0 3 226 0 0 229 0 0 225 0 3 224 7 0 198 0 6 196 0 1 192 0 0 196 2 1 195 0 1 195 0 1 195 0 1 195 0 1 195 0 1 195 0 1 195 0 1 195 0 0 163 0 0 163 0 0 163 0 0 163 0 0 163 0 0 163 0 0 163 0 0 163 0 2 161 0 0 167 1 0 165 2 5 162 9 0 132 0 4 130 0 1 128 0 0 133 4 0 131 1 0 131 1 0 131 1 0 131 1 0 131 1 0 131 1 0 131 1 0 131 1 1 99 0 1 99 0 1 99 0 1 99 0 1 99 0 1 99 0 1 99 0 1 99 0 5 97 0 0 99 0 0 96 0 5 95 7 0 69 0 8 67 0 3 63 0 0 67 2 0 67 0 0 67 0 0 67 0 0 67 0 0 67 0 0 67 0 0 67 0 0 67 0 0 36 0 0 36 0 0 36 0 0 36 0 0 36 0 0 36 0 0 36 0 0 36 0 2 32 0 1 39 2 0 37 3 5 33 8 0 4 0 4 0 0 1 0 0 0 5 5 1 1 0 0 2 0 0 4 0 0 4 0 0 4 0 
3 3 1 6 2 1 9 0 1 229 44 14 220 32 3 222 28 0 229 31 4 228 30 1 227 29 0 226 33 0 221 31 0 223 32 3 229 31 4 224 29 0 213 37 0 205 55 4 194 64 4 190 62 0 195 61 0 195 61 0 194 62 0 194 62 0 192 62 0 192 62 0 191 63 0 191 63 0 189 64 0 162 93 0 160 94 0 160 94 0 159 94 0 159 94 0 158 95 0 158 95 0 156 96 0 159 94 0 227 28 0 227 28 0 227 28 0 227 28 0 227 28 0 227 28 0 227 28 0 227 28 0 228 27 1 232 26 2 226 25 0 216 34 0 207 53 3 197 62 4 190 60 0 195 61 0 196 60 0 196 60 0 195 61 0 195 61 0 194 62 0 192 62 0 192 62 0 192 62 0 165 92 0 165 92 0 165 92 0 165 92 0 165 92 0 165 92 0 165 92 0 165 92 0 164 93 3 168 92 4 162 91 0 151 99 0 141 118 4 131 127 4 125 126 0 129 125 0 132 124 0 132 124 0 130 124 0 130 124 0 129 125 0 129 125 0 127 126 0 127 126 0 103 154 1 101 154 1 101 154 1 100 155 1 100 155 1 99 156 1 99 156 1 97 157 1 98 158 2 103 156 3 99 154 0 87 163 0 80 180 2 69 189 3 65 187 0 70 187 0 67 188 0 67 188 0 67 188 0 66 188 0 64 189 0 64 189 0 63 190 0 63 190 0 38 219 0 36 220 0 36 220 0 35 221 0 35 221 0 33 221 0 33 221 0 32 222 0 33 223 3 38 222 4 34 220 0 22 228 0 15 247 5 4 255 4 0 253 0 5 252 0 2 251 0 3 252 0 3 252 0 3 252 0 4 253 1 4 253 1 4 253 1 5 254 2 0 227 0 0 227 0 0 227 0 0 227 0 0 227 0 0 227 0 0 227 0 0 227 0 3 226 0 0 229 0 0 225 0 3 224 7 0 198 0 6 196 0 1 192 0 0 196 2 1 195 0 1 195 0 1 195 0 1 195 0 1 195 0 1 195 0 1 195 0 1 195 0 0 163 0 0 163 0 0 163 0 0 163 0 0 163 0 0 163 0 0 163 0 0 163 0 2 161 0 0 167 1 0 165 2 5 162 9 0 132 0 4 130 0 1 128 0 0 133 4 0 131 1 0 131 1 0 131 1 0 131 1 0 131 1 0 131 1 0 131 1 0 131 1 1 99 0 1 99 0 1 99 0 1 99 0 1 99 0 1 99 0 1 99 0 1 99 0 5 97 0 0 99 0 0 96 0 5 95 7 0 69 0 8 67 0 3 63 0 0 67 2 0 67 0 0 67 0 0 67 0 0 67 0 0 67 0 0 67 0 0 67 0 0 67 0 0 36 0 0 36 0 0 36 0 0 36 0 0 36 0 0 36 0 0 36 0 0 36 0 2 32 0 1 39 2 0 37 3 5 33 8 0 4 0 4 0 0 1 0 0 0 5 5 1 1 0 0 2 0 0 4 0 0 4 0 0 4 0 3 3 1 6 2 1 9 0 1 229 44 14 220 32 3 222 28 0 229 31 4 228 30 1 227 29 0 226 33 0 221 31 0 223 32 3 229 31 4 224 29 0 213 37 0 205 55 4 194 64 4 190 62 0 195 61 0 195 61 0 194 62 0 194 62 0 192 62 0 192 62 0 191 63 0 191 63 0 189 64 0 162 93 0 160 94 0 160 94 0 159 94 0 
159 94 0 158 95 0 158 95 0 156 96 0 159 94 0 227 28 0 227 28 0 227 28 0 227 28 0 227 28 0 227 28 0 227 28 0 227 28 0 228 27 1 232 26 2 226 25 0 216 34 0 207 53 3 197 62 4 190 60 0 195 61 0 196 60 0 196 60 0 195 61 0 195 61 0 194 62 0 192 62 0 192 62 0 192 62 0 165 92 0 165 92 0 165 92 0 165 92 0 165 92 0 165 92 0 165 92 0 165 92 0 164 93 3 168 92 4 162 91 0 151 99 0 141 118 4 131 127 4 125 126 0 129 125 0 132 124 0 132 124 0 130 124 0 130 124 0 129 125 0 129 125 0 127 126 0 127 126 0 103 154 1 101 154 1 101 154 1 100 155 1 100 155 1 99 156 1 99 156 1 97 157 1 98 158 2 103 156 3 99 154 0 87 163 0 80 180 2 69 189 3 65 187 0 70 187 0 67 188 0 67 188 0 67 188 0 66 188 0 64 189 0 64 189 0 63 190 0 63 190 0 38 219 0 36 220 0 36 220 0 35 221 0 35 221 0 33 221 0 33 221 0 32 222 0 33 223 3 38 222 4 34 220 0 22 228 0 15 247 5 4 255 4 0 253 0 5 252 0 2 251 0 3 252 0 3 252 0 3 252 0 4 253 1 4 253 1 4 253 1 5 254 2 0 227 0 0 227 0 0 227 0 0 227 0 0 227 0 0 227 0 0 227 0 0 227 0 3 226 0 0 229 0 0 225 0 3 224 7 0 198 0 6 196 0 1 192 0 0 196 2 1 195 0 1 195 0 1 195 0 1 195 0 1 195 0 1 195 0 1 195 0 1 195 0 0 163 0 0 163 0 0 163 0 0 163 0 0 163 0 0 163 0 0 163 0 0 163 0 2 161 0 0 167 1 0 165 2 5 162 9 0 132 0 4 130 0 1 128 0 0 133 4 0 131 1 0 131 1 0 131 1 0 131 1 0 131 1 0 131 1 0 131 1 0 131 1 1 99 0 1 99 0 1 99 0 1 99 0 1 99 0 1 99 0 1 99 0 1 99 0 5 97 0 0 99 0 0 96 0 5 95 7 0 69 0 8 67 0 3 63 0 0 67 2 0 67 0 0 67 0 0 67 0 0 67 0 0 67 0 0 67 0 0 67 0 0 67 0 0 36 0 0 36 0 0 36 0 0 36 0 0 36 0 0 36 0 0 36 0 0 36 0 2 32 0 1 39 2 0 37 3 5 33 8 0 4 0 4 0 0 1 0 0 0 5 5 1 1 0 0 2 0 0 4 0 0 4 0 0 4 0 3 3 1 6 2 1 9 0 1 229 44 14 220 32 3 222 28 0 229 31 4 228 30 1 227 29 0 226 33 0 221 31 0 223 32 3 229 31 4 224 29 0 213 37 0 205 55 4 194 64 4 190 62 0 195 61 0 195 61 0 194 62 0 194 62 0 192 62 0 192 62 0 191 63 0 191 63 0 189 64 0 162 93 0 160 94 0 160 94 0 159 94 0 159 94 0 158 95 0 158 95 0 156 96 0 159 94 0 227 28 0 227 28 0 227 28 0 227 28 0 227 28 0 227 28 0 227 28 0 227 28 0 228 27 1 232 26 2 226 25 0 216 34 0 207 53 3 197 62 4 190 60 0 195 61 0 196 60 0 196 60 0 195 61 0 195 61 0 194 62 0 192 62 0 192 62 0 192 62 0 165 92 0 165 92 0 
165 92 0 165 92 0 165 92 0 165 92 0 165 92 0 165 92 0 164 93 3 168 92 4 162 91 0 151 99 0 141 118 4 131 127 4 125 126 0 129 125 0 132 124 0 132 124 0 130 124 0 130 124 0 129 125 0 129 125 0 127 126 0 127 126 0 103 154 1 101 154 1 101 154 1 100 155 1 100 155 1 99 156 1 99 156 1 97 157 1 98 158 2 103 156 3 99 154 0 87 163 0 80 180 2 69 189 3 65 187 0 70 187 0 67 188 0 67 188 0 67 188 0 66 188 0 64 189 0 64 189 0 63 190 0 63 190 0 38 219 0 36 220 0 36 220 0 35 221 0 35 221 0 33 221 0 33 221 0 32 222 0 33 223 3 38 222 4 34 220 0 22 228 0 15 247 5 4 255 4 0 253 0 5 252 0 2 251 0 3 252 0 3 252 0 3 252 0 4 253 1 4 253 1 4 253 1 5 254 2 0 227 0 0 227 0 0 227 0 0 227 0 0 227 0 0 227 0 0 227 0 0 227 0 3 226 0 0 229 0 0 225 0 3 224 7 0 198 0 6 196 0 1 192 0 0 196 2 1 195 0 1 195 0 1 195 0 1 195 0 1 195 0 1 195 0 1 195 0 1 195 0 0 163 0 0 163 0 0 163 0 0 163 0 0 163 0 0 163 0 0 163 0 0 163 0 2 161 0 0 167 1 0 165 2 5 162 9 0 132 0 4 130 0 1 128 0 0 133 4 0 131 1 0 131 1 0 131 1 0 131 1 0 131 1 0 131 1 0 131 1 0 131 1 1 99 0 1 99 0 1 99 0 1 99 0 1 99 0 1 99 0 1 99 0 1 99 0 5 97 0 0 99 0 0 96 0 5 95 7 0 69 0 8 67 0 3 63 0 0 67 2 0 67 0 0 67 0 0 67 0 0 67 0 0 67 0 0 67 0 0 67 0 0 67 0 0 36 0 0 36 0 0 36 0 0 36 0 0 36 0 0 36 0 0 36 0 0 36 0 2 32 0 1 39 2 0 37 3 5 33 8 0 4 0 4 0 0 1 0 0 0 5 5 1 1 0 0 2 0 0 4 0 0 4 0 0 4 0 3 3 1 6 2 1 9 0 1 229 44 14 220 32 3 222 28 0 229 31 4 228 30 1 227 29 0 226 33 0 221 31 0 223 32 3 229 31 4 224 29 0 213 37 0 205 55 4 194 64 4 190 62 0 195 61 0 195 61 0 194 62 0 194 62 0 192 62 0 192 62 0 191 63 0 191 63 0 189 64 0 162 93 0 160 94 0 160 94 0 159 94 0 159 94 0 158 95 0 158 95 0 156 96 0 159 94 0 227 28 0 227 28 0 227 28 0 227 28 0 227 28 0 227 28 0 227 28 0 227 28 0 228 27 1 232 26 2 226 25 0 216 34 0 207 53 3 197 62 4 190 60 0 195 61 0 196 60 0 196 60 0 195 61 0 195 61 0 194 62 0 192 62 0 192 62 0 192 62 0 165 92 0 165 92 0 165 92 0 165 92 0 165 92 0 165 92 0 165 92 0 165 92 0 164 93 3 168 92 4 162 91 0 151 99 0 141 118 4 131 127 4 125 126 0 129 125 0 132 124 0 132 124 0 130 124 0 130 124 0 129 125 0 129 125 0 127 126 0 127 126 0 103 154 1 101 154 1 101 154 1 100 155 1 100 155 1 99 156 1 99 156 1 97 157 1 98 158 2 
103 156 3 99 154 0 87 163 0 80 180 2 69 189 3 65 187 0 70 187 0 67 188 0 67 188 0 67 188 0 66 188 0 64 189 0 64 189 0 63 190 0 63 190 0 38 219 0 36 220 0 36 220 0 35 221 0 35 221 0 33 221 0 33 221 0 32 222 0 33 223 3 38 222 4 34 220 0 22 228 0 15 247 5 4 255 4 0 253 0 5 252 0 2 251 0 3 252 0 3 252 0 3 252 0 4 253 1 4 253 1 4 253 1 5 254 2 0 227 0 0 227 0 0 227 0 0 227 0 0 227 0 0 227 0 0 227 0 0 227 0 3 226 0 0 229 0 0 225 0 3 224 7 0 198 0 6 196 0 1 192 0 0 196 2 1 195 0 1 195 0 1 195 0 1 195 0 1 195 0 1 195 0 1 195 0 1 195 0 0 163 0 0 163 0 0 163 0 0 163 0 0 163 0 0 163 0 0 163 0 0 163 0 2 161 0 0 167 1 0 165 2 5 162 9 0 132 0 4 130 0 1 128 0 0 133 4 0 131 1 0 131 1 0 131 1 0 131 1 0 131 1 0 131 1 0 131 1 0 131 1 1 99 0 1 99 0 1 99 0 1 99 0 1 99 0 1 99 0 1 99 0 1 99 0 5 97 0 0 99 0 0 96 0 5 95 7 0 69 0 8 67 0 3 63 0 0 67 2 0 67 0 0 67 0 0 67 0 0 67 0 0 67 0 0 67 0 0 67 0 0 67 0 0 36 0 0 36 0 0 36 0 0 36 0 0 36 0 0 36 0 0 36 0 0 36 0 2 32 0 1 39 2 0 37 3 5 33 8 0 4 0 4 0 0 1 0 0 0 5 5 1 1 0 0 2 0 0 4 0 0 4 0 0 4 0 3 3 1 6 2 1 9 0 1 229 44 14 220 32 3 222 28 0 229 31 4 228 30 1 227 29 0 226 33 0 221 31 0 223 32 3 229 31 4 224 29 0 213 37 0 205 55 4 194 64 4 190 62 0 195 61 0 195 61 0 194 62 0 194 62 0 192 62 0 192 62 0 191 63 0 191 63 0 189 64 0 162 93 0 160 94 0 160 94 0 159 94 0 159 94 0 158 95 0 158 95 0 156 96 0 159 94 0 225 30 0 225 30 0 225 30 0 225 30 0 225 30 0 225 30 0 225 30 0 225 30 0 223 32 3 229 31 4 224 29 0 213 37 0 205 55 4 194 64 4 190 62 0 195 61 0 195 61 0 194 62 0 194 62 0 192 62 0 192 62 0 191 63 0 191 63 0 189 64 0 162 93 0 160 94 0 160 94 0 159 94 0 159 94 0 158 95 0 158 95 0 156 96 0 159 94 0 163 94 1 158 92 0 148 101 0 141 120 3 132 128 3 126 125 0 131 126 0 131 126 0 131 126 0 130 126 0 130 126 0 128 127 0 127 128 0 127 128 0 127 128 0 100 157 0 100 157 0 98 158 0 98 158 0 97 159 0 97 159 0 95 159 0 95 159 0 96 160 3 100 160 4 96 158 0 86 165 0 77 185 4 67 192 4 63 190 0 67 190 0 66 188 0 66 188 0 64 189 0 64 189 0 63 190 0 63 190 0 61 190 0 61 190 0 35 221 0 35 221 0 35 221 0 33 221 0 32 222 0 32 222 0 31 223 0 31 223 0 31 223 2 34 222 3 30 220 0 21 229 0 14 247 5 3 255 5 0 254 0 3 254 0 
0 253 0 0 254 0 0 254 0 0 254 0 1 255 1 1 255 1 1 255 1 2 255 2 0 227 0 0 227 0 0 227 0 0 227 0 0 227 0 0 227 0 0 227 0 0 227 0 3 224 0 0 230 0 0 228 2 6 225 9 0 195 0 5 192 0 1 190 0 0 196 3 0 193 0 0 193 0 0 193 0 0 193 0 0 193 0 0 193 0 0 193 0 0 193 0 0 162 0 0 162 0 0 162 0 0 162 0 0 162 0 0 162 0 0 162 0 0 162 0 1 160 0 0 165 3 0 163 5 4 161 10 0 131 0 3 128 0 0 126 0 0 132 4 0 129 0 0 129 0 0 129 0 0 129 0 0 129 0 0 129 0 0 129 0 0 129 0 0 98 0 0 98 0 0 98 0 0 98 0 0 98 0 0 98 0 0 98 0 0 98 0 5 97 0 0 99 0 0 96 0 5 95 7 0 69 0 8 67 0 3 63 0 0 67 2 0 66 0 0 66 0 0 66 0 0 66 0 0 66 0 0 66 0 0 66 0 0 66 0 0 33 0 0 33 0 0 33 0 0 33 0 0 33 0 0 33 0 0 33 0 0 33 0 3 33 0 0 35 1 0 31 0 3 31 9 0 4 0 7 3 2 1 0 2 0 1 4 6 2 3 3 1 2 0 2 1 0 1 0 0 2 1 3 1 2 10 1 4 12 1 5 225 46 14 217 34 3 218 31 0 224 33 4 225 32 1 222 32 0 223 35 0 219 32 0 221 32 2 225 31 3 220 30 0 211 38 0 204 57 5 194 66 5 188 63 0 193 63 1 191 63 0 191 63 0 191 63 0 191 63 0 191 63 0 191 63 0 191 63 0 191 63 0 163 94 0 161 95 0 161 95 0 160 96 0 160 96 0 159 96 0 159 96 0 157 97 0 159 96 0 225 30 0 225 30 0 225 30 0 225 30 0 225 30 0 225 30 0 225 30 0 225 30 0 223 32 3 229 31 4 224 29 0 213 37 0 205 55 4 194 64 4 190 62 0 195 61 0 195 61 0 194 62 0 194 62 0 192 62 0 192 62 0 191 63 0 191 63 0 189 64 0 162 93 0 160 94 0 160 94 0 159 94 0 159 94 0 158 95 0 158 95 0 156 96 0 159 94 0 163 94 1 158 92 0 148 101 0 141 120 3 132 128 3 126 125 0 131 126 0 131 126 0 131 126 0 130 126 0 130 126 0 128 127 0 127 128 0 127 128 0 127 128 0 100 157 0 100 157 0 98 158 0 98 158 0 97 159 0 97 159 0 95 159 0 95 159 0 96 160 3 100 160 4 96 158 0 86 165 0 77 185 4 67 192 4 63 190 0 67 190 0 66 188 0 66 188 0 64 189 0 64 189 0 63 190 0 63 190 0 61 190 0 61 190 0 35 221 0 35 221 0 35 221 0 33 221 0 32 222 0 32 222 0 31 223 0 31 223 0 31 223 2 34 222 3 30 220 0 21 229 0 14 247 5 3 255 5 0 254 0 3 254 0 0 253 0 0 254 0 0 254 0 0 254 0 1 255 1 1 255 1 1 255 1 2 255 2 0 227 0 0 227 0 0 227 0 0 227 0 0 227 0 0 227 0 0 227 0 0 227 0 3 224 0 0 230 0 0 228 2 6 225 9 0 195 0 5 192 0 1 190 0 0 196 3 0 193 0 0 193 0 0 193 0 0 193 0 0 193 0 0 193 0 0 193 0 
0 193 0 0 162 0 0 162 0 0 162 0 0 162 0 0 162 0 0 162 0 0 162 0 0 162 0 1 160 0 0 165 3 0 163 5 4 161 10 0 131 0 3 128 0 0 126 0 0 132 4 0 129 0 0 129 0 0 129 0 0 129 0 0 129 0 0 129 0 0 129 0 0 129 0 0 98 0 0 98 0 0 98 0 0 98 0 0 98 0 0 98 0 0 98 0 0 98 0 5 97 0 0 99 0 0 96 0 5 95 7 0 69 0 8 67 0 3 63 0 0 67 2 0 66 0 0 66 0 0 66 0 0 66 0 0 66 0 0 66 0 0 66 0 0 66 0 0 33 0 0 33 0 0 33 0 0 33 0 0 33 0 0 33 0 0 33 0 0 33 0 3 33 0 0 35 1 0 31 0 3 31 9 0 4 0 7 3 2 1 0 2 0 1 4 6 2 3 3 1 2 0 2 1 0 1 0 0 2 1 3 1 2 10 1 4 12 1 5 225 46 14 217 34 3 218 31 0 224 33 4 225 32 1 222 32 0 223 35 0 219 32 0 221 32 2 225 31 3 220 30 0 211 38 0 204 57 5 194 66 5 188 63 0 193 63 1 191 63 0 191 63 0 191 63 0 191 63 0 191 63 0 191 63 0 191 63 0 191 63 0 163 94 0 161 95 0 161 95 0 160 96 0 160 96 0 159 96 0 159 96 0 157 97 0 159 96 0 225 30 0 225 30 0 225 30 0 225 30 0 225 30 0 225 30 0 225 30 0 225 30 0 223 32 3 229 31 4 224 29 0 213 37 0 205 55 4 194 64 4 190 62 0 195 61 0 195 61 0 194 62 0 194 62 0 192 62 0 192 62 0 191 63 0 191 63 0 189 64 0 162 93 0 160 94 0 160 94 0 159 94 0 159 94 0 158 95 0 158 95 0 156 96 0 159 94 0 163 94 1 158 92 0 148 101 0 141 120 3 132 128 3 126 125 0 131 126 0 131 126 0 131 126 0 130 126 0 130 126 0 128 127 0 127 128 0 127 128 0 127 128 0 100 157 0 100 157 0 98 158 0 98 158 0 97 159 0 97 159 0 95 159 0 95 159 0 96 160 3 100 160 4 96 158 0 86 165 0 77 185 4 67 192 4 63 190 0 67 190 0 66 188 0 66 188 0 64 189 0 64 189 0 63 190 0 63 190 0 61 190 0 61 190 0 35 221 0 35 221 0 35 221 0 33 221 0 32 222 0 32 222 0 31 223 0 31 223 0 31 223 2 34 222 3 30 220 0 21 229 0 14 247 5 3 255 5 0 254 0 3 254 0 0 253 0 0 254 0 0 254 0 0 254 0 1 255 1 1 255 1 1 255 1 2 255 2 0 227 0 0 227 0 0 227 0 0 227 0 0 227 0 0 227 0 0 227 0 0 227 0 3 224 0 0 230 0 0 228 2 6 225 9 0 195 0 5 192 0 1 190 0 0 196 3 0 193 0 0 193 0 0 193 0 0 193 0 0 193 0 0 193 0 0 193 0 0 193 0 0 162 0 0 162 0 0 162 0 0 162 0 0 162 0 0 162 0 0 162 0 0 162 0 1 160 0 0 165 3 0 163 5 4 161 10 0 131 0 3 128 0 0 126 0 0 132 4 0 129 0 0 129 0 0 129 0 0 129 0 0 129 0 0 129 0 0 129 0 0 129 0 0 98 0 0 98 0 0 98 0 0 98 0 0 98 0 0 98 0 
0 98 0 0 98 0 5 97 0 0 99 0 0 96 0 5 95 7 0 69 0 8 67 0 3 63 0 0 67 2 0 66 0 0 66 0 0 66 0 0 66 0 0 66 0 0 66 0 0 66 0 0 66 0 0 33 0 0 33 0 0 33 0 0 33 0 0 33 0 0 33 0 0 33 0 0 33 0 3 33 0 0 35 1 0 31 0 3 31 9 0 4 0 7 3 2 1 0 2 0 1 4 6 2 3 3 1 2 0 2 1 0 1 0 0 2 1 3 1 2 10 1 4 12 1 5 225 46 14 217 34 3 218 31 0 224 33 4 225 32 1 222 32 0 223 35 0 219 32 0 221 32 2 225 31 3 220 30 0 211 38 0 204 57 5 194 66 5 188 63 0 193 63 1 191 63 0 191 63 0 191 63 0 191 63 0 191 63 0 191 63 0 191 63 0 191 63 0 163 94 0 161 95 0 161 95 0 160 96 0 160 96 0 159 96 0 159 96 0 157 97 0 159 96 0 225 30 0 225 30 0 225 30 0 225 30 0 225 30 0 225 30 0 225 30 0 225 30 0 223 32 3 229 31 4 224 29 0 213 37 0 205 55 4 194 64 4 190 62 0 195 61 0 195 61 0 194 62 0 194 62 0 192 62 0 192 62 0 191 63 0 191 63 0 189 64 0 162 93 0 160 94 0 160 94 0 159 94 0 159 94 0 158 95 0 158 95 0 156 96 0 159 94 0 163 94 1 158 92 0 148 101 0 141 120 3 132 128 3 126 125 0 131 126 0 131 126 0 131 126 0 130 126 0 130 126 0 128 127 0 127 128 0 127 128 0 127 128 0 100 157 0 100 157 0 98 158 0 98 158 0 97 159 0 97 159 0 95 159 0 95 159 0 96 160 3 100 160 4 96 158 0 86 165 0 77 185 4 67 192 4 63 190 0 67 190 0 66 188 0 66 188 0 64 189 0 64 189 0 63 190 0 63 190 0 61 190 0 61 190 0 35 221 0 35 221 0 35 221 0 33 221 0 32 222 0 32 222 0 31 223 0 31 223 0 31 223 2 34 222 3 30 220 0 21 229 0 14 247 5 3 255 5 0 254 0 3 254 0 0 253 0 0 254 0 0 254 0 0 254 0 1 255 1 1 255 1 1 255 1 2 255 2 0 227 0 0 227 0 0 227 0 0 227 0 0 227 0 0 227 0 0 227 0 0 227 0 3 224 0 0 230 0 0 228 2 6 225 9 0 195 0 5 192 0 1 190 0 0 196 3 0 193 0 0 193 0 0 193 0 0 193 0 0 193 0 0 193 0 0 193 0 0 193 0 0 162 0 0 162 0 0 162 0 0 162 0 0 162 0 0 162 0 0 162 0 0 162 0 1 160 0 0 165 3 0 163 5 4 161 10 0 131 0 3 128 0 0 126 0 0 132 4 0 129 0 0 129 0 0 129 0 0 129 0 0 129 0 0 129 0 0 129 0 0 129 0 0 98 0 0 98 0 0 98 0 0 98 0 0 98 0 0 98 0 0 98 0 0 98 0 5 97 0 0 99 0 0 96 0 5 95 7 0 69 0 8 67 0 3 63 0 0 67 2 0 66 0 0 66 0 0 66 0 0 66 0 0 66 0 0 66 0 0 66 0 0 66 0 0 33 0 0 33 0 0 33 0 0 33 0 0 33 0 0 33 0 0 33 0 0 33 0 3 33 0 0 35 1 0 31 0 3 31 9 0 4 0 
7 3 2 1 0 2 0 1 4 6 2 3 3 1 2 0 2 1 0 1 0 0 2 1 3 1 2 10 1 4 12 1 5 225 46 14 217 34 3 218 31 0 224 33 4 225 32 1 222 32 0 223 35 0 219 32 0 221 32 2 225 31 3 220 30 0 211 38 0 204 57 5 194 66 5 188 63 0 193 63 1 191 63 0 191 63 0 191 63 0 191 63 0 191 63 0 191 63 0 191 63 0 191 63 0 163 94 0 161 95 0 161 95 0 160 96 0 160 96 0 159 96 0 159 96 0 157 97 0 159 96 0 225 30 0 225 30 0 225 30 0 225 30 0 225 30 0 225 30 0 225 30 0 225 30 0 223 32 3 229 31 4 224 29 0 213 37 0 205 55 4 194 64 4 190 62 0 195 61 0 195 61 0 194 62 0 194 62 0 192 62 0 192 62 0 191 63 0 191 63 0 189 64 0 162 93 0 160 94 0 160 94 0 159 94 0 159 94 0 158 95 0 158 95 0 156 96 0 159 94 0 163 94 1 158 92 0 148 101 0 141 120 3 132 128 3 126 125 0 131 126 0 131 126 0 131 126 0 130 126 0 130 126 0 128 127 0 127 128 0 127 128 0 127 128 0 100 157 0 100 157 0 98 158 0 98 158 0 97 159 0 97 159 0 95 159 0 95 159 0 96 160 3 100 160 4 96 158 0 86 165 0 77 185 4 67 192 4 63 190 0 67 190 0 66 188 0 66 188 0 64 189 0 64 189 0 63 190 0 63 190 0 61 190 0 61 190 0 35 221 0 35 221 0 35 221 0 33 221 0 32 222 0 32 222 0 31 223 0 31 223 0 31 223 2 34 222 3 30 220 0 21 229 0 14 247 5 3 255 5 0 254 0 3 254 0 0 253 0 0 254 0 0 254 0 0 254 0 1 255 1 1 255 1 1 255 1 2 255 2 0 227 0 0 227 0 0 227 0 0 227 0 0 227 0 0 227 0 0 227 0 0 227 0 3 224 0 0 230 0 0 228 2 6 225 9 0 195 0 5 192 0 1 190 0 0 196 3 0 193 0 0 193 0 0 193 0 0 193 0 0 193 0 0 193 0 0 193 0 0 193 0 0 162 0 0 162 0 0 162 0 0 162 0 0 162 0 0 162 0 0 162 0 0 162 0 1 160 0 0 165 3 0 163 5 4 161 10 0 131 0 3 128 0 0 126 0 0 132 4 0 129 0 0 129 0 0 129 0 0 129 0 0 129 0 0 129 0 0 129 0 0 129 0 0 98 0 0 98 0 0 98 0 0 98 0 0 98 0 0 98 0 0 98 0 0 98 0 5 97 0 0 99 0 0 96 0 5 95 7 0 69 0 8 67 0 3 63 0 0 67 2 0 66 0 0 66 0 0 66 0 0 66 0 0 66 0 0 66 0 0 66 0 0 66 0 0 33 0 0 33 0 0 33 0 0 33 0 0 33 0 0 33 0 0 33 0 0 33 0 3 33 0 0 35 1 0 31 0 3 31 9 0 4 0 7 3 2 1 0 2 0 1 4 6 2 3 3 1 2 0 2 1 0 1 0 0 2 1 3 1 2 10 1 4 12 1 5 225 46 14 217 34 3 218 31 0 224 33 4 225 32 1 222 32 0 223 35 0 219 32 0 221 32 2 225 31 3 220 30 0 211 38 0 204 57 5 194 66 5 188 63 0 193 63 1 191 63 0 191 63 0 191 63 0 191 63 0 
191 63 0 191 63 0 191 63 0 191 63 0 163 94 0 161 95 0 161 95 0 160 96 0 160 96 0 159 96 0 159 96 0 157 97 0 159 96 0 225 30 0 225 30 0 225 30 0 225 30 0 225 30 0 225 30 0 225 30 0 225 30 0 223 32 3 229 31 4 224 29 0 213 37 0 205 55 4 194 64 4 190 62 0 195 61 0 195 61 0 194 62 0 194 62 0 192 62 0 192 62 0 191 63 0 191 63 0 189 64 0 162 93 0 160 94 0 160 94 0 159 94 0 159 94 0 158 95 0 158 95 0 156 96 0 159 94 0 163 94 1 158 92 0 148 101 0 141 120 3 132 128 3 126 125 0 131 126 0 131 126 0 131 126 0 130 126 0 130 126 0 128 127 0 127 128 0 127 128 0 127 128 0 100 157 0 100 157 0 98 158 0 98 158 0 97 159 0 97 159 0 95 159 0 95 159 0 96 160 3 100 160 4 96 158 0 86 165 0 77 185 4 67 192 4 63 190 0 67 190 0 66 188 0 66 188 0 64 189 0 64 189 0 63 190 0 63 190 0 61 190 0 61 190 0 35 221 0 35 221 0 35 221 0 33 221 0 32 222 0 32 222 0 31 223 0 31 223 0 31 223 2 34 222 3 30 220 0 21 229 0 14 247 5 3 255 5 0 254 0 3 254 0 0 253 0 0 254 0 0 254 0 0 254 0 1 255 1 1 255 1 1 255 1 2 255 2 0 227 0 0 227 0 0 227 0 0 227 0 0 227 0 0 227 0 0 227 0 0 227 0 3 224 0 0 230 0 0 228 2 6 225 9 0 195 0 5 192 0 1 190 0 0 196 3 0 193 0 0 193 0 0 193 0 0 193 0 0 193 0 0 193 0 0 193 0 0 193 0 0 162 0 0 162 0 0 162 0 0 162 0 0 162 0 0 162 0 0 162 0 0 162 0 1 160 0 0 165 3 0 163 5 4 161 10 0 131 0 3 128 0 0 126 0 0 132 4 0 129 0 0 129 0 0 129 0 0 129 0 0 129 0 0 129 0 0 129 0 0 129 0 0 98 0 0 98 0 0 98 0 0 98 0 0 98 0 0 98 0 0 98 0 0 98 0 5 97 0 0 99 0 0 96 0 5 95 7 0 69 0 8 67 0 3 63 0 0 67 2 0 66 0 0 66 0 0 66 0 0 66 0 0 66 0 0 66 0 0 66 0 0 66 0 0 33 0 0 33 0 0 33 0 0 33 0 0 33 0 0 33 0 0 33 0 0 33 0 3 33 0 0 35 1 0 31 0 3 31 9 0 4 0 7 3 2 1 0 2 0 1 4 6 2 3 3 1 2 0 2 1 0 1 0 0 2 1 3 1 2 10 1 4 12 1 5 225 46 14 217 34 3 218 31 0 224 33 4 225 32 1 222 32 0 223 35 0 219 32 0 221 32 2 225 31 3 220 30 0 211 38 0 204 57 5 194 66 5 188 63 0 193 63 1 191 63 0 191 63 0 191 63 0 191 63 0 191 63 0 191 63 0 191 63 0 191 63 0 163 94 0 161 95 0 161 95 0 160 96 0 160 96 0 159 96 0 159 96 0 157 97 0 159 96 0 225 30 0 225 30 0 225 30 0 225 30 0 225 30 0 225 30 0 225 30 0 225 30 0 223 32 3 229 31 4 224 29 0 213 37 0 205 55 4 194 64 4 190 62 0 195 61 0 195 61 0 194 62 0 
194 62 0 192 62 0 192 62 0 191 63 0 191 63 0 189 64 0 162 93 0 160 94 0 160 94 0 159 94 0 159 94 0 158 95 0 158 95 0 156 96 0 159 94 0 163 94 1 158 92 0 148 101 0 141 120 3 132 128 3 126 125 0 131 126 0 131 126 0 131 126 0 130 126 0 130 126 0 128 127 0 127 128 0 127 128 0 127 128 0 100 157 0 100 157 0 98 158 0 98 158 0 97 159 0 97 159 0 95 159 0 95 159 0 96 160 3 100 160 4 96 158 0 86 165 0 77 185 4 67 192 4 63 190 0 67 190 0 66 188 0 66 188 0 64 189 0 64 189 0 63 190 0 63 190 0 61 190 0 61 190 0 35 221 0 35 221 0 35 221 0 33 221 0 32 222 0 32 222 0 31 223 0 31 223 0 31 223 2 34 222 3 30 220 0 21 229 0 14 247 5 3 255 5 0 254 0 3 254 0 0 253 0 0 254 0 0 254 0 0 254 0 1 255 1 1 255 1 1 255 1 2 255 2 0 227 0 0 227 0 0 227 0 0 227 0 0 227 0 0 227 0 0 227 0 0 227 0 3 224 0 0 230 0 0 228 2 6 225 9 0 195 0 5 192 0 1 190 0 0 196 3 0 193 0 0 193 0 0 193 0 0 193 0 0 193 0 0 193 0 0 193 0 0 193 0 0 162 0 0 162 0 0 162 0 0 162 0 0 162 0 0 162 0 0 162 0 0 162 0 1 160 0 0 165 3 0 163 5 4 161 10 0 131 0 3 128 0 0 126 0 0 132 4 0 129 0 0 129 0 0 129 0 0 129 0 0 129 0 0 129 0 0 129 0 0 129 0 0 98 0 0 98 0 0 98 0 0 98 0 0 98 0 0 98 0 0 98 0 0 98 0 5 97 0 0 99 0 0 96 0 5 95 7 0 69 0 8 67 0 3 63 0 0 67 2 0 66 0 0 66 0 0 66 0 0 66 0 0 66 0 0 66 0 0 66 0 0 66 0 0 33 0 0 33 0 0 33 0 0 33 0 0 33 0 0 33 0 0 33 0 0 33 0 3 33 0 0 35 1 0 31 0 3 31 9 0 4 0 7 3 2 1 0 2 0 1 4 6 2 3 3 1 2 0 2 1 0 1 0 0 2 1 3 1 2 10 1 4 12 1 5 225 46 14 217 34 3 218 31 0 224 33 4 225 32 1 222 32 0 223 35 0 219 32 0 221 32 2 225 31 3 220 30 0 211 38 0 204 57 5 194 66 5 188 63 0 193 63 1 191 63 0 191 63 0 191 63 0 191 63 0 191 63 0 191 63 0 191 63 0 191 63 0 163 94 0 161 95 0 161 95 0 160 96 0 160 96 0 159 96 0 159 96 0 157 97 0 159 96 0 225 30 0 225 30 0 225 30 0 225 30 0 225 30 0 225 30 0 225 30 0 225 30 0 223 32 3 229 31 4 224 29 0 213 37 0 205 55 4 194 64 4 190 62 0 195 61 0 195 61 0 194 62 0 194 62 0 192 62 0 192 62 0 191 63 0 191 63 0 189 64 0 162 93 0 160 94 0 160 94 0 159 94 0 159 94 0 158 95 0 158 95 0 156 96 0 159 94 0 163 94 1 158 92 0 148 101 0 141 120 3 132 128 3 126 125 0 131 126 0 131 126 0 131 126 0 130 126 0 130 126 0 128 127 0 127 128 0 127 128 0 127 128 0 100 157 0 
100 157 0 98 158 0 98 158 0 97 159 0 97 159 0 95 159 0 95 159 0 96 160 3 100 160 4 96 158 0 86 165 0 77 185 4 67 192 4 63 190 0 67 190 0 66 188 0 66 188 0 64 189 0 64 189 0 63 190 0 63 190 0 61 190 0 61 190 0 35 221 0 35 221 0 35 221 0 33 221 0 32 222 0 32 222 0 31 223 0 31 223 0 31 223 2 34 222 3 30 220 0 21 229 0 14 247 5 3 255 5 0 254 0 3 254 0 0 253 0 0 254 0 0 254 0 0 254 0 1 255 1 1 255 1 1 255 1 2 255 2 0 227 0 0 227 0 0 227 0 0 227 0 0 227 0 0 227 0 0 227 0 0 227 0 3 224 0 0 230 0 0 228 2 6 225 9 0 195 0 5 192 0 1 190 0 0 196 3 0 193 0 0 193 0 0 193 0 0 193 0 0 193 0 0 193 0 0 193 0 0 193 0 0 162 0 0 162 0 0 162 0 0 162 0 0 162 0 0 162 0 0 162 0 0 162 0 1 160 0 0 165 3 0 163 5 4 161 10 0 131 0 3 128 0 0 126 0 0 132 4 0 129 0 0 129 0 0 129 0 0 129 0 0 129 0 0 129 0 0 129 0 0 129 0 0 98 0 0 98 0 0 98 0 0 98 0 0 98 0 0 98 0 0 98 0 0 98 0 5 97 0 0 99 0 0 96 0 5 95 7 0 69 0 8 67 0 3 63 0 0 67 2 0 66 0 0 66 0 0 66 0 0 66 0 0 66 0 0 66 0 0 66 0 0 66 0 0 33 0 0 33 0 0 33 0 0 33 0 0 33 0 0 33 0 0 33 0 0 33 0 3 33 0 0 35 1 0 31 0 3 31 9 0 4 0 7 3 2 1 0 2 0 1 4 6 2 3 3 1 2 0 2 1 0 1 0 0 2 1 3 1 2 10 1 4 12 1 5 225 46 14 217 34 3 218 31 0 224 33 4 225 32 1 222 32 0 223 35 0 219 32 0 221 32 2 225 31 3 220 30 0 211 38 0 204 57 5 194 66 5 188 63 0 193 63 1 191 63 0 191 63 0 191 63 0 191 63 0 191 63 0 191 63 0 191 63 0 191 63 0 163 94 0 161 95 0 161 95 0 160 96 0 160 96 0 159 96 0 159 96 0 157 97 0 159 96 0 225 30 0 225 30 0 225 30 0 225 30 0 225 30 0 225 30 0 225 30 0 225 30 0 225 30 2 229 29 3 225 27 0 215 35 0 209 55 5 198 63 5 193 61 0 197 61 1 196 60 0 196 60 0 196 60 0 195 61 0 194 62 0 194 62 0 192 62 0 192 62 0 162 93 0 160 94 0 160 94 0 159 95 0 159 95 0 158 95 0 158 95 0 156 96 0 156 96 0 161 95 1 157 93 0 146 102 0 140 121 3 129 130 3 124 127 0 130 127 0 130 125 0 130 125 0 130 125 0 129 125 0 127 126 0 127 126 0 126 127 0 126 127 0 100 157 0 100 157 0 98 158 0 98 158 0 97 159 0 97 159 0 95 159 0 95 159 0 98 158 2 102 157 3 96 156 0 86 165 0 79 184 4 67 193 5 62 191 0 66 191 0 68 189 0 67 189 0 67 189 0 65 190 0 65 190 0 64 191 0 62 191 0 62 191 0 33 221 0 33 221 0 32 222 0 32 222 0 31 223 0 31 223 0 29 224 0 29 224 0 
29 223 2 33 223 3 29 221 0 19 229 0 11 249 5 2 255 5 0 255 0 1 255 0 0 254 0 0 254 0 0 254 0 0 254 0 0 254 0 0 254 0 0 254 0 0 254 0 0 227 0 0 227 0 0 227 0 0 227 0 0 227 0 0 227 0 0 227 0 0 227 0 0 225 0 0 230 2 0 230 5 3 226 11 0 196 0 2 194 0 0 192 0 0 197 5 0 191 0 0 191 0 0 191 0 0 191 0 0 191 0 0 191 0 0 191 0 0 191 0 0 161 0 0 161 0 0 161 0 0 161 0 0 161 0 0 161 0 0 161 0 0 161 0 2 158 0 1 163 2 0 163 5 7 160 10 0 130 0 6 127 0 2 127 1 1 131 5 0 128 0 0 128 0 0 128 0 0 128 0 0 128 0 0 128 0 0 128 0 0 128 0 0 96 0 0 96 0 0 96 0 0 96 0 0 96 0 0 96 0 0 96 0 0 96 0 4 95 0 0 98 0 0 95 1 4 94 7 0 67 0 7 66 2 2 62 2 0 65 4 2 64 1 2 64 1 2 64 1 2 64 1 2 64 1 2 64 1 2 64 1 2 64 1 0 32 1 0 32 1 0 32 1 0 32 1 0 32 1 0 32 1 0 32 1 0 32 1 7 28 13 0 33 0 11 21 0 8 33 1 3 0 0 0 9 7 20 0 0 5 7 0 0 4 7 0 4 7 0 6 7 0 7 7 0 5 7 2 3 7 6 1 7 9 0 7 219 45 10 218 39 6 221 34 3 223 29 1 225 30 2 225 31 3 222 31 2 219 32 1 224 34 2 228 33 3 224 31 0 212 39 0 205 58 4 195 65 3 191 63 0 195 63 0 191 63 0 191 63 0 191 63 0 191 63 0 191 63 0 191 63 0 191 63 0 191 63 0 160 96 0 160 96 0 160 96 0 160 96 0 160 96 0 160 96 0 160 96 0 160 96 0 159 96 0 225 30 0 225 30 0 225 30 0 225 30 0 225 30 0 225 30 0 225 30 0 225 30 0 225 30 2 229 29 3 225 27 0 215 35 0 207 55 5 198 63 5 193 61 0 197 61 1 196 60 0 196 60 0 195 61 0 195 61 0 194 62 0 192 62 0 192 62 0 192 62 0 162 93 0 160 94 0 160 94 0 159 95 0 159 95 0 158 95 0 158 95 0 156 96 0 156 96 0 161 95 1 157 93 0 146 102 0 140 121 3 129 130 3 124 127 0 130 127 0 130 125 0 130 125 0 129 125 0 129 125 0 127 126 0 126 127 0 126 127 0 126 127 0 100 157 0 100 157 0 98 158 0 98 158 0 97 159 0 97 159 0 95 159 0 95 159 0 98 158 2 102 157 3 96 156 0 86 165 0 77 185 4 67 193 5 62 191 0 66 191 0 67 189 0 67 189 0 67 189 0 65 190 0 64 191 0 64 191 0 62 191 0 62 191 0 33 221 0 33 221 0 32 222 0 32 222 0 31 223 0 31 223 0 29 224 0 29 224 0 29 223 2 33 223 3 29 221 0 19 229 0 11 249 5 2 255 5 0 255 0 1 255 0 0 254 0 0 254 0 0 254 0 0 254 0 0 254 0 0 254 0 0 254 0 0 254 0 0 227 0 0 227 0 0 227 0 0 227 0 0 227 0 0 227 0 0 227 0 0 227 0 0 225 0 0 230 2 0 229 4 5 226 11 0 196 0 3 193 0 0 192 0 
0 196 5 0 191 0 0 191 0 0 191 0 0 191 0 0 191 0 0 191 0 0 191 0 0 191 0 0 161 0 0 161 0 0 161 0 0 161 0 0 161 0 0 161 0 0 161 0 0 161 0 2 158 0 1 163 2 0 163 5 7 160 10 0 130 0 6 127 0 2 127 1 1 131 5 0 128 0 0 128 0 0 128 0 0 128 0 0 128 0 0 128 0 0 128 0 0 128 0 0 96 0 0 96 0 0 96 0 0 96 0 0 96 0 0 96 0 0 96 0 0 96 0 4 95 0 0 98 0 0 95 1 4 94 7 0 67 0 7 66 2 2 62 2 0 65 4 2 64 1 2 64 1 2 64 1 2 64 1 2 64 1 2 64 1 2 64 1 2 64 1 0 32 1 0 32 1 0 32 1 0 32 1 0 32 1 0 32 1 0 32 1 0 32 1 1 37 9 0 44 0 6 33 0 0 37 3 4 0 0 0 2 9 14 0 4 1 0 0 4 0 0 1 2 0 0 2 0 0 2 0 1 2 0 4 0 0 8 0 0 11 0 0 220 43 9 219 39 6 221 34 3 222 31 2 224 30 2 225 31 3 221 32 2 219 32 1 223 34 2 228 33 3 222 32 0 212 39 0 205 58 4 194 66 3 189 64 0 195 63 0 191 63 0 191 63 0 191 63 0 191 63 0 191 63 0 191 63 0 191 63 0 191 63 0 160 96 0 160 96 0 160 96 0 160 96 0 160 96 0 160 96 0 160 96 0 160 96 0 159 96 0 225 30 0 225 30 0 225 30 0 225 30 0 225 30 0 225 30 0 225 30 0 225 30 0 224 30 2 229 29 3 223 28 0 214 36 0 207 55 5 197 64 5 191 61 0 197 61 1 196 60 0 195 61 0 195 61 0 194 62 0 194 62 0 192 62 0 191 63 0 191 63 0 162 93 0 160 94 0 160 94 0 159 95 0 159 95 0 158 95 0 158 95 0 156 96 0 156 96 0 161 95 1 157 93 0 146 102 0 140 121 3 129 130 3 124 127 0 130 127 0 130 125 0 129 125 0 129 125 0 127 126 0 127 126 0 126 127 0 125 128 0 125 128 0 100 157 0 100 157 0 98 158 0 98 158 0 97 159 0 97 159 0 95 159 0 95 159 0 97 158 2 101 158 3 96 156 0 86 165 0 77 185 4 67 193 5 61 192 0 65 192 0 67 189 0 67 189 0 65 190 0 65 190 0 64 191 0 62 191 0 62 191 0 61 192 0 33 221 0 33 221 0 32 222 0 32 222 0 31 223 0 31 223 0 29 224 0 29 224 0 29 223 2 33 223 3 29 221 0 19 229 0 11 249 5 2 255 5 0 255 0 1 255 0 0 254 0 0 254 0 0 254 0 0 254 0 0 254 0 0 254 0 0 254 0 0 254 0 0 226 0 0 226 0 0 226 0 0 226 0 0 226 0 0 226 0 0 226 0 0 226 0 1 224 0 0 230 2 0 228 4 5 226 11 0 195 0 2 192 0 0 191 0 0 196 5 0 191 0 0 191 0 0 191 0 0 191 0 0 191 0 0 191 0 0 191 0 0 191 0 0 161 0 0 161 0 0 161 0 0 161 0 0 161 0 0 161 0 0 161 0 0 161 0 2 158 0 1 163 2 0 163 5 7 160 10 0 130 0 6 127 0 2 127 1 1 131 5 0 128 0 0 128 0 0 128 0 0 128 0 0 128 0 0 128 0 
0 128 0 0 128 0 0 96 0 0 96 0 0 96 0 0 96 0 0 96 0 0 96 0 0 96 0 0 96 0 4 95 0 0 98 0 0 95 1 4 94 7 0 67 0 7 66 2 2 62 2 0 65 4 2 64 1 2 64 1 2 64 1 2 64 1 2 64 1 2 64 1 2 64 1 2 64 1 0 32 1 0 32 1 0 32 1 0 32 1 0 32 1 0 32 1 0 32 1 0 32 1 0 30 0 0 37 0 0 32 0 0 33 0 16 0 0 6 0 7 17 0 8 11 5 7 2 3 5 0 4 5 0 5 5 0 5 5 0 5 5 2 3 5 4 2 5 6 1 5 221 41 6 221 38 4 221 34 1 222 32 0 223 33 1 223 33 1 221 32 0 219 32 0 223 34 2 227 34 3 222 32 0 212 39 0 204 59 4 194 66 3 189 64 0 193 64 0 189 64 0 189 64 0 189 64 0 189 64 0 189 64 0 189 64 0 189 64 0 189 64 0 160 96 0 160 96 0 160 96 0 160 96 0 160 96 0 160 96 0 160 96 0 160 96 0 157 97 0 224 31 0 224 31 0 224 31 0 224 31 0 224 31 0 224 31 0 224 31 0 224 31 0 224 30 2 228 30 3 223 28 0 213 37 0 206 56 5 197 64 5 191 61 0 196 62 1 195 61 0 195 61 0 194 62 0 194 62 0 192 62 0 191 63 0 191 63 0 191 63 0 162 93 0 160 94 0 160 94 0 159 95 0 159 95 0 158 95 0 158 95 0 156 96 0 156 96 0 161 95 1 157 93 0 146 102 0 140 121 3 129 130 3 124 127 0 130 127 0 129 125 0 129 125 0 127 126 0 127 126 0 126 127 0 125 128 0 125 128 0 125 128 0 100 157 0 100 157 0 98 158 0 98 158 0 97 159 0 97 159 0 95 159 0 95 159 0 97 158 2 101 158 3 95 157 0 84 166 0 76 185 4 65 194 5 59 193 0 63 193 0 65 190 0 65 190 0 65 190 0 64 191 0 62 191 0 62 191 0 61 192 0 61 192 0 33 221 0 33 221 0 32 222 0 32 222 0 31 223 0 31 223 0 29 224 0 29 224 0 29 223 2 33 223 3 29 221 0 19 229 0 11 249 5 2 255 5 0 255 0 1 255 0 0 254 0 0 254 0 0 254 0 0 254 0 0 254 0 0 254 0 0 254 0 0 254 0 0 225 0 0 225 0 0 225 0 0 225 0 0 225 0 0 225 0 0 225 0 0 225 0 1 224 0 0 228 1 0 227 4 5 224 10 0 193 0 4 191 0 0 190 0 0 195 4 0 191 0 0 191 0 0 191 0 0 191 0 0 191 0 0 191 0 0 191 0 0 191 0 0 161 0 0 161 0 0 161 0 0 161 0 0 161 0 0 161 0 0 161 0 0 161 0 2 158 0 1 163 2 0 163 5 7 160 10 0 130 0 6 127 0 2 127 1 1 131 5 0 128 0 0 128 0 0 128 0 0 128 0 0 128 0 0 128 0 0 128 0 0 128 0 0 96 0 0 96 0 0 96 0 0 96 0 0 96 0 0 96 0 0 96 0 0 96 0 4 95 0 0 98 0 0 95 1 4 94 7 0 67 0 7 66 2 2 62 2 0 65 4 2 64 1 2 64 1 2 64 1 2 64 1 2 64 1 2 64 1 2 64 1 2 64 1 0 32 1 0 32 1 0 32 1 0 32 1 0 32 1 
0 32 1 0 32 1 0 32 1 18 34 7 10 37 4 0 35 0 0 33 0 38 6 0 13 4 0 3 2 0 0 7 0 29 1 0 29 1 0 29 1 0 29 1 0 29 1 0 30 1 0 30 1 0 31 0 0 222 38 4 221 37 3 222 35 2 222 33 1 222 33 1 222 33 1 222 33 1 220 33 0 222 35 2 225 35 3 221 33 0 211 40 0 204 59 4 192 67 3 188 65 0 192 65 0 189 64 0 189 64 0 189 64 0 189 64 0 189 64 0 189 64 0 189 64 0 189 64 0 159 96 0 159 96 0 159 96 0 159 96 0 159 96 0 159 96 0 159 96 0 159 96 0 157 97 0 222 32 0 222 32 0 222 32 0 222 32 0 222 32 0 222 32 0 222 32 0 222 32 0 222 31 2 226 31 3 222 29 0 213 37 0 206 56 5 195 65 5 190 62 0 195 63 1 194 62 0 194 62 0 194 62 0 192 62 0 191 63 0 191 63 0 189 64 0 189 64 0 162 93 0 160 94 0 160 94 0 159 95 0 159 95 0 158 95 0 158 95 0 156 96 0 156 96 0 161 95 1 157 93 0 146 102 0 140 121 3 129 130 3 124 127 0 130 127 0 127 126 0 127 126 0 127 126 0 126 127 0 125 128 0 125 128 0 123 128 0 123 128 0 100 157 0 100 157 0 98 158 0 98 158 0 97 159 0 97 159 0 95 159 0 95 159 0 95 159 2 99 159 3 93 157 0 83 166 0 75 186 4 64 195 5 59 193 0 63 193 0 65 190 0 64 191 0 64 191 0 62 191 0 62 191 0 61 192 0 59 193 0 59 193 0 33 221 0 33 221 0 32 222 0 32 222 0 31 223 0 31 223 0 29 224 0 29 224 0 29 223 2 33 223 3 29 221 0 19 229 0 11 249 5 2 255 5 0 255 0 1 255 0 0 254 0 0 254 0 0 254 0 0 254 0 0 254 0 0 254 0 0 254 0 0 254 0 1 223 0 1 223 0 1 223 0 1 223 0 1 223 0 1 223 0 1 223 0 1 223 0 2 223 0 1 228 1 0 226 3 5 224 10 0 193 0 3 190 0 0 189 0 0 194 4 0 191 0 0 191 0 0 191 0 0 191 0 0 191 0 0 191 0 0 191 0 0 191 0 0 161 0 0 161 0 0 161 0 0 161 0 0 161 0 0 161 0 0 161 0 0 161 0 2 158 0 1 163 2 0 163 5 7 160 10 0 130 0 6 127 0 2 127 1 1 131 5 0 128 0 0 128 0 0 128 0 0 128 0 0 128 0 0 128 0 0 128 0 0 128 0 0 96 0 0 96 0 0 96 0 0 96 0 0 96 0 0 96 0 0 96 0 0 96 0 4 95 0 0 98 0 0 95 1 4 94 7 0 67 0 7 66 2 2 62 2 0 65 4 2 64 1 2 64 1 2 64 1 2 64 1 2 64 1 2 64 1 2 64 1 2 64 1 0 32 1 0 32 1 0 32 1 0 32 1 0 32 1 0 32 1 0 32 1 0 32 1 0 31 0 0 27 1 13 29 2 46 26 0 224 16 38 255 13 35 255 14 36 255 16 36 250 16 19 250 16 19 251 15 19 251 15 19 251 15 19 250 16 19 249 16 19 249 16 19 222 34 0 223 35 0 222 35 0 222 35 0 222 35 0 221 34 0 221 34 0 221 34 0 222 35 2 225 35 3 221 33 0 209 41 0 
203 60 4 192 67 3 188 65 0 192 65 0 188 65 0 188 65 0 188 65 0 188 65 0 188 65 0 188 65 0 188 65 0 188 65 0 157 97 0 157 97 0 157 97 0 157 97 0 157 97 0 157 97 0 157 97 0 157 97 0 156 98 0 222 32 0 222 32 0 222 32 0 222 32 0 222 32 0 222 32 0 222 32 0 222 32 0 221 32 2 226 31 3 222 29 0 211 38 0 204 57 5 195 65 5 188 63 0 195 63 1 194 62 0 194 62 0 192 62 0 191 63 0 191 63 0 189 64 0 189 64 0 188 64 0 162 93 0 160 94 0 160 94 0 159 95 0 159 95 0 158 95 0 158 95 0 156 96 0 156 96 0 161 95 1 157 93 0 146 102 0 140 121 3 129 130 3 124 127 0 130 127 0 127 126 0 127 126 0 126 127 0 125 128 0 125 128 0 123 128 0 123 128 0 122 129 0 100 157 0 100 157 0 98 158 0 98 158 0 97 159 0 97 159 0 95 159 0 95 159 0 94 160 2 98 159 3 93 157 0 83 166 0 75 186 4 64 195 5 58 194 0 62 194 0 64 191 0 64 191 0 62 191 0 62 191 0 61 192 0 59 193 0 59 193 0 59 193 0 33 221 0 33 221 0 32 222 0 32 222 0 31 223 0 31 223 0 29 224 0 29 224 0 29 223 2 33 223 3 29 221 0 19 229 0 11 249 5 2 255 5 0 255 0 1 255 0 0 254 0 0 254 0 0 254 0 0 254 0 0 254 0 0 254 0 0 254 0 0 254 0 1 223 0 1 223 0 1 223 0 1 223 0 1 223 0 1 223 0 1 223 0 1 223 0 2 221 0 0 227 0 0 226 3 5 222 9 0 192 0 4 189 0 1 187 0 0 194 4 0 191 0 0 191 0 0 191 0 0 191 0 0 191 0 0 191 0 0 191 0 0 191 0 0 161 0 0 161 0 0 161 0 0 161 0 0 161 0 0 161 0 0 161 0 0 161 0 2 158 0 1 163 2 0 163 5 7 160 10 0 130 0 6 127 0 2 127 1 1 131 5 0 128 0 0 128 0 0 128 0 0 128 0 0 128 0 0 128 0 0 128 0 0 128 0 0 96 0 0 96 0 0 96 0 0 96 0 0 96 0 0 96 0 0 96 0 0 96 0 4 95 0 0 98 0 0 95 1 4 94 7 0 67 0 7 66 2 2 62 2 0 65 4 2 64 1 2 64 1 2 64 1 2 64 1 2 64 1 2 64 1 2 64 1 2 64 1 0 32 1 0 32 1 0 32 1 0 32 1 0 32 1 0 32 1 0 32 1 0 32 1 4 36 12 19 27 12 11 31 4 29 21 0 238 19 25 255 8 3 247 9 0 255 0 0 255 1 0 255 1 0 255 1 0 255 1 0 255 1 0 255 1 0 255 1 0 255 2 0 225 31 0 223 33 0 224 36 0 221 37 0 219 37 0 219 35 0 219 35 0 221 35 0 220 36 2 224 35 3 220 33 0 209 41 0 201 60 4 191 67 3 187 65 0 190 65 0 188 65 0 188 65 0 188 65 0 188 65 0 188 65 0 188 65 0 188 65 0 188 65 0 157 97 0 157 97 0 157 97 0 157 97 0 157 97 0 157 97 0 157 97 0 157 97 0 156 98 0 221 32 0 221 32 0 221 32 0 221 32 0 221 32 0 221 32 0 221 32 0 221 32 0 221 32 2 225 31 3 
220 30 0 211 38 0 203 58 5 194 66 5 188 63 0 193 63 1 192 62 0 192 62 0 192 62 0 191 63 0 189 64 0 189 64 0 188 64 0 188 64 0 162 93 0 160 94 0 160 94 0 159 95 0 159 95 0 158 95 0 158 95 0 156 96 0 156 96 0 161 95 1 157 93 0 146 102 0 140 121 3 129 130 3 124 127 0 130 127 0 126 127 0 126 127 0 126 127 0 125 128 0 123 128 0 123 128 0 122 129 0 122 129 0 100 157 0 100 157 0 98 158 0 98 158 0 97 159 0 97 159 0 95 159 0 95 159 0 94 160 2 98 159 3 92 158 0 81 167 0 73 187 4 62 196 5 58 194 0 62 194 0 64 191 0 62 191 0 62 191 0 61 192 0 59 193 0 59 193 0 58 194 0 58 194 0 33 221 0 33 221 0 32 222 0 32 222 0 31 223 0 31 223 0 29 224 0 29 224 0 29 223 2 33 223 3 29 221 0 19 229 0 11 249 5 2 255 5 0 255 0 1 255 0 0 254 0 0 254 0 0 254 0 0 254 0 0 254 0 0 254 0 0 254 0 0 254 0 1 222 0 1 222 0 1 222 0 1 222 0 1 222 0 1 222 0 1 222 0 1 222 0 2 221 0 1 226 0 0 225 2 7 221 9 0 192 0 5 189 0 1 187 0 0 192 3 0 191 0 0 191 0 0 191 0 0 191 0 0 191 0 0 191 0 0 191 0 0 191 0 0 161 0 0 161 0 0 161 0 0 161 0 0 161 0 0 161 0 0 161 0 0 161 0 2 158 0 1 163 2 0 163 5 7 160 10 0 130 0 6 127 0 2 127 1 1 131 5 0 128 0 0 128 0 0 128 0 0 128 0 0 128 0 0 128 0 0 128 0 0 128 0 0 96 0 0 96 0 0 96 0 0 96 0 0 96 0 0 96 0 0 96 0 0 96 0 4 95 0 0 98 0 0 95 1 4 94 7 0 67 0 7 66 2 2 62 2 0 65 4 2 64 1 2 64 1 2 64 1 2 64 1 2 64 1 2 64 1 2 64 1 2 64 1 0 32 1 0 32 1 0 32 1 0 32 1 0 32 1 0 32 1 0 32 1 0 32 1 0 27 0 16 19 2 0 28 0 13 14 0 251 17 26 255 3 0 245 7 0 255 1 0 247 0 8 249 0 8 252 0 8 252 0 8 250 0 8 247 0 8 243 2 8 240 4 8 225 28 0 226 32 0 224 36 0 221 39 0 217 38 0 218 36 0 219 35 0 222 36 0 219 36 2 224 35 3 220 33 0 208 41 0 201 60 4 191 67 3 185 66 0 190 65 0 187 65 0 187 65 0 187 65 0 187 65 0 187 65 0 187 65 0 187 65 0 187 65 0 156 98 0 156 98 0 156 98 0 156 98 0 156 98 0 156 98 0 156 98 0 156 98 0 154 99 0 221 32 0 221 32 0 221 32 0 221 32 0 221 32 0 221 32 0 221 32 0 221 32 0 221 32 2 225 31 3 220 30 0 210 38 0 203 58 5 194 66 5 188 63 0 193 63 1 192 62 0 192 62 0 191 63 0 191 63 0 189 64 0 188 64 0 188 64 0 188 64 0 162 93 0 160 94 0 160 94 0 159 95 0 159 95 0 158 95 0 158 95 0 156 96 0 156 96 0 161 95 1 157 93 0 146 102 0 140 121 3 129 130 3 124 127 0 130 127 0 126 127 0 
126 127 0 125 128 0 125 128 0 123 128 0 122 129 0 122 129 0 122 129 0 100 157 0 100 157 0 98 158 0 98 158 0 97 159 0 97 159 0 95 159 0 95 159 0 94 160 2 98 159 3 92 158 0 81 167 0 73 187 4 62 196 5 57 194 0 60 194 0 62 191 0 62 191 0 62 191 0 61 192 0 59 193 0 59 193 0 58 194 0 58 194 0 33 221 0 33 221 0 32 222 0 32 222 0 31 223 0 31 223 0 29 224 0 29 224 0 29 223 2 33 223 3 29 221 0 19 229 0 11 249 5 2 255 5 0 255 0 1 255 0 0 254 0 0 254 0 0 254 0 0 254 0 0 254 0 0 254 0 0 254 0 0 254 0 1 222 0 1 222 0 1 222 0 1 222 0 1 222 0 1 222 0 1 222 0 1 222 0 4 220 0 1 226 0 0 224 2 7 221 9 0 191 0 4 188 0 1 187 0 0 192 3 0 191 0 0 191 0 0 191 0 0 191 0 0 191 0 0 191 0 0 191 0 0 191 0 0 161 0 0 161 0 0 161 0 0 161 0 0 161 0 0 161 0 0 161 0 0 161 0 2 158 0 1 163 2 0 163 5 7 160 10 0 130 0 6 127 0 2 127 1 1 131 5 0 128 0 0 128 0 0 128 0 0 128 0 0 128 0 0 128 0 0 128 0 0 128 0 0 96 0 0 96 0 0 96 0 0 96 0 0 96 0 0 96 0 0 96 0 0 96 0 4 95 0 0 98 0 0 95 1 4 94 7 0 67 0 7 66 2 2 62 2 0 65 4 2 64 1 2 64 1 2 64 1 2 64 1 2 64 1 2 64 1 2 64 1 2 64 1 0 32 1 0 32 1 0 32 1 0 32 1 0 32 1 0 32 1 0 32 1 0 32 1 0 34 0 13 27 2 0 38 5 3 18 0 254 18 32 254 0 1 241 3 1 255 0 13 253 5 0 255 3 0 255 3 0 255 3 0 255 3 0 253 5 0 248 8 0 245 9 0 225 26 0 225 31 0 225 37 0 221 39 0 217 38 0 216 37 0 219 35 0 222 36 0 219 36 2 223 36 3 218 34 0 208 41 0 201 60 4 190 68 3 185 66 0 189 66 0 187 65 0 187 65 0 187 65 0 187 65 0 187 65 0 187 65 0 187 65 0 187 65 0 156 98 0 156 98 0 156 98 0 156 98 0 156 98 0 156 98 0 156 98 0 156 98 0 154 99 0 221 32 0 221 32 0 221 32 0 221 32 0 221 32 0 221 32 0 221 32 0 221 32 0 221 32 2 225 31 3 220 30 0 211 38 0 204 57 5 194 66 5 188 63 0 193 63 1 191 63 0 191 63 0 191 63 0 191 63 0 191 63 0 191 63 0 191 63 0 191 63 0 163 94 0 161 95 0 161 95 0 160 96 0 160 96 0 159 96 0 159 96 0 157 97 0 158 98 2 163 97 3 159 95 0 147 103 0 141 122 4 129 130 3 125 128 0 130 127 0 129 125 0 127 126 0 127 126 0 126 127 0 126 127 0 125 128 0 125 128 0 123 128 0 95 159 0 95 159 0 95 159 0 95 159 0 95 159 0 95 159 0 95 159 0 95 159 0 94 160 2 98 159 3 92 158 0 81 167 0 75 186 4 64 195 5 58 194 0 62 194 0 64 191 0 62 191 0 62 191 0 61 192 0 61 192 0 59 193 0 59 193 0 58 194 0 
35 223 2 35 223 2 34 224 2 34 224 2 33 225 2 33 225 2 31 226 2 31 226 2 31 225 4 35 225 5 31 223 0 21 231 0 12 250 6 2 255 5 0 255 0 1 255 0 2 255 2 2 255 2 2 255 2 2 255 2 2 255 2 2 255 2 2 255 2 2 255 2 0 224 0 0 224 0 0 224 0 0 224 0 0 224 0 0 224 0 0 224 0 0 224 0 2 221 0 0 227 0 0 225 2 5 222 9 0 192 0 4 189 0 1 187 0 0 193 3 0 191 0 0 191 0 0 191 0 0 191 0 0 191 0 0 191 0 0 191 0 0 191 0 0 161 0 0 161 0 0 161 0 0 161 0 0 161 0 0 161 0 0 161 0 0 161 0 2 158 0 1 163 2 0 162 4 6 159 9 0 129 0 4 125 0 0 125 0 0 129 3 1 127 2 1 127 2 1 127 2 1 127 2 1 127 2 1 127 2 1 127 2 1 127 2 0 96 0 0 96 0 0 96 0 0 96 0 0 96 0 0 96 0 0 96 0 0 96 0 5 95 0 0 97 0 0 94 1 5 93 7 0 67 0 9 65 2 3 61 2 0 65 4 1 63 0 1 63 0 1 63 0 1 63 0 1 63 0 1 63 0 1 63 0 1 63 0 0 31 0 0 31 0 0 31 0 0 31 0 0 31 0 0 31 0 0 31 0 0 31 0 4 29 0 0 28 11 2 35 0 30 11 0 239 25 17 254 0 11 255 1 0 246 7 4 252 3 1 252 3 1 252 3 1 252 3 1 252 3 1 252 3 1 252 3 1 252 3 1 221 34 0 221 34 0 221 34 0 221 34 0 221 34 0 221 34 0 221 34 0 221 34 0 220 36 2 224 35 3 220 33 0 208 41 0 201 60 4 191 67 3 187 65 0 190 65 0 190 65 0 190 65 0 189 66 0 189 66 0 188 66 0 186 67 0 186 67 0 186 67 0 156 98 0 156 98 0 156 98 0 156 98 0 156 98 0 156 98 0 156 98 0 156 98 0 156 98 0 221 32 0 221 32 0 221 32 0 221 32 0 221 32 0 221 32 0 221 32 0 221 32 0 221 32 2 225 31 3 220 30 0 211 38 0 204 57 5 194 66 5 188 63 0 193 63 1 191 63 0 191 63 0 191 63 0 191 63 0 191 63 0 191 63 0 191 63 0 191 63 0 163 94 0 161 95 0 161 95 0 160 96 0 160 96 0 159 96 0 159 96 0 157 97 0 158 98 2 163 97 3 159 95 0 147 103 0 141 122 4 129 130 3 125 128 0 130 127 0 129 125 0 127 126 0 127 126 0 126 127 0 126 127 0 125 128 0 125 128 0 123 128 0 95 159 0 95 159 0 95 159 0 95 159 0 95 159 0 95 159 0 95 159 0 95 159 0 94 160 2 98 159 3 92 158 0 81 167 0 75 186 4 64 195 5 58 194 0 62 194 0 64 191 0 62 191 0 62 191 0 61 192 0 61 192 0 59 193 0 59 193 0 58 194 0 35 223 2 35 223 2 34 224 2 34 224 2 33 225 2 33 225 2 31 226 2 31 226 2 31 225 4 35 225 5 31 223 0 21 231 0 12 250 6 2 255 5 0 255 0 1 255 0 2 255 2 2 255 2 2 255 2 2 255 2 2 255 2 2 255 2 2 255 2 2 255 2 0 224 0 0 224 0 0 224 0 0 224 0 0 224 0 0 224 0 0 224 0 
0 224 0 2 221 0 0 227 0 0 225 2 5 222 9 0 192 0 4 189 0 1 187 0 0 193 3 0 191 0 0 191 0 0 191 0 0 191 0 0 191 0 0 191 0 0 191 0 0 191 0 0 161 0 0 161 0 0 161 0 0 161 0 0 161 0 0 161 0 0 161 0 0 161 0 2 158 0 1 163 2 0 162 4 6 159 9 0 129 0 4 125 0 0 125 0 0 129 3 1 127 2 1 127 2 1 127 2 1 127 2 1 127 2 1 127 2 1 127 2 1 127 2 0 96 0 0 96 0 0 96 0 0 96 0 0 96 0 0 96 0 0 96 0 0 96 0 5 95 0 0 97 0 0 94 1 5 93 7 0 67 0 9 65 2 3 61 2 0 65 4 1 63 0 1 63 0 1 63 0 1 63 0 1 63 0 1 63 0 1 63 0 1 63 0 0 31 0 0 31 0 0 31 0 0 31 0 0 31 0 0 31 0 0 31 0 0 31 0 4 29 0 0 28 11 2 35 0 30 11 0 239 25 17 254 0 11 255 1 0 246 7 4 252 3 1 252 3 1 252 3 1 252 3 1 252 3 1 252 3 1 252 3 1 252 3 1 221 34 0 221 34 0 221 34 0 221 34 0 221 34 0 221 34 0 221 34 0 221 34 0 220 36 2 224 35 3 220 33 0 208 41 0 201 60 4 191 67 3 187 65 0 190 65 0 190 65 0 190 65 0 189 66 0 189 66 0 188 66 0 186 67 0 186 67 0 186 67 0 156 98 0 156 98 0 156 98 0 156 98 0 156 98 0 156 98 0 156 98 0 156 98 0 156 98 0 221 32 0 221 32 0 221 32 0 221 32 0 221 32 0 221 32 0 221 32 0 221 32 0 221 32 2 225 31 3 220 30 0 211 38 0 204 57 5 194 66 5 188 63 0 193 63 1 191 63 0 191 63 0 191 63 0 191 63 0 191 63 0 191 63 0 191 63 0 191 63 0 163 94 0 161 95 0 161 95 0 160 96 0 160 96 0 159 96 0 159 96 0 157 97 0 158 98 2 163 97 3 159 95 0 147 103 0 141 122 4 129 130 3 125 128 0 130 127 0 129 125 0 127 126 0 127 126 0 126 127 0 126 127 0 125 128 0 125 128 0 123 128 0 95 159 0 95 159 0 95 159 0 95 159 0 95 159 0 95 159 0 95 159 0 95 159 0 94 160 2 98 159 3 92 158 0 81 167 0 75 186 4 64 195 5 58 194 0 62 194 0 64 191 0 62 191 0 62 191 0 61 192 0 61 192 0 59 193 0 59 193 0 58 194 0 35 223 2 35 223 2 34 224 2 34 224 2 33 225 2 33 225 2 31 226 2 31 226 2 31 225 4 35 225 5 31 223 0 21 231 0 12 250 6 2 255 5 0 255 0 1 255 0 2 255 2 2 255 2 2 255 2 2 255 2 2 255 2 2 255 2 2 255 2 2 255 2 0 224 0 0 224 0 0 224 0 0 224 0 0 224 0 0 224 0 0 224 0 0 224 0 2 221 0 0 227 0 0 225 2 5 222 9 0 192 0 4 189 0 1 187 0 0 193 3 0 191 0 0 191 0 0 191 0 0 191 0 0 191 0 0 191 0 0 191 0 0 191 0 0 161 0 0 161 0 0 161 0 0 161 0 0 161 0 0 161 0 0 161 0 0 161 0 2 158 0 1 163 2 0 162 4 6 159 9 0 129 0 4 125 0 
0 125 0 0 129 3 1 127 2 1 127 2 1 127 2 1 127 2 1 127 2 1 127 2 1 127 2 1 127 2 0 96 0 0 96 0 0 96 0 0 96 0 0 96 0 0 96 0 0 96 0 0 96 0 5 95 0 0 97 0 0 94 1 5 93 7 0 67 0 9 65 2 3 61 2 0 65 4 1 63 0 1 63 0 1 63 0 1 63 0 1 63 0 1 63 0 1 63 0 1 63 0 0 31 0 0 31 0 0 31 0 0 31 0 0 31 0 0 31 0 0 31 0 0 31 0 4 29 0 0 28 11 2 35 0 30 11 0 239 25 17 254 0 11 255 1 0 246 7 4 252 3 1 252 3 1 252 3 1 252 3 1 252 3 1 252 3 1 252 3 1 252 3 1 221 34 0 221 34 0 221 34 0 221 34 0 221 34 0 221 34 0 221 34 0 221 34 0 220 36 2 224 35 3 220 33 0 208 41 0 201 60 4 191 67 3 187 65 0 190 65 0 190 65 0 190 65 0 189 66 0 189 66 0 188 66 0 186 67 0 186 67 0 186 67 0 156 98 0 156 98 0 156 98 0 156 98 0 156 98 0 156 98 0 156 98 0 156 98 0 156 98 0 221 32 0 221 32 0 221 32 0 221 32 0 221 32 0 221 32 0 221 32 0 221 32 0 221 32 2 225 31 3 220 30 0 211 38 0 204 57 5 194 66 5 188 63 0 193 63 1 191 63 0 191 63 0 191 63 0 191 63 0 191 63 0 191 63 0 191 63 0 191 63 0 163 94 0 161 95 0 161 95 0 160 96 0 160 96 0 159 96 0 159 96 0 157 97 0 158 98 2 163 97 3 159 95 0 147 103 0 141 122 4 129 130 3 125 128 0 130 127 0 129 125 0 127 126 0 127 126 0 126 127 0 126 127 0 125 128 0 125 128 0 123 128 0 95 159 0 95 159 0 95 159 0 95 159 0 95 159 0 95 159 0 95 159 0 95 159 0 94 160 2 98 159 3 92 158 0 81 167 0 75 186 4 64 195 5 58 194 0 62 194 0 64 191 0 62 191 0 62 191 0 61 192 0 61 192 0 59 193 0 59 193 0 58 194 0 35 223 2 35 223 2 34 224 2 34 224 2 33 225 2 33 225 2 31 226 2 31 226 2 31 225 4 35 225 5 31 223 0 21 231 0 12 250 6 2 255 5 0 255 0 1 255 0 2 255 2 2 255 2 2 255 2 2 255 2 2 255 2 2 255 2 2 255 2 2 255 2 0 224 0 0 224 0 0 224 0 0 224 0 0 224 0 0 224 0 0 224 0 0 224 0 2 221 0 0 227 0 0 225 2 5 222 9 0 192 0 4 189 0 1 187 0 0 193 3 0 191 0 0 191 0 0 191 0 0 191 0 0 191 0 0 191 0 0 191 0 0 191 0 0 161 0 0 161 0 0 161 0 0 161 0 0 161 0 0 161 0 0 161 0 0 161 0 2 158 0 1 163 2 0 162 4 6 159 9 0 129 0 4 125 0 0 125 0 0 129 3 1 127 2 1 127 2 1 127 2 1 127 2 1 127 2 1 127 2 1 127 2 1 127 2 0 96 0 0 96 0 0 96 0 0 96 0 0 96 0 0 96 0 0 96 0 0 96 0 5 95 0 0 97 0 0 94 1 5 93 7 0 67 0 9 65 2 3 61 2 0 65 4 1 63 0 1 63 0 1 63 0 1 63 0 1 63 0 
1 63 0 1 63 0 1 63 0 0 31 0 0 31 0 0 31 0 0 31 0 0 31 0 0 31 0 0 31 0 0 31 0 4 29 0 0 28 11 2 35 0 30 11 0 239 25 17 254 0 11 255 1 0 246 7 4 252 3 1 252 3 1 252 3 1 252 3 1 252 3 1 252 3 1 252 3 1 252 3 1 221 34 0 221 34 0 221 34 0 221 34 0 221 34 0 221 34 0 221 34 0 221 34 0 220 36 2 224 35 3 220 33 0 208 41 0 201 60 4 191 67 3 187 65 0 190 65 0 190 65 0 190 65 0 189 66 0 189 66 0 188 66 0 186 67 0 186 67 0 186 67 0 156 98 0 156 98 0 156 98 0 156 98 0 156 98 0 156 98 0 156 98 0 156 98 0 156 98 0 221 32 0 221 32 0 221 32 0 221 32 0 221 32 0 221 32 0 221 32 0 221 32 0 221 32 2 225 31 3 220 30 0 211 38 0 204 57 5 194 66 5 188 63 0 193 63 1 191 63 0 191 63 0 191 63 0 191 63 0 191 63 0 191 63 0 191 63 0 191 63 0 163 94 0 161 95 0 161 95 0 160 96 0 160 96 0 159 96 0 159 96 0 157 97 0 158 98 2 163 97 3 159 95 0 147 103 0 141 122 4 129 130 3 125 128 0 130 127 0 129 125 0 127 126 0 127 126 0 126 127 0 126 127 0 125 128 0 125 128 0 123 128 0 95 159 0 95 159 0 95 159 0 95 159 0 95 159 0 95 159 0 95 159 0 95 159 0 94 160 2 98 159 3 92 158 0 81 167 0 75 186 4 64 195 5 58 194 0 62 194 0 64 191 0 62 191 0 62 191 0 61 192 0 61 192 0 59 193 0 59 193 0 58 194 0 35 223 2 35 223 2 34 224 2 34 224 2 33 225 2 33 225 2 31 226 2 31 226 2 31 225 4 35 225 5 31 223 0 21 231 0 12 250 6 2 255 5 0 255 0 1 255 0 2 255 2 2 255 2 2 255 2 2 255 2 2 255 2 2 255 2 2 255 2 2 255 2 0 224 0 0 224 0 0 224 0 0 224 0 0 224 0 0 224 0 0 224 0 0 224 0 2 221 0 0 227 0 0 225 2 5 222 9 0 192 0 4 189 0 1 187 0 0 193 3 0 191 0 0 191 0 0 191 0 0 191 0 0 191 0 0 191 0 0 191 0 0 191 0 0 161 0 0 161 0 0 161 0 0 161 0 0 161 0 0 161 0 0 161 0 0 161 0 2 158 0 1 163 2 0 162 4 6 159 9 0 129 0 4 125 0 0 125 0 0 129 3 1 127 2 1 127 2 1 127 2 1 127 2 1 127 2 1 127 2 1 127 2 1 127 2 0 96 0 0 96 0 0 96 0 0 96 0 0 96 0 0 96 0 0 96 0 0 96 0 5 95 0 0 97 0 0 94 1 5 93 7 0 67 0 9 65 2 3 61 2 0 65 4 1 63 0 1 63 0 1 63 0 1 63 0 1 63 0 1 63 0 1 63 0 1 63 0 0 31 0 0 31 0 0 31 0 0 31 0 0 31 0 0 31 0 0 31 0 0 31 0 4 29 0 0 28 11 2 35 0 30 11 0 239 25 17 254 0 11 255 1 0 246 7 4 252 3 1 252 3 1 252 3 1 252 3 1 252 3 1 252 3 1 252 3 1 252 3 1 221 34 0 221 34 0 221 34 0 221 34 0 
221 34 0 221 34 0 221 34 0 221 34 0 220 36 2 224 35 3 220 33 0 208 41 0 201 60 4 191 67 3 187 65 0 190 65 0 190 65 0 190 65 0 189 66 0 189 66 0 188 66 0 186 67 0 186 67 0 186 67 0 156 98 0 156 98 0 156 98 0 156 98 0 156 98 0 156 98 0 156 98 0 156 98 0 156 98 0 221 32 0 221 32 0 221 32 0 221 32 0 221 32 0 221 32 0 221 32 0 221 32 0 221 32 2 225 31 3 220 30 0 211 38 0 204 57 5 194 66 5 188 63 0 193 63 1 191 63 0 191 63 0 191 63 0 191 63 0 191 63 0 191 63 0 191 63 0 191 63 0 163 94 0 161 95 0 161 95 0 160 96 0 160 96 0 159 96 0 159 96 0 157 97 0 158 98 2 163 97 3 159 95 0 147 103 0 141 122 4 129 130 3 125 128 0 130 127 0 129 125 0 127 126 0 127 126 0 126 127 0 126 127 0 125 128 0 125 128 0 123 128 0 95 159 0 95 159 0 95 159 0 95 159 0 95 159 0 95 159 0 95 159 0 95 159 0 94 160 2 98 159 3 92 158 0 81 167 0 75 186 4 64 195 5 58 194 0 62 194 0 64 191 0 62 191 0 62 191 0 61 192 0 61 192 0 59 193 0 59 193 0 58 194 0 35 223 2 35 223 2 34 224 2 34 224 2 33 225 2 33 225 2 31 226 2 31 226 2 31 225 4 35 225 5 31 223 0 21 231 0 12 250 6 2 255 5 0 255 0 1 255 0 2 255 2 2 255 2 2 255 2 2 255 2 2 255 2 2 255 2 2 255 2 2 255 2 0 224 0 0 224 0 0 224 0 0 224 0 0 224 0 0 224 0 0 224 0 0 224 0 2 221 0 0 227 0 0 225 2 5 222 9 0 192 0 4 189 0 1 187 0 0 193 3 0 191 0 0 191 0 0 191 0 0 191 0 0 191 0 0 191 0 0 191 0 0 191 0 0 161 0 0 161 0 0 161 0 0 161 0 0 161 0 0 161 0 0 161 0 0 161 0 2 158 0 1 163 2 0 162 4 6 159 9 0 129 0 4 125 0 0 125 0 0 129 3 1 127 2 1 127 2 1 127 2 1 127 2 1 127 2 1 127 2 1 127 2 1 127 2 0 96 0 0 96 0 0 96 0 0 96 0 0 96 0 0 96 0 0 96 0 0 96 0 5 95 0 0 97 0 0 94 1 5 93 7 0 67 0 9 65 2 3 61 2 0 65 4 1 63 0 1 63 0 1 63 0 1 63 0 1 63 0 1 63 0 1 63 0 1 63 0 0 31 0 0 31 0 0 31 0 0 31 0 0 31 0 0 31 0 0 31 0 0 31 0 4 29 0 0 28 11 2 35 0 30 11 0 239 25 17 254 0 11 255 1 0 246 7 4 252 3 1 252 3 1 252 3 1 252 3 1 252 3 1 252 3 1 252 3 1 252 3 1 221 34 0 221 34 0 221 34 0 221 34 0 221 34 0 221 34 0 221 34 0 221 34 0 220 36 2 224 35 3 220 33 0 208 41 0 201 60 4 191 67 3 187 65 0 190 65 0 190 65 0 190 65 0 189 66 0 189 66 0 188 66 0 186 67 0 186 67 0 186 67 0 156 98 0 156 98 0 156 98 0 156 98 0 156 98 0 156 98 0 156 98 0 156 98 0 156 98 0 221 32 0 221 32 0 
221 32 0 221 32 0 221 32 0 221 32 0 221 32 0 221 32 0 221 32 2 225 31 3 220 30 0 211 38 0 204 57 5 194 66 5 188 63 0 193 63 1 191 63 0 191 63 0 191 63 0 191 63 0 191 63 0 191 63 0 191 63 0 191 63 0 163 94 0 161 95 0 161 95 0 160 96 0 160 96 0 159 96 0 159 96 0 157 97 0 158 98 2 163 97 3 159 95 0 147 103 0 141 122 4 129 130 3 125 128 0 130 127 0 129 125 0 127 126 0 127 126 0 126 127 0 126 127 0 125 128 0 125 128 0 123 128 0 95 159 0 95 159 0 95 159 0 95 159 0 95 159 0 95 159 0 95 159 0 95 159 0 94 160 2 98 159 3 92 158 0 81 167 0 75 186 4 64 195 5 58 194 0 62 194 0 64 191 0 62 191 0 62 191 0 61 192 0 61 192 0 59 193 0 59 193 0 58 194 0 35 223 2 35 223 2 34 224 2 34 224 2 33 225 2 33 225 2 31 226 2 31 226 2 31 225 4 35 225 5 31 223 0 21 231 0 12 250 6 2 255 5 0 255 0 1 255 0 2 255 2 2 255 2 2 255 2 2 255 2 2 255 2 2 255 2 2 255 2 2 255 2 0 224 0 0 224 0 0 224 0 0 224 0 0 224 0 0 224 0 0 224 0 0 224 0 2 221 0 0 227 0 0 225 2 5 222 9 0 192 0 4 189 0 1 187 0 0 193 3 0 191 0 0 191 0 0 191 0 0 191 0 0 191 0 0 191 0 0 191 0 0 191 0 0 161 0 0 161 0 0 161 0 0 161 0 0 161 0 0 161 0 0 161 0 0 161 0 2 158 0 1 163 2 0 162 4 6 159 9 0 129 0 4 125 0 0 125 0 0 129 3 1 127 2 1 127 2 1 127 2 1 127 2 1 127 2 1 127 2 1 127 2 1 127 2 0 96 0 0 96 0 0 96 0 0 96 0 0 96 0 0 96 0 0 96 0 0 96 0 5 95 0 0 97 0 0 94 1 5 93 7 0 67 0 9 65 2 3 61 2 0 65 4 1 63 0 1 63 0 1 63 0 1 63 0 1 63 0 1 63 0 1 63 0 1 63 0 0 31 0 0 31 0 0 31 0 0 31 0 0 31 0 0 31 0 0 31 0 0 31 0 4 29 0 0 28 11 2 35 0 30 11 0 239 25 17 254 0 11 255 1 0 246 7 4 252 3 1 252 3 1 252 3 1 252 3 1 252 3 1 252 3 1 252 3 1 252 3 1 221 34 0 221 34 0 221 34 0 221 34 0 221 34 0 221 34 0 221 34 0 221 34 0 220 36 2 224 35 3 220 33 0 208 41 0 201 60 4 191 67 3 187 65 0 190 65 0 190 65 0 190 65 0 189 66 0 189 66 0 188 66 0 186 67 0 186 67 0 186 67 0 156 98 0 156 98 0 156 98 0 156 98 0 156 98 0 156 98 0 156 98 0 156 98 0 156 98 0 221 32 0 221 32 0 221 32 0 221 32 0 221 32 0 221 32 0 221 32 0 221 32 0 221 32 2 225 31 3 220 30 0 211 38 0 204 57 5 194 66 5 188 63 0 193 63 1 191 63 0 191 63 0 191 63 0 191 63 0 191 63 0 191 63 0 191 63 0 191 63 0 163 94 0 161 95 0 161 95 0 160 96 0 160 96 0 159 96 0 159 96 0 157 97 0 158 98 2 
163 97 3 159 95 0 147 103 0 141 122 4 129 130 3 125 128 0 130 127 0 129 125 0 127 126 0 127 126 0 126 127 0 126 127 0 125 128 0 125 128 0 123 128 0 95 159 0 95 159 0 95 159 0 95 159 0 95 159 0 95 159 0 95 159 0 95 159 0 94 160 2 98 159 3 92 158 0 81 167 0 75 186 4 64 195 5 58 194 0 62 194 0 64 191 0 62 191 0 62 191 0 61 192 0 61 192 0 59 193 0 59 193 0 58 194 0 35 223 2 35 223 2 34 224 2 34 224 2 33 225 2 33 225 2 31 226 2 31 226 2 31 225 4 35 225 5 31 223 0 21 231 0 12 250 6 2 255 5 0 255 0 1 255 0 2 255 2 2 255 2 2 255 2 2 255 2 2 255 2 2 255 2 2 255 2 2 255 2 0 224 0 0 224 0 0 224 0 0 224 0 0 224 0 0 224 0 0 224 0 0 224 0 2 221 0 0 227 0 0 225 2 5 222 9 0 192 0 4 189 0 1 187 0 0 193 3 0 191 0 0 191 0 0 191 0 0 191 0 0 191 0 0 191 0 0 191 0 0 191 0 0 161 0 0 161 0 0 161 0 0 161 0 0 161 0 0 161 0 0 161 0 0 161 0 2 158 0 1 163 2 0 162 4 6 159 9 0 129 0 4 125 0 0 125 0 0 129 3 1 127 2 1 127 2 1 127 2 1 127 2 1 127 2 1 127 2 1 127 2 1 127 2 0 96 0 0 96 0 0 96 0 0 96 0 0 96 0 0 96 0 0 96 0 0 96 0 5 95 0 0 97 0 0 94 1 5 93 7 0 67 0 9 65 2 3 61 2 0 65 4 1 63 0 1 63 0 1 63 0 1 63 0 1 63 0 1 63 0 1 63 0 1 63 0 0 31 0 0 31 0 0 31 0 0 31 0 0 31 0 0 31 0 0 31 0 0 31 0 4 29 0 0 28 11 2 35 0 30 11 0 239 25 17 254 0 11 255 1 0 246 7 4 252 3 1 252 3 1 252 3 1 252 3 1 252 3 1 252 3 1 252 3 1 252 3 1 221 34 0 221 34 0 221 34 0 221 34 0 221 34 0 221 34 0 221 34 0 221 34 0 220 36 2 224 35 3 220 33 0 208 41 0 201 60 4 191 67 3 187 65 0 190 65 0 190 65 0 190 65 0 189 66 0 189 66 0 188 66 0 186 67 0 186 67 0 186 67 0 156 98 0 156 98 0 156 98 0 156 98 0 156 98 0 156 98 0 156 98 0 156 98 0 156 98 0 221 34 0 221 34 0 221 34 0 221 34 0 221 34 0 221 34 0 221 34 0 221 34 0 220 36 2 224 35 3 220 33 0 208 41 0 201 60 4 191 67 3 187 65 0 190 65 0 190 65 0 190 65 0 189 66 0 189 66 0 188 66 0 186 67 0 186 67 0 186 67 0 156 98 0 156 98 0 156 98 0 156 98 0 156 98 0 156 98 0 156 98 0 156 98 0 154 98 1 158 98 2 154 96 0 145 104 0 136 124 4 127 132 4 123 130 0 127 130 0 126 129 0 126 129 0 124 129 0 124 129 0 123 130 0 123 130 0 121 131 0 121 131 0 99 161 2 97 161 2 97 161 2 96 162 2 96 162 2 95 163 2 95 163 2 93 163 2 95 162 4 98 162 5 93 161 0 82 170 0 73 188 5 61 196 5 57 194 0 60 194 0 
61 192 0 61 192 0 61 192 0 59 193 0 58 194 0 58 194 0 57 194 0 57 194 0 33 225 0 31 226 0 31 226 0 30 227 0 30 227 0 28 227 0 28 227 0 27 228 0 26 227 0 30 227 0 27 224 0 17 231 0 10 250 5 1 255 6 0 254 1 2 253 2 0 253 0 0 254 0 0 254 0 0 254 0 1 255 1 1 255 1 1 255 1 2 255 2 0 222 0 0 222 0 0 222 0 0 222 0 0 222 0 0 222 0 0 222 0 0 222 0 2 220 0 0 223 1 0 220 1 2 219 8 0 192 0 6 191 1 1 187 0 0 191 3 0 189 0 0 189 0 0 189 0 0 189 0 0 189 0 0 189 0 0 189 0 0 189 0 0 157 0 0 157 0 0 157 0 0 157 0 0 157 0 0 157 0 0 157 0 0 157 0 3 154 0 1 161 3 0 159 4 6 156 9 0 126 0 4 122 0 2 121 1 0 127 6 1 124 0 1 124 0 1 124 0 1 124 0 1 124 0 1 124 0 1 124 0 1 124 0 0 94 0 0 94 0 0 94 0 0 94 0 0 94 0 0 94 0 0 94 0 0 94 0 2 91 0 1 98 3 0 96 5 5 92 11 0 63 0 4 60 0 0 58 0 0 64 6 0 61 1 0 61 1 0 61 1 0 61 1 0 61 1 0 61 1 0 61 1 0 61 1 0 30 0 0 30 0 0 30 0 0 30 0 0 30 0 0 30 0 0 30 0 0 30 0 2 28 0 0 31 5 3 32 12 29 12 0 238 22 23 255 2 0 255 2 0 245 5 8 252 3 0 252 3 0 252 3 0 251 4 0 249 4 0 249 4 0 248 5 0 248 5 0 224 36 1 223 36 1 223 36 1 221 37 1 221 37 1 220 38 1 220 38 1 218 38 1 218 38 3 224 37 4 219 35 0 209 44 0 201 62 5 189 70 4 185 68 0 190 67 0 189 66 0 188 66 0 188 66 0 186 67 0 186 67 0 185 68 0 185 68 0 183 69 0 156 101 1 156 101 1 156 101 1 156 101 1 156 101 1 156 101 1 156 101 1 156 101 1 154 99 0 221 34 0 221 34 0 221 34 0 221 34 0 221 34 0 221 34 0 221 34 0 221 34 0 220 36 2 224 35 3 220 33 0 208 41 0 201 60 4 191 67 3 187 65 0 190 65 0 190 65 0 190 65 0 189 66 0 189 66 0 188 66 0 186 67 0 186 67 0 186 67 0 156 98 0 156 98 0 156 98 0 156 98 0 156 98 0 156 98 0 156 98 0 156 98 0 154 98 1 158 98 2 154 96 0 145 104 0 136 124 4 127 132 4 123 130 0 127 130 0 126 129 0 126 129 0 124 129 0 124 129 0 123 130 0 123 130 0 121 131 0 121 131 0 99 161 2 97 161 2 97 161 2 96 162 2 96 162 2 95 163 2 95 163 2 93 163 2 95 162 4 98 162 5 93 161 0 82 170 0 73 188 5 61 196 5 57 194 0 60 194 0 61 192 0 61 192 0 61 192 0 59 193 0 58 194 0 58 194 0 57 194 0 57 194 0 33 225 0 31 226 0 31 226 0 30 227 0 30 227 0 28 227 0 28 227 0 27 228 0 26 227 0 30 227 0 27 224 0 17 231 0 10 250 5 1 255 6 0 254 1 2 253 2 0 253 0 0 254 0 0 254 0 0 254 0 1 255 1 1 255 1 1 255 1 
2 255 2 0 222 0 0 222 0 0 222 0 0 222 0 0 222 0 0 222 0 0 222 0 0 222 0 2 220 0 0 223 1 0 220 1 2 219 8 0 192 0 6 191 1 1 187 0 0 191 3 0 189 0 0 189 0 0 189 0 0 189 0 0 189 0 0 189 0 0 189 0 0 189 0 0 157 0 0 157 0 0 157 0 0 157 0 0 157 0 0 157 0 0 157 0 0 157 0 3 154 0 1 161 3 0 159 4 6 156 9 0 126 0 4 122 0 2 121 1 0 127 6 1 124 0 1 124 0 1 124 0 1 124 0 1 124 0 1 124 0 1 124 0 1 124 0 0 94 0 0 94 0 0 94 0 0 94 0 0 94 0 0 94 0 0 94 0 0 94 0 2 91 0 1 98 3 0 96 5 5 92 11 0 63 0 4 60 0 0 58 0 0 64 6 0 61 1 0 61 1 0 61 1 0 61 1 0 61 1 0 61 1 0 61 1 0 61 1 0 30 0 0 30 0 0 30 0 0 30 0 0 30 0 0 30 0 0 30 0 0 30 0 2 28 0 0 31 5 3 32 12 29 12 0 238 22 23 255 2 0 255 2 0 245 5 8 252 3 0 252 3 0 252 3 0 251 4 0 249 4 0 249 4 0 248 5 0 248 5 0 224 36 1 223 36 1 223 36 1 221 37 1 221 37 1 220 38 1 220 38 1 218 38 1 218 38 3 224 37 4 219 35 0 209 44 0 201 62 5 189 70 4 185 68 0 190 67 0 189 66 0 188 66 0 188 66 0 186 67 0 186 67 0 185 68 0 185 68 0 183 69 0 156 101 1 156 101 1 156 101 1 156 101 1 156 101 1 156 101 1 156 101 1 156 101 1 154 99 0 221 34 0 221 34 0 221 34 0 221 34 0 221 34 0 221 34 0 221 34 0 221 34 0 220 36 2 224 35 3 220 33 0 208 41 0 201 60 4 191 67 3 187 65 0 190 65 0 190 65 0 190 65 0 189 66 0 189 66 0 188 66 0 186 67 0 186 67 0 186 67 0 156 98 0 156 98 0 156 98 0 156 98 0 156 98 0 156 98 0 156 98 0 156 98 0 154 98 1 158 98 2 154 96 0 145 104 0 136 124 4 127 132 4 123 130 0 127 130 0 126 129 0 126 129 0 124 129 0 124 129 0 123 130 0 123 130 0 121 131 0 121 131 0 99 161 2 97 161 2 97 161 2 96 162 2 96 162 2 95 163 2 95 163 2 93 163 2 95 162 4 98 162 5 93 161 0 82 170 0 73 188 5 61 196 5 57 194 0 60 194 0 61 192 0 61 192 0 61 192 0 59 193 0 58 194 0 58 194 0 57 194 0 57 194 0 33 225 0 31 226 0 31 226 0 30 227 0 30 227 0 28 227 0 28 227 0 27 228 0 26 227 0 30 227 0 27 224 0 17 231 0 10 250 5 1 255 6 0 254 1 2 253 2 0 253 0 0 254 0 0 254 0 0 254 0 1 255 1 1 255 1 1 255 1 2 255 2 0 222 0 0 222 0 0 222 0 0 222 0 0 222 0 0 222 0 0 222 0 0 222 0 2 220 0 0 223 1 0 220 1 2 219 8 0 192 0 6 191 1 1 187 0 0 191 3 0 189 0 0 189 0 0 189 0 0 189 0 0 189 0 0 189 0 0 189 0 0 189 0 0 157 0 0 157 0 0 157 0 0 157 0 0 157 0 0 157 0 
0 157 0 0 157 0 3 154 0 1 161 3 0 159 4 6 156 9 0 126 0 4 122 0 2 121 1 0 127 6 1 124 0 1 124 0 1 124 0 1 124 0 1 124 0 1 124 0 1 124 0 1 124 0 0 94 0 0 94 0 0 94 0 0 94 0 0 94 0 0 94 0 0 94 0 0 94 0 2 91 0 1 98 3 0 96 5 5 92 11 0 63 0 4 60 0 0 58 0 0 64 6 0 61 1 0 61 1 0 61 1 0 61 1 0 61 1 0 61 1 0 61 1 0 61 1 0 30 0 0 30 0 0 30 0 0 30 0 0 30 0 0 30 0 0 30 0 0 30 0 2 28 0 0 31 5 3 32 12 29 12 0 238 22 23 255 2 0 255 2 0 245 5 8 252 3 0 252 3 0 252 3 0 251 4 0 249 4 0 249 4 0 248 5 0 248 5 0 224 36 1 223 36 1 223 36 1 221 37 1 221 37 1 220 38 1 220 38 1 218 38 1 218 38 3 224 37 4 219 35 0 209 44 0 201 62 5 189 70 4 185 68 0 190 67 0 189 66 0 188 66 0 188 66 0 186 67 0 186 67 0 185 68 0 185 68 0 183 69 0 156 101 1 156 101 1 156 101 1 156 101 1 156 101 1 156 101 1 156 101 1 156 101 1 154 99 0 221 34 0 221 34 0 221 34 0 221 34 0 221 34 0 221 34 0 221 34 0 221 34 0 220 36 2 224 35 3 220 33 0 208 41 0 201 60 4 191 67 3 187 65 0 190 65 0 190 65 0 190 65 0 189 66 0 189 66 0 188 66 0 186 67 0 186 67 0 186 67 0 156 98 0 156 98 0 156 98 0 156 98 0 156 98 0 156 98 0 156 98 0 156 98 0 154 98 1 158 98 2 154 96 0 145 104 0 136 124 4 127 132 4 123 130 0 127 130 0 126 129 0 126 129 0 124 129 0 124 129 0 123 130 0 123 130 0 121 131 0 121 131 0 99 161 2 97 161 2 97 161 2 96 162 2 96 162 2 95 163 2 95 163 2 93 163 2 95 162 4 98 162 5 93 161 0 82 170 0 73 188 5 61 196 5 57 194 0 60 194 0 61 192 0 61 192 0 61 192 0 59 193 0 58 194 0 58 194 0 57 194 0 57 194 0 33 225 0 31 226 0 31 226 0 30 227 0 30 227 0 28 227 0 28 227 0 27 228 0 26 227 0 30 227 0 27 224 0 17 231 0 10 250 5 1 255 6 0 254 1 2 253 2 0 253 0 0 254 0 0 254 0 0 254 0 1 255 1 1 255 1 1 255 1 2 255 2 0 222 0 0 222 0 0 222 0 0 222 0 0 222 0 0 222 0 0 222 0 0 222 0 2 220 0 0 223 1 0 220 1 2 219 8 0 192 0 6 191 1 1 187 0 0 191 3 0 189 0 0 189 0 0 189 0 0 189 0 0 189 0 0 189 0 0 189 0 0 189 0 0 157 0 0 157 0 0 157 0 0 157 0 0 157 0 0 157 0 0 157 0 0 157 0 3 154 0 1 161 3 0 159 4 6 156 9 0 126 0 4 122 0 2 121 1 0 127 6 1 124 0 1 124 0 1 124 0 1 124 0 1 124 0 1 124 0 1 124 0 1 124 0 0 94 0 0 94 0 0 94 0 0 94 0 0 94 0 0 94 0 0 94 0 0 94 0 2 91 0 1 98 3 0 96 5 5 92 11 0 63 0 
4 60 0 0 58 0 0 64 6 0 61 1 0 61 1 0 61 1 0 61 1 0 61 1 0 61 1 0 61 1 0 61 1 0 30 0 0 30 0 0 30 0 0 30 0 0 30 0 0 30 0 0 30 0 0 30 0 2 28 0 0 31 5 3 32 12 29 12 0 238 22 23 255 2 0 255 2 0 245 5 8 252 3 0 252 3 0 252 3 0 251 4 0 249 4 0 249 4 0 248 5 0 248 5 0 224 36 1 223 36 1 223 36 1 221 37 1 221 37 1 220 38 1 220 38 1 218 38 1 218 38 3 224 37 4 219 35 0 209 44 0 201 62 5 189 70 4 185 68 0 190 67 0 189 66 0 188 66 0 188 66 0 186 67 0 186 67 0 185 68 0 185 68 0 183 69 0 156 101 1 156 101 1 156 101 1 156 101 1 156 101 1 156 101 1 156 101 1 156 101 1 154 99 0 221 34 0 221 34 0 221 34 0 221 34 0 221 34 0 221 34 0 221 34 0 221 34 0 220 36 2 224 35 3 220 33 0 208 41 0 201 60 4 191 67 3 187 65 0 190 65 0 190 65 0 190 65 0 189 66 0 189 66 0 188 66 0 186 67 0 186 67 0 186 67 0 156 98 0 156 98 0 156 98 0 156 98 0 156 98 0 156 98 0 156 98 0 156 98 0 154 98 1 158 98 2 154 96 0 145 104 0 136 124 4 127 132 4 123 130 0 127 130 0 126 129 0 126 129 0 124 129 0 124 129 0 123 130 0 123 130 0 121 131 0 121 131 0 99 161 2 97 161 2 97 161 2 96 162 2 96 162 2 95 163 2 95 163 2 93 163 2 95 162 4 98 162 5 93 161 0 82 170 0 73 188 5 61 196 5 57 194 0 60 194 0 61 192 0 61 192 0 61 192 0 59 193 0 58 194 0 58 194 0 57 194 0 57 194 0 33 225 0 31 226 0 31 226 0 30 227 0 30 227 0 28 227 0 28 227 0 27 228 0 26 227 0 30 227 0 27 224 0 17 231 0 10 250 5 1 255 6 0 254 1 2 253 2 0 253 0 0 254 0 0 254 0 0 254 0 1 255 1 1 255 1 1 255 1 2 255 2 0 222 0 0 222 0 0 222 0 0 222 0 0 222 0 0 222 0 0 222 0 0 222 0 2 220 0 0 223 1 0 220 1 2 219 8 0 192 0 6 191 1 1 187 0 0 191 3 0 189 0 0 189 0 0 189 0 0 189 0 0 189 0 0 189 0 0 189 0 0 189 0 0 157 0 0 157 0 0 157 0 0 157 0 0 157 0 0 157 0 0 157 0 0 157 0 3 154 0 1 161 3 0 159 4 6 156 9 0 126 0 4 122 0 2 121 1 0 127 6 1 124 0 1 124 0 1 124 0 1 124 0 1 124 0 1 124 0 1 124 0 1 124 0 0 94 0 0 94 0 0 94 0 0 94 0 0 94 0 0 94 0 0 94 0 0 94 0 2 91 0 1 98 3 0 96 5 5 92 11 0 63 0 4 60 0 0 58 0 0 64 6 0 61 1 0 61 1 0 61 1 0 61 1 0 61 1 0 61 1 0 61 1 0 61 1 0 30 0 0 30 0 0 30 0 0 30 0 0 30 0 0 30 0 0 30 0 0 30 0 2 28 0 0 31 5 3 32 12 29 12 0 238 22 23 255 2 0 255 2 0 245 5 8 252 3 0 252 3 0 252 3 0 251 4 0 
249 4 0 249 4 0 248 5 0 248 5 0 224 36 1 223 36 1 223 36 1 221 37 1 221 37 1 220 38 1 220 38 1 218 38 1 218 38 3 224 37 4 219 35 0 209 44 0 201 62 5 189 70 4 185 68 0 190 67 0 189 66 0 188 66 0 188 66 0 186 67 0 186 67 0 185 68 0 185 68 0 183 69 0 156 101 1 156 101 1 156 101 1 156 101 1 156 101 1 156 101 1 156 101 1 156 101 1 154 99 0 221 34 0 221 34 0 221 34 0 221 34 0 221 34 0 221 34 0 221 34 0 221 34 0 220 36 2 224 35 3 220 33 0 208 41 0 201 60 4 191 67 3 187 65 0 190 65 0 190 65 0 190 65 0 189 66 0 189 66 0 188 66 0 186 67 0 186 67 0 186 67 0 156 98 0 156 98 0 156 98 0 156 98 0 156 98 0 156 98 0 156 98 0 156 98 0 154 98 1 158 98 2 154 96 0 145 104 0 136 124 4 127 132 4 123 130 0 127 130 0 126 129 0 126 129 0 124 129 0 124 129 0 123 130 0 123 130 0 121 131 0 121 131 0 99 161 2 97 161 2 97 161 2 96 162 2 96 162 2 95 163 2 95 163 2 93 163 2 95 162 4 98 162 5 93 161 0 82 170 0 73 188 5 61 196 5 57 194 0 60 194 0 61 192 0 61 192 0 61 192 0 59 193 0 58 194 0 58 194 0 57 194 0 57 194 0 33 225 0 31 226 0 31 226 0 30 227 0 30 227 0 28 227 0 28 227 0 27 228 0 26 227 0 30 227 0 27 224 0 17 231 0 10 250 5 1 255 6 0 254 1 2 253 2 0 253 0 0 254 0 0 254 0 0 254 0 1 255 1 1 255 1 1 255 1 2 255 2 0 222 0 0 222 0 0 222 0 0 222 0 0 222 0 0 222 0 0 222 0 0 222 0 2 220 0 0 223 1 0 220 1 2 219 8 0 192 0 6 191 1 1 187 0 0 191 3 0 189 0 0 189 0 0 189 0 0 189 0 0 189 0 0 189 0 0 189 0 0 189 0 0 157 0 0 157 0 0 157 0 0 157 0 0 157 0 0 157 0 0 157 0 0 157 0 3 154 0 1 161 3 0 159 4 6 156 9 0 126 0 4 122 0 2 121 1 0 127 6 1 124 0 1 124 0 1 124 0 1 124 0 1 124 0 1 124 0 1 124 0 1 124 0 0 94 0 0 94 0 0 94 0 0 94 0 0 94 0 0 94 0 0 94 0 0 94 0 2 91 0 1 98 3 0 96 5 5 92 11 0 63 0 4 60 0 0 58 0 0 64 6 0 61 1 0 61 1 0 61 1 0 61 1 0 61 1 0 61 1 0 61 1 0 61 1 0 30 0 0 30 0 0 30 0 0 30 0 0 30 0 0 30 0 0 30 0 0 30 0 2 28 0 0 31 5 3 32 12 29 12 0 238 22 23 255 2 0 255 2 0 245 5 8 252 3 0 252 3 0 252 3 0 251 4 0 249 4 0 249 4 0 248 5 0 248 5 0 224 36 1 223 36 1 223 36 1 221 37 1 221 37 1 220 38 1 220 38 1 218 38 1 218 38 3 224 37 4 219 35 0 209 44 0 201 62 5 189 70 4 185 68 0 190 67 0 189 66 0 188 66 0 188 66 0 186 67 0 186 67 0 185 68 0 185 68 0 183 69 0 156 101 1 156 101 1 156 101 1 
156 101 1 156 101 1 156 101 1 156 101 1 156 101 1 154 99 0 221 34 0 221 34 0 221 34 0 221 34 0 221 34 0 221 34 0 221 34 0 221 34 0 220 36 2 224 35 3 220 33 0 208 41 0 201 60 4 191 67 3 187 65 0 190 65 0 190 65 0 190 65 0 189 66 0 189 66 0 188 66 0 186 67 0 186 67 0 186 67 0 156 98 0 156 98 0 156 98 0 156 98 0 156 98 0 156 98 0 156 98 0 156 98 0 154 98 1 158 98 2 154 96 0 145 104 0 136 124 4 127 132 4 123 130 0 127 130 0 126 129 0 126 129 0 124 129 0 124 129 0 123 130 0 123 130 0 121 131 0 121 131 0 99 161 2 97 161 2 97 161 2 96 162 2 96 162 2 95 163 2 95 163 2 93 163 2 95 162 4 98 162 5 93 161 0 82 170 0 73 188 5 61 196 5 57 194 0 60 194 0 61 192 0 61 192 0 61 192 0 59 193 0 58 194 0 58 194 0 57 194 0 57 194 0 33 225 0 31 226 0 31 226 0 30 227 0 30 227 0 28 227 0 28 227 0 27 228 0 26 227 0 30 227 0 27 224 0 17 231 0 10 250 5 1 255 6 0 254 1 2 253 2 0 253 0 0 254 0 0 254 0 0 254 0 1 255 1 1 255 1 1 255 1 2 255 2 0 222 0 0 222 0 0 222 0 0 222 0 0 222 0 0 222 0 0 222 0 0 222 0 2 220 0 0 223 1 0 220 1 2 219 8 0 192 0 6 191 1 1 187 0 0 191 3 0 189 0 0 189 0 0 189 0 0 189 0 0 189 0 0 189 0 0 189 0 0 189 0 0 157 0 0 157 0 0 157 0 0 157 0 0 157 0 0 157 0 0 157 0 0 157 0 3 154 0 1 161 3 0 159 4 6 156 9 0 126 0 4 122 0 2 121 1 0 127 6 1 124 0 1 124 0 1 124 0 1 124 0 1 124 0 1 124 0 1 124 0 1 124 0 0 94 0 0 94 0 0 94 0 0 94 0 0 94 0 0 94 0 0 94 0 0 94 0 2 91 0 1 98 3 0 96 5 5 92 11 0 63 0 4 60 0 0 58 0 0 64 6 0 61 1 0 61 1 0 61 1 0 61 1 0 61 1 0 61 1 0 61 1 0 61 1 0 30 0 0 30 0 0 30 0 0 30 0 0 30 0 0 30 0 0 30 0 0 30 0 2 28 0 0 31 5 3 32 12 29 12 0 238 22 23 255 2 0 255 2 0 245 5 8 252 3 0 252 3 0 252 3 0 251 4 0 249 4 0 249 4 0 248 5 0 248 5 0 224 36 1 223 36 1 223 36 1 221 37 1 221 37 1 220 38 1 220 38 1 218 38 1 218 38 3 224 37 4 219 35 0 209 44 0 201 62 5 189 70 4 185 68 0 190 67 0 189 66 0 188 66 0 188 66 0 186 67 0 186 67 0 185 68 0 185 68 0 183 69 0 156 101 1 156 101 1 156 101 1 156 101 1 156 101 1 156 101 1 156 101 1 156 101 1 154 99 0 221 34 0 221 34 0 221 34 0 221 34 0 221 34 0 221 34 0 221 34 0 221 34 0 220 36 2 224 35 3 220 33 0 208 41 0 201 60 4 191 67 3 187 65 0 190 65 0 190 65 0 190 65 0 189 66 0 189 66 0 188 66 0 186 67 0 186 67 0 186 67 0 156 98 0 
156 98 0 156 98 0 156 98 0 156 98 0 156 98 0 156 98 0 156 98 0 154 98 1 158 98 2 154 96 0 145 104 0 136 124 4 127 132 4 123 130 0 127 130 0 126 129 0 126 129 0 124 129 0 124 129 0 123 130 0 123 130 0 121 131 0 121 131 0 99 161 2 97 161 2 97 161 2 96 162 2 96 162 2 95 163 2 95 163 2 93 163 2 95 162 4 98 162 5 93 161 0 82 170 0 73 188 5 61 196 5 57 194 0 60 194 0 61 192 0 61 192 0 61 192 0 59 193 0 58 194 0 58 194 0 57 194 0 57 194 0 33 225 0 31 226 0 31 226 0 30 227 0 30 227 0 28 227 0 28 227 0 27 228 0 26 227 0 30 227 0 27 224 0 17 231 0 10 250 5 1 255 6 0 254 1 2 253 2 0 253 0 0 254 0 0 254 0 0 254 0 1 255 1 1 255 1 1 255 1 2 255 2 0 222 0 0 222 0 0 222 0 0 222 0 0 222 0 0 222 0 0 222 0 0 222 0 2 220 0 0 223 1 0 220 1 2 219 8 0 192 0 6 191 1 1 187 0 0 191 3 0 189 0 0 189 0 0 189 0 0 189 0 0 189 0 0 189 0 0 189 0 0 189 0 0 157 0 0 157 0 0 157 0 0 157 0 0 157 0 0 157 0 0 157 0 0 157 0 3 154 0 1 161 3 0 159 4 6 156 9 0 126 0 4 122 0 2 121 1 0 127 6 1 124 0 1 124 0 1 124 0 1 124 0 1 124 0 1 124 0 1 124 0 1 124 0 0 94 0 0 94 0 0 94 0 0 94 0 0 94 0 0 94 0 0 94 0 0 94 0 2 91 0 1 98 3 0 96 5 5 92 11 0 63 0 4 60 0 0 58 0 0 64 6 0 61 1 0 61 1 0 61 1 0 61 1 0 61 1 0 61 1 0 61 1 0 61 1 0 30 0 0 30 0 0 30 0 0 30 0 0 30 0 0 30 0 0 30 0 0 30 0 2 28 0 0 31 5 3 32 12 29 12 0 238 22 23 255 2 0 255 2 0 245 5 8 252 3 0 252 3 0 252 3 0 251 4 0 249 4 0 249 4 0 248 5 0 248 5 0 224 36 1 223 36 1 223 36 1 221 37 1 221 37 1 220 38 1 220 38 1 218 38 1 218 38 3 224 37 4 219 35 0 209 44 0 201 62 5 189 70 4 185 68 0 190 67 0 189 66 0 188 66 0 188 66 0 186 67 0 186 67 0 185 68 0 185 68 0 183 69 0 156 101 1 156 101 1 156 101 1 156 101 1 156 101 1 156 101 1 156 101 1 156 101 1 154 99 0 222 34 0 222 34 0 222 34 0 222 34 0 222 34 0 222 34 0 222 34 0 222 34 0 220 36 2 224 35 3 220 33 0 209 41 0 203 60 4 191 67 3 187 65 0 190 65 0 190 65 0 190 65 0 190 65 0 189 66 0 188 66 0 188 66 0 186 67 0 186 67 0 156 98 0 156 98 0 156 98 0 156 98 0 156 98 0 156 98 0 156 98 0 156 98 0 154 98 1 158 98 2 154 96 0 143 105 0 135 125 4 124 133 4 119 132 0 122 132 0 127 128 0 126 129 0 126 129 0 124 129 0 124 129 0 123 130 0 121 131 0 121 131 0 99 161 2 99 161 2 97 161 2 97 161 2 96 162 2 95 163 2 95 163 2 95 163 2 
94 162 1 98 163 1 93 160 0 82 168 0 74 188 4 63 197 4 58 196 0 61 196 0 62 192 0 62 192 0 61 193 0 61 193 0 59 193 0 58 194 0 58 194 0 57 195 0 34 225 0 34 225 0 34 225 0 33 225 0 31 226 0 31 226 0 30 227 0 30 227 0 25 226 0 30 227 0 26 223 0 17 231 0 10 250 5 2 255 7 0 254 1 3 254 3 3 254 1 3 254 1 3 254 1 3 254 1 3 254 1 3 254 1 3 254 1 3 254 1 0 221 0 0 221 0 0 221 0 0 221 0 0 221 0 0 221 0 0 221 0 0 221 0 2 218 0 1 223 2 0 221 3 6 218 9 0 190 0 6 187 0 2 186 0 1 191 5 0 188 0 0 188 0 0 188 0 0 188 0 0 188 0 0 188 0 0 188 0 0 188 0 1 156 2 1 156 2 1 156 2 1 156 2 1 156 2 1 156 2 1 156 2 1 156 2 1 152 0 0 159 1 0 157 2 5 155 8 0 125 0 4 122 0 1 120 0 0 127 6 1 124 0 1 124 0 1 124 0 1 124 0 1 124 0 1 124 0 1 124 0 1 124 0 0 93 2 0 93 2 0 93 2 0 93 2 0 93 2 0 93 2 0 93 2 0 93 2 4 93 0 0 96 1 0 93 2 4 91 10 0 65 0 8 64 3 2 60 2 0 62 4 1 61 1 1 61 1 1 61 1 1 61 1 1 61 1 1 61 1 1 61 1 1 61 1 3 29 0 3 29 0 3 29 0 3 29 0 3 29 0 3 29 0 3 29 0 3 29 0 0 30 0 0 30 5 8 29 12 32 11 0 233 25 23 249 5 0 253 5 0 247 4 8 254 2 0 254 2 0 252 3 0 252 3 0 251 4 0 249 4 0 249 4 0 248 5 0 220 38 1 220 38 1 220 38 1 220 38 1 220 38 1 220 38 1 220 38 1 220 38 1 223 36 3 226 36 4 221 34 0 210 43 0 201 62 5 189 70 4 183 69 0 187 69 0 189 66 0 189 66 0 188 66 0 188 66 0 186 67 0 185 68 0 185 68 0 185 68 0 158 100 0 158 100 0 158 100 0 158 100 0 158 100 0 158 100 0 158 100 0 158 100 0 158 100 0 221 34 0 221 34 0 221 34 0 221 34 0 221 34 0 221 34 0 221 34 0 221 34 0 220 36 2 224 35 3 220 33 0 209 41 0 201 60 4 191 67 3 187 65 0 190 65 0 190 65 0 190 65 0 189 66 0 189 66 0 188 66 0 186 67 0 186 67 0 186 67 0 156 98 0 156 98 0 156 98 0 156 98 0 156 98 0 156 98 0 156 98 0 156 98 0 154 98 1 158 98 2 154 96 0 143 105 0 135 125 4 124 133 4 119 132 0 122 132 0 126 129 0 126 129 0 126 129 0 124 129 0 123 130 0 123 130 0 121 131 0 121 131 0 99 161 2 99 161 2 97 161 2 97 161 2 96 162 2 95 163 2 95 163 2 93 163 2 94 162 1 98 163 1 92 160 0 81 169 0 74 188 4 62 198 4 58 196 0 61 196 0 63 193 0 62 194 0 62 194 0 60 194 0 60 194 0 59 195 0 58 196 0 58 196 0 34 225 0 34 225 0 33 225 0 33 225 0 31 226 0 30 227 0 30 227 0 30 227 0 25 226 0 30 227 0 26 223 0 17 231 0 10 250 5 2 255 7 0 254 1 
3 254 3 2 253 0 2 253 0 2 253 0 2 253 0 2 253 0 2 253 0 2 253 0 2 253 0 0 221 0 0 221 0 0 221 0 0 221 0 0 221 0 0 221 0 0 221 0 0 221 0 2 218 0 1 223 2 0 221 3 6 218 9 0 190 0 6 187 0 2 186 0 1 191 5 0 188 0 0 188 0 0 188 0 0 188 0 0 188 0 0 188 0 0 188 0 0 188 0 1 156 2 1 156 2 1 156 2 1 156 2 1 156 2 1 156 2 1 156 2 1 156 2 1 152 0 0 159 1 0 157 2 5 155 8 0 125 0 4 122 0 1 120 0 0 127 6 1 124 0 1 124 0 1 124 0 1 124 0 1 124 0 1 124 0 1 124 0 1 124 0 0 93 2 0 93 2 0 93 2 0 93 2 0 93 2 0 93 2 0 93 2 0 93 2 4 93 0 0 96 1 0 92 1 3 90 9 0 64 0 7 63 2 2 60 2 0 62 4 1 61 1 1 61 1 1 61 1 1 61 1 1 61 1 1 61 1 1 61 1 1 61 1 3 29 0 3 29 0 3 29 0 3 29 0 3 29 0 3 29 0 3 29 0 3 29 0 0 30 0 0 30 5 8 29 12 32 11 0 233 25 23 249 5 0 253 5 0 247 4 8 254 2 0 252 3 0 252 3 0 251 4 0 251 4 0 249 4 0 248 5 0 248 5 0 220 38 1 220 38 1 220 38 1 220 38 1 220 38 1 220 38 1 220 38 1 220 38 1 221 37 3 225 36 4 221 34 0 210 43 0 201 62 5 189 70 4 183 69 0 187 69 0 189 66 0 189 66 0 188 66 0 188 66 0 186 67 0 185 68 0 185 68 0 183 69 0 156 101 0 156 101 0 156 101 0 156 101 0 156 101 0 156 101 0 156 101 0 156 101 0 156 101 0 221 34 0 221 34 0 221 34 0 221 34 0 221 34 0 221 34 0 221 34 0 221 34 0 219 36 2 224 35 3 218 34 0 208 41 0 201 60 4 190 68 3 185 66 0 190 65 0 190 65 0 189 66 0 189 66 0 188 66 0 188 66 0 186 67 0 185 68 0 185 68 0 156 98 0 156 98 0 156 98 0 156 98 0 156 98 0 156 98 0 156 98 0 156 98 0 154 98 1 158 98 2 154 96 0 143 105 0 135 125 4 124 133 4 119 132 0 122 132 0 126 129 0 126 129 0 124 129 0 124 129 0 123 130 0 121 131 0 121 131 0 120 131 0 97 161 2 97 161 2 97 161 2 96 162 2 95 163 2 95 163 2 93 163 2 93 163 2 94 162 1 98 163 1 92 160 0 81 169 0 73 189 4 62 198 4 56 196 0 60 196 0 62 194 0 62 194 0 60 194 0 60 194 0 59 195 0 58 196 0 58 196 0 58 196 0 34 225 0 33 225 0 33 225 0 31 226 0 31 226 0 30 227 0 28 227 0 28 227 0 26 227 0 30 227 0 27 224 0 17 231 0 10 250 5 1 255 6 0 254 1 2 253 2 2 253 0 2 253 0 2 253 0 2 253 0 2 253 0 2 253 0 2 253 0 2 253 0 0 221 0 0 221 0 0 221 0 0 221 0 0 221 0 0 221 0 0 221 0 0 221 0 2 218 0 1 223 2 0 221 3 6 218 9 0 190 0 6 187 0 2 186 0 1 191 5 0 188 0 0 188 0 0 188 0 0 188 0 0 188 0 0 188 0 
0 188 0 0 188 0 1 156 2 1 156 2 1 156 2 1 156 2 1 156 2 1 156 2 1 156 2 1 156 2 1 152 0 0 159 1 0 157 2 5 155 8 0 125 0 4 122 0 1 120 0 0 127 6 1 124 0 1 124 0 1 124 0 1 124 0 1 124 0 1 124 0 1 124 0 1 124 0 0 93 2 0 93 2 0 93 2 0 93 2 0 93 2 0 93 2 0 93 2 0 93 2 3 92 0 0 96 1 0 92 1 3 90 9 0 64 0 7 63 2 1 59 1 0 62 4 1 61 1 1 61 1 1 61 1 1 61 1 1 61 1 1 61 1 1 61 1 1 61 1 2 28 0 2 28 0 2 28 0 2 28 0 2 28 0 2 28 0 2 28 0 2 28 0 0 30 0 0 30 5 8 29 12 32 11 0 233 25 23 249 5 0 253 5 0 247 4 8 252 3 0 252 3 0 251 4 0 251 4 0 249 4 0 248 5 0 248 5 0 248 5 0 220 38 1 220 38 1 220 38 1 220 38 1 220 38 1 220 38 1 220 38 1 220 38 1 221 37 3 225 36 4 219 35 0 209 44 0 199 63 5 188 71 4 183 69 0 187 69 0 188 66 0 188 66 0 188 66 0 186 67 0 185 68 0 185 68 0 183 69 0 183 69 0 156 101 0 156 101 0 156 101 0 156 101 0 156 101 0 156 101 0 156 101 0 156 101 0 156 101 0 219 35 0 219 35 0 219 35 0 219 35 0 219 35 0 219 35 0 219 35 0 219 35 0 219 36 2 223 36 3 218 34 0 207 42 0 200 61 4 190 68 3 185 66 0 189 66 0 189 66 0 189 66 0 188 66 0 188 66 0 186 67 0 185 68 0 185 68 0 185 68 0 156 98 0 156 98 0 156 98 0 156 98 0 156 98 0 156 98 0 156 98 0 156 98 0 154 98 1 158 98 2 154 96 0 143 105 0 135 125 4 124 133 4 119 132 0 122 132 0 124 129 0 124 129 0 124 129 0 123 130 0 121 131 0 121 131 0 120 131 0 120 131 0 97 161 2 97 161 2 96 162 2 95 163 2 95 163 2 93 163 2 93 163 2 92 164 2 92 162 1 97 163 1 90 161 0 80 170 0 71 190 4 61 198 4 56 196 0 60 196 0 62 194 0 60 194 0 60 194 0 59 195 0 58 196 0 58 196 0 56 196 0 56 196 0 33 225 0 33 225 0 31 226 0 31 226 0 30 227 0 28 227 0 28 227 0 28 227 0 27 228 0 31 228 1 27 224 0 18 232 0 9 249 4 1 255 6 0 253 0 1 252 1 2 253 0 2 253 0 2 253 0 2 253 0 2 253 0 2 253 0 2 253 0 2 253 0 0 221 0 0 221 0 0 221 0 0 221 0 0 221 0 0 221 0 0 221 0 0 221 0 2 218 0 1 223 2 0 221 3 6 218 9 0 190 0 6 187 0 2 186 0 1 191 5 0 188 0 0 188 0 0 188 0 0 188 0 0 188 0 0 188 0 0 188 0 0 188 0 1 156 2 1 156 2 1 156 2 1 156 2 1 156 2 1 156 2 1 156 2 1 156 2 1 152 0 0 159 1 0 157 2 5 155 8 0 125 0 4 122 0 1 120 0 0 127 6 1 124 0 1 124 0 1 124 0 1 124 0 1 124 0 1 124 0 1 124 0 1 124 0 0 92 1 0 92 1 0 92 1 0 92 1 0 92 1 
0 92 1 0 92 1 0 92 1 3 92 0 0 95 0 0 92 1 3 90 9 0 64 0 7 63 2 1 59 1 0 62 4 1 61 1 1 61 1 1 61 1 1 61 1 1 61 1 1 61 1 1 61 1 1 61 1 2 28 0 2 28 0 2 28 0 2 28 0 2 28 0 2 28 0 2 28 0 2 28 0 0 30 0 0 30 5 8 29 12 32 11 0 233 25 23 249 5 0 253 5 0 247 4 8 252 3 0 251 4 0 251 4 0 249 4 0 248 5 0 248 5 0 247 6 0 247 6 0 220 38 1 220 38 1 220 38 1 220 38 1 220 38 1 220 38 1 220 38 1 220 38 1 220 37 3 224 37 4 219 35 0 209 44 0 199 63 5 188 71 4 182 69 0 186 69 0 188 66 0 188 66 0 186 67 0 185 68 0 185 68 0 183 69 0 183 69 0 182 69 0 155 102 0 155 102 0 155 102 0 155 102 0 155 102 0 155 102 0 155 102 0 155 102 0 155 102 0 219 35 0 219 35 0 219 35 0 219 35 0 219 35 0 219 35 0 219 35 0 219 35 0 217 37 2 221 37 3 217 35 0 207 42 0 200 61 4 188 69 3 184 67 0 188 67 0 188 66 0 188 66 0 188 66 0 186 67 0 185 68 0 185 68 0 183 69 0 183 69 0 156 98 0 156 98 0 156 98 0 156 98 0 156 98 0 156 98 0 156 98 0 156 98 0 154 98 1 158 98 2 154 96 0 143 105 0 135 125 4 124 133 4 119 132 0 122 132 0 124 129 0 123 130 0 123 130 0 121 131 0 121 131 0 120 131 0 119 132 0 119 132 0 96 162 2 96 162 2 95 163 2 95 163 2 93 163 2 92 164 2 92 164 2 92 164 2 91 163 1 96 164 1 90 161 0 80 170 0 71 190 4 61 198 4 55 197 0 59 197 0 61 195 0 61 195 0 60 196 0 60 196 0 59 197 0 57 197 0 57 197 0 56 198 0 31 226 0 31 226 0 31 226 0 30 227 0 28 227 0 28 227 0 27 228 0 27 228 0 27 228 0 32 229 2 28 225 0 18 232 0 9 249 4 0 255 5 0 252 0 1 252 1 1 252 0 1 252 0 1 252 0 1 252 0 1 252 0 1 252 0 1 252 0 1 252 0 0 221 0 0 221 0 0 221 0 0 221 0 0 221 0 0 221 0 0 221 0 0 221 0 2 218 0 1 223 2 0 221 3 6 218 9 0 190 0 6 187 0 2 186 0 1 191 5 0 188 0 0 188 0 0 188 0 0 188 0 0 188 0 0 188 0 0 188 0 0 188 0 1 156 2 1 156 2 1 156 2 1 156 2 1 156 2 1 156 2 1 156 2 1 156 2 1 152 0 0 159 1 0 157 2 5 155 8 0 125 0 4 122 0 1 120 0 0 127 6 1 124 0 1 124 0 1 124 0 1 124 0 1 124 0 1 124 0 1 124 0 1 124 0 0 92 1 0 92 1 0 92 1 0 92 1 0 92 1 0 92 1 0 92 1 0 92 1 2 91 0 0 95 0 0 91 0 2 89 8 0 63 0 6 62 1 0 58 0 0 61 3 1 61 1 1 61 1 1 61 1 1 61 1 1 61 1 1 61 1 1 61 1 1 61 1 1 27 0 1 27 0 1 27 0 1 27 0 1 27 0 1 27 0 1 27 0 1 27 0 0 30 0 0 30 5 8 29 12 32 11 0 
233 25 23 249 5 0 253 5 0 247 4 8 251 4 0 251 4 0 249 4 0 249 4 0 248 5 0 247 6 0 247 6 0 245 6 0 220 38 1 220 38 1 220 38 1 220 38 1 220 38 1 220 38 1 220 38 1 220 38 1 220 37 3 224 37 4 218 36 0 207 45 0 198 63 5 186 71 4 181 70 0 184 70 0 186 67 0 186 67 0 185 68 0 185 68 0 183 69 0 182 69 0 182 69 0 182 69 0 155 102 0 155 102 0 155 102 0 155 102 0 155 102 0 155 102 0 155 102 0 155 102 0 155 102 0 218 36 0 218 36 0 218 36 0 218 36 0 218 36 0 218 36 0 218 36 0 218 36 0 216 38 2 221 37 3 217 35 0 205 43 0 198 62 4 188 69 3 182 68 0 188 67 0 188 66 0 188 66 0 186 67 0 185 68 0 185 68 0 183 69 0 183 69 0 182 69 0 156 98 0 156 98 0 156 98 0 156 98 0 156 98 0 156 98 0 156 98 0 156 98 0 154 98 1 158 98 2 154 96 0 143 105 0 135 125 4 124 133 4 119 132 0 122 132 0 123 130 0 123 130 0 121 131 0 121 131 0 120 131 0 119 132 0 119 132 0 119 132 0 96 162 2 95 163 2 95 163 2 93 163 2 92 164 2 92 164 2 90 165 2 90 165 2 91 163 1 96 164 1 89 162 0 78 171 0 70 190 4 59 199 4 53 198 0 57 198 0 60 196 0 60 196 0 60 196 0 59 197 0 57 197 0 57 197 0 56 198 0 56 198 0 31 226 0 31 226 0 30 227 0 28 227 0 28 227 0 27 228 0 27 228 0 26 229 0 28 229 1 32 229 2 28 225 0 18 232 0 9 249 4 0 255 5 0 252 0 0 251 0 1 252 0 1 252 0 1 252 0 1 252 0 1 252 0 1 252 0 1 252 0 1 252 0 0 221 0 0 221 0 0 221 0 0 221 0 0 221 0 0 221 0 0 221 0 0 221 0 2 218 0 1 223 2 0 221 3 6 218 9 0 190 0 6 187 0 2 186 0 1 191 5 0 188 0 0 188 0 0 188 0 0 188 0 0 188 0 0 188 0 0 188 0 0 188 0 1 156 2 1 156 2 1 156 2 1 156 2 1 156 2 1 156 2 1 156 2 1 156 2 1 152 0 0 159 1 0 157 2 5 155 8 0 125 0 4 122 0 1 120 0 0 127 6 1 124 0 1 124 0 1 124 0 1 124 0 1 124 0 1 124 0 1 124 0 1 124 0 0 91 0 0 91 0 0 91 0 0 91 0 0 91 0 0 91 0 0 91 0 0 91 0 2 91 0 0 94 0 0 91 0 2 89 8 0 63 0 6 62 1 0 58 0 0 61 3 1 61 1 1 61 1 1 61 1 1 61 1 1 61 1 1 61 1 1 61 1 1 61 1 1 27 0 1 27 0 1 27 0 1 27 0 1 27 0 1 27 0 1 27 0 1 27 0 0 30 0 0 30 5 8 29 12 32 11 0 233 25 23 249 5 0 253 5 0 247 4 8 249 4 0 249 4 0 249 4 0 248 5 0 247 6 0 247 6 0 245 6 0 245 6 0 220 38 1 220 38 1 220 38 1 220 38 1 220 38 1 220 38 1 220 38 1 220 38 1 218 38 3 222 38 4 216 36 0 206 46 0 197 64 5 185 72 4 181 70 0 184 70 0 186 67 0 185 68 0 185 68 0 
183 69 0 182 69 0 182 69 0 181 70 0 181 70 0 154 102 0 154 102 0 154 102 0 154 102 0 154 102 0 154 102 0 154 102 0 154 102 0 154 102 0 218 36 0 218 36 0 218 36 0 218 36 0 218 36 0 218 36 0 218 36 0 218 36 0 216 38 2 220 37 3 215 35 0 205 43 0 197 62 4 187 70 3 182 68 0 186 68 0 186 67 0 186 67 0 186 67 0 185 68 0 183 69 0 183 69 0 182 69 0 182 69 0 156 98 0 156 98 0 156 98 0 156 98 0 156 98 0 156 98 0 156 98 0 156 98 0 154 98 1 158 98 2 154 96 0 143 105 0 135 125 4 124 133 4 119 132 0 122 132 0 123 130 0 121 131 0 121 131 0 120 131 0 119 132 0 119 132 0 117 133 0 117 133 0 95 163 2 95 163 2 93 163 2 93 163 2 92 164 2 90 165 2 90 165 2 90 165 2 89 164 1 94 165 1 89 162 0 77 171 0 70 190 4 59 199 4 53 198 0 57 198 0 61 197 1 61 197 1 60 198 1 58 198 1 58 198 1 57 199 1 57 199 1 55 200 1 30 227 0 30 227 0 30 227 0 28 227 0 27 228 0 27 228 0 26 229 0 26 229 0 29 230 2 33 230 3 28 225 0 18 232 0 9 249 4 0 255 5 0 251 0 0 250 0 0 251 0 0 251 0 0 251 0 0 251 0 0 251 0 0 251 0 0 251 0 0 251 0 0 221 0 0 221 0 0 221 0 0 221 0 0 221 0 0 221 0 0 221 0 0 221 0 2 218 0 1 223 2 0 221 3 6 218 9 0 190 0 6 187 0 2 186 0 1 191 5 0 188 0 0 188 0 0 188 0 0 188 0 0 188 0 0 188 0 0 188 0 0 188 0 1 156 2 1 156 2 1 156 2 1 156 2 1 156 2 1 156 2 1 156 2 1 156 2 1 152 0 0 159 1 0 157 2 5 155 8 0 125 0 4 122 0 1 120 0 0 127 6 1 124 0 1 124 0 1 124 0 1 124 0 1 124 0 1 124 0 1 124 0 1 124 0 0 91 0 0 91 0 0 91 0 0 91 0 0 91 0 0 91 0 0 91 0 0 91 0 1 90 0 0 94 0 0 90 0 1 88 7 0 62 0 5 61 0 0 58 0 0 60 2 1 61 1 1 61 1 1 61 1 1 61 1 1 61 1 1 61 1 1 61 1 1 61 1 1 27 0 1 27 0 1 27 0 1 27 0 1 27 0 1 27 0 1 27 0 1 27 0 0 30 0 0 30 5 8 29 12 32 11 0 233 25 23 249 5 0 253 5 0 247 4 8 249 4 0 249 4 0 248 5 0 247 6 0 247 6 0 245 6 0 245 6 0 244 7 0 220 38 1 220 38 1 220 38 1 220 38 1 220 38 1 220 38 1 220 38 1 220 38 1 217 39 3 221 38 4 216 36 0 206 46 0 197 64 5 185 72 4 179 71 0 183 71 0 185 68 0 185 68 0 183 69 0 183 69 0 182 69 0 181 70 0 181 70 0 181 70 0 154 102 0 154 102 0 154 102 0 154 102 0 154 102 0 154 102 0 154 102 0 154 102 0 154 102 0 216 36 0 216 36 0 216 36 0 216 36 0 216 36 0 216 36 0 216 36 0 216 36 0 216 38 2 220 37 3 215 35 0 204 44 0 197 62 4 187 70 3 182 68 0 186 68 0 186 67 0 
186 67 0 185 68 0 185 68 0 183 69 0 182 69 0 182 69 0 182 69 0 156 98 0 156 98 0 156 98 0 156 98 0 156 98 0 156 98 0 156 98 0 156 98 0 154 98 1 158 98 2 154 96 0 143 105 0 135 125 4 124 133 4 119 132 0 122 132 0 121 131 0 121 131 0 121 131 0 120 131 0 119 132 0 119 132 0 117 133 0 117 133 0 95 163 2 95 163 2 93 163 2 92 164 2 92 164 2 90 165 2 90 165 2 89 166 2 89 164 1 94 165 1 87 163 0 77 171 0 69 191 4 58 200 4 53 198 0 57 198 0 61 197 1 60 198 1 60 198 1 58 198 1 57 199 1 57 199 1 55 200 1 55 200 1 30 227 0 30 227 0 28 227 0 28 227 0 27 228 0 26 229 0 26 229 0 26 229 0 29 230 2 33 230 3 29 226 0 18 232 0 9 249 4 0 254 4 0 251 0 0 250 0 0 251 0 0 251 0 0 251 0 0 251 0 0 251 0 0 251 0 0 251 0 0 251 0 0 221 0 0 221 0 0 221 0 0 221 0 0 221 0 0 221 0 0 221 0 0 221 0 2 218 0 1 223 2 0 221 3 6 218 9 0 190 0 6 187 0 2 186 0 1 191 5 0 188 0 0 188 0 0 188 0 0 188 0 0 188 0 0 188 0 0 188 0 0 188 0 1 156 2 1 156 2 1 156 2 1 156 2 1 156 2 1 156 2 1 156 2 1 156 2 1 152 0 0 159 1 0 157 2 5 155 8 0 125 0 4 122 0 1 120 0 0 127 6 1 124 0 1 124 0 1 124 0 1 124 0 1 124 0 1 124 0 1 124 0 1 124 0 0 91 0 0 91 0 0 91 0 0 91 0 0 91 0 0 91 0 0 91 0 0 91 0 1 90 0 0 94 0 0 90 0 1 88 7 0 62 0 5 61 0 0 57 0 0 60 2 1 61 1 1 61 1 1 61 1 1 61 1 1 61 1 1 61 1 1 61 1 1 61 1 1 27 0 1 27 0 1 27 0 1 27 0 1 27 0 1 27 0 1 27 0 1 27 0 0 30 0 0 30 5 8 29 12 32 11 0 233 25 23 249 5 0 253 5 0 247 4 8 249 4 0 248 5 0 248 5 0 247 6 0 245 6 0 245 6 0 244 7 0 244 7 0 220 38 1 220 38 1 220 38 1 220 38 1 220 38 1 220 38 1 220 38 1 220 38 1 217 39 3 221 38 4 216 36 0 204 46 0 197 64 5 185 72 4 179 71 0 183 71 0 185 68 0 185 68 0 183 69 0 182 69 0 182 69 0 181 70 0 181 70 0 179 71 0 152 103 0 152 103 0 152 103 0 152 103 0 152 103 0 152 103 0 152 103 0 152 103 0 152 103 0 218 36 0 218 36 0 218 36 0 218 36 0 218 36 0 218 36 0 218 36 0 218 36 0 218 38 3 224 37 4 219 35 0 209 44 0 201 62 5 189 70 4 185 68 0 190 67 0 189 66 0 188 66 0 188 66 0 186 67 0 186 67 0 185 68 0 185 68 0 183 69 0 156 101 1 156 101 1 156 101 1 156 101 1 156 101 1 156 101 1 156 101 1 156 101 1 155 99 2 159 99 3 155 97 0 143 105 0 135 125 4 123 132 3 118 131 0 121 131 0 123 130 0 121 131 0 121 131 0 120 131 0 120 131 0 119 132 0 119 132 0 117 133 0 
95 163 0 95 163 0 93 164 0 93 164 0 92 165 0 92 165 0 90 165 0 90 165 0 92 162 1 97 163 1 90 161 0 80 170 0 71 190 4 61 198 4 55 197 0 59 197 0 60 196 0 60 196 0 59 197 0 59 197 0 57 197 0 56 198 0 56 198 0 56 198 0 30 227 0 30 227 0 30 227 0 28 227 0 27 228 0 27 228 0 26 229 0 26 229 0 24 230 0 28 227 0 29 228 1 21 235 0 7 245 1 0 251 2 0 252 1 2 251 1 0 250 0 0 250 0 0 251 0 0 251 0 0 251 0 1 252 1 1 252 1 1 252 1 0 221 0 0 221 0 0 221 0 0 221 0 0 221 0 0 221 0 0 221 0 0 221 0 3 219 0 2 224 3 0 222 4 7 219 10 0 190 0 5 186 0 1 185 0 0 190 4 1 187 2 1 187 2 1 187 2 1 187 2 1 187 2 1 187 2 1 187 2 1 187 2 0 155 1 0 155 1 0 155 1 0 155 1 0 155 1 0 155 1 0 155 1 0 155 1 5 155 0 0 157 0 0 153 0 5 153 7 0 125 0 9 125 2 3 121 1 0 123 3 0 123 0 0 123 0 0 123 0 0 123 0 0 123 0 0 123 0 0 123 0 0 123 0 0 90 0 0 90 0 0 90 0 0 90 0 0 90 0 0 90 0 0 90 0 0 90 0 3 90 0 0 93 0 0 89 0 3 88 7 0 62 0 6 60 0 2 57 0 0 59 2 0 60 0 0 60 0 0 60 0 0 60 0 0 60 0 0 60 0 0 60 0 0 60 0 1 27 0 1 27 0 1 27 0 1 27 0 1 27 0 1 27 0 1 27 0 1 27 0 2 29 0 0 26 6 6 24 10 30 8 0 232 27 24 252 10 0 254 8 0 244 4 3 247 6 0 247 6 0 247 6 0 247 6 0 247 6 0 247 6 0 247 6 0 247 6 0 220 38 1 220 38 1 220 38 1 220 38 1 220 38 1 220 38 1 220 38 1 220 38 1 218 38 3 222 38 4 216 36 0 206 46 0 197 64 5 185 72 4 179 71 0 183 71 0 185 68 0 185 68 0 183 69 0 183 69 0 182 69 0 182 69 0 181 70 0 181 70 0 158 100 0 156 101 0 156 101 0 155 102 0 155 102 0 154 102 0 154 102 0 152 103 0 154 102 0 218 36 0 218 36 0 218 36 0 218 36 0 218 36 0 218 36 0 218 36 0 218 36 0 218 38 3 224 37 4 219 35 0 209 44 0 201 62 5 189 70 4 185 68 0 190 67 0 189 66 0 188 66 0 188 66 0 186 67 0 186 67 0 185 68 0 185 68 0 183 69 0 156 101 1 156 101 1 156 101 1 156 101 1 156 101 1 156 101 1 156 101 1 156 101 1 155 99 2 159 99 3 155 97 0 143 105 0 135 125 4 123 132 3 118 131 0 121 131 0 123 130 0 121 131 0 121 131 0 120 131 0 120 131 0 119 132 0 119 132 0 117 133 0 95 163 0 95 163 0 93 164 0 93 164 0 92 165 0 92 165 0 90 165 0 90 165 0 92 162 1 97 163 1 90 161 0 80 170 0 71 190 4 61 198 4 55 197 0 59 197 0 60 196 0 60 196 0 59 197 0 59 197 0 57 197 0 56 198 0 56 198 0 56 198 0 30 227 0 30 227 0 30 227 0 28 227 0 27 228 0 27 228 0 26 229 0 
26 229 0 24 230 0 28 227 0 29 228 1 21 235 0 7 245 1 0 251 2 0 252 1 2 251 1 0 250 0 0 250 0 0 251 0 0 251 0 0 251 0 1 252 1 1 252 1 1 252 1 0 221 0 0 221 0 0 221 0 0 221 0 0 221 0 0 221 0 0 221 0 0 221 0 3 219 0 2 224 3 0 222 4 7 219 10 0 190 0 5 186 0 1 185 0 0 190 4 1 187 2 1 187 2 1 187 2 1 187 2 1 187 2 1 187 2 1 187 2 1 187 2 0 155 1 0 155 1 0 155 1 0 155 1 0 155 1 0 155 1 0 155 1 0 155 1 5 155 0 0 157 0 0 153 0 5 153 7 0 125 0 9 125 2 3 121 1 0 123 3 0 123 0 0 123 0 0 123 0 0 123 0 0 123 0 0 123 0 0 123 0 0 123 0 0 90 0 0 90 0 0 90 0 0 90 0 0 90 0 0 90 0 0 90 0 0 90 0 3 90 0 0 93 0 0 89 0 3 88 7 0 62 0 6 60 0 2 57 0 0 59 2 0 60 0 0 60 0 0 60 0 0 60 0 0 60 0 0 60 0 0 60 0 0 60 0 1 27 0 1 27 0 1 27 0 1 27 0 1 27 0 1 27 0 1 27 0 1 27 0 2 29 0 0 26 6 6 24 10 30 8 0 232 27 24 252 10 0 254 8 0 244 4 3 247 6 0 247 6 0 247 6 0 247 6 0 247 6 0 247 6 0 247 6 0 247 6 0 220 38 1 220 38 1 220 38 1 220 38 1 220 38 1 220 38 1 220 38 1 220 38 1 218 38 3 222 38 4 216 36 0 206 46 0 197 64 5 185 72 4 179 71 0 183 71 0 185 68 0 185 68 0 183 69 0 183 69 0 182 69 0 182 69 0 181 70 0 181 70 0 158 100 0 156 101 0 156 101 0 155 102 0 155 102 0 154 102 0 154 102 0 152 103 0 154 102 0 218 36 0 218 36 0 218 36 0 218 36 0 218 36 0 218 36 0 218 36 0 218 36 0 218 38 3 224 37 4 219 35 0 209 44 0 201 62 5 189 70 4 185 68 0 190 67 0 189 66 0 188 66 0 188 66 0 186 67 0 186 67 0 185 68 0 185 68 0 183 69 0 156 101 1 156 101 1 156 101 1 156 101 1 156 101 1 156 101 1 156 101 1 156 101 1 155 99 2 159 99 3 155 97 0 143 105 0 135 125 4 123 132 3 118 131 0 121 131 0 123 130 0 121 131 0 121 131 0 120 131 0 120 131 0 119 132 0 119 132 0 117 133 0 95 163 0 95 163 0 93 164 0 93 164 0 92 165 0 92 165 0 90 165 0 90 165 0 92 162 1 97 163 1 90 161 0 80 170 0 71 190 4 61 198 4 55 197 0 59 197 0 60 196 0 60 196 0 59 197 0 59 197 0 57 197 0 56 198 0 56 198 0 56 198 0 30 227 0 30 227 0 30 227 0 28 227 0 27 228 0 27 228 0 26 229 0 26 229 0 24 230 0 28 227 0 29 228 1 21 235 0 7 245 1 0 251 2 0 252 1 2 251 1 0 250 0 0 250 0 0 251 0 0 251 0 0 251 0 1 252 1 1 252 1 1 252 1 0 221 0 0 221 0 0 221 0 0 221 0 0 221 0 0 221 0 0 221 0 0 221 0 3 219 0 2 224 3 0 222 4 7 219 10 0 190 0 5 186 0 
1 185 0 0 190 4 1 187 2 1 187 2 1 187 2 1 187 2 1 187 2 1 187 2 1 187 2 1 187 2 0 155 1 0 155 1 0 155 1 0 155 1 0 155 1 0 155 1 0 155 1 0 155 1 5 155 0 0 157 0 0 153 0 5 153 7 0 125 0 9 125 2 3 121 1 0 123 3 0 123 0 0 123 0 0 123 0 0 123 0 0 123 0 0 123 0 0 123 0 0 123 0 0 90 0 0 90 0 0 90 0 0 90 0 0 90 0 0 90 0 0 90 0 0 90 0 3 90 0 0 93 0 0 89 0 3 88 7 0 62 0 6 60 0 2 57 0 0 59 2 0 60 0 0 60 0 0 60 0 0 60 0 0 60 0 0 60 0 0 60 0 0 60 0 1 27 0 1 27 0 1 27 0 1 27 0 1 27 0 1 27 0 1 27 0 1 27 0 2 29 0 0 26 6 6 24 10 30 8 0 232 27 24 252 10 0 254 8 0 244 4 3 247 6 0 247 6 0 247 6 0 247 6 0 247 6 0 247 6 0 247 6 0 247 6 0 220 38 1 220 38 1 220 38 1 220 38 1 220 38 1 220 38 1 220 38 1 220 38 1 218 38 3 222 38 4 216 36 0 206 46 0 197 64 5 185 72 4 179 71 0 183 71 0 185 68 0 185 68 0 183 69 0 183 69 0 182 69 0 182 69 0 181 70 0 181 70 0 158 100 0 156 101 0 156 101 0 155 102 0 155 102 0 154 102 0 154 102 0 152 103 0 154 102 0 218 36 0 218 36 0 218 36 0 218 36 0 218 36 0 218 36 0 218 36 0 218 36 0 218 38 3 224 37 4 219 35 0 209 44 0 201 62 5 189 70 4 185 68 0 190 67 0 189 66 0 188 66 0 188 66 0 186 67 0 186 67 0 185 68 0 185 68 0 183 69 0 156 101 1 156 101 1 156 101 1 156 101 1 156 101 1 156 101 1 156 101 1 156 101 1 155 99 2 159 99 3 155 97 0 143 105 0 135 125 4 123 132 3 118 131 0 121 131 0 123 130 0 121 131 0 121 131 0 120 131 0 120 131 0 119 132 0 119 132 0 117 133 0 95 163 0 95 163 0 93 164 0 93 164 0 92 165 0 92 165 0 90 165 0 90 165 0 92 162 1 97 163 1 90 161 0 80 170 0 71 190 4 61 198 4 55 197 0 59 197 0 60 196 0 60 196 0 59 197 0 59 197 0 57 197 0 56 198 0 56 198 0 56 198 0 30 227 0 30 227 0 30 227 0 28 227 0 27 228 0 27 228 0 26 229 0 26 229 0 24 230 0 28 227 0 29 228 1 21 235 0 7 245 1 0 251 2 0 252 1 2 251 1 0 250 0 0 250 0 0 251 0 0 251 0 0 251 0 1 252 1 1 252 1 1 252 1 0 221 0 0 221 0 0 221 0 0 221 0 0 221 0 0 221 0 0 221 0 0 221 0 3 219 0 2 224 3 0 222 4 7 219 10 0 190 0 5 186 0 1 185 0 0 190 4 1 187 2 1 187 2 1 187 2 1 187 2 1 187 2 1 187 2 1 187 2 1 187 2 0 155 1 0 155 1 0 155 1 0 155 1 0 155 1 0 155 1 0 155 1 0 155 1 5 155 0 0 157 0 0 153 0 5 153 7 0 125 0 9 125 2 3 121 1 0 123 3 0 123 0 0 123 0 0 123 0 0 123 0 0 123 0 
0 123 0 0 123 0 0 123 0 0 90 0 0 90 0 0 90 0 0 90 0 0 90 0 0 90 0 0 90 0 0 90 0 3 90 0 0 93 0 0 89 0 3 88 7 0 62 0 6 60 0 2 57 0 0 59 2 0 60 0 0 60 0 0 60 0 0 60 0 0 60 0 0 60 0 0 60 0 0 60 0 1 27 0 1 27 0 1 27 0 1 27 0 1 27 0 1 27 0 1 27 0 1 27 0 2 29 0 0 26 6 6 24 10 30 8 0 232 27 24 252 10 0 254 8 0 244 4 3 247 6 0 247 6 0 247 6 0 247 6 0 247 6 0 247 6 0 247 6 0 247 6 0 220 38 1 220 38 1 220 38 1 220 38 1 220 38 1 220 38 1 220 38 1 220 38 1 218 38 3 222 38 4 216 36 0 206 46 0 197 64 5 185 72 4 179 71 0 183 71 0 185 68 0 185 68 0 183 69 0 183 69 0 182 69 0 182 69 0 181 70 0 181 70 0 158 100 0 156 101 0 156 101 0 155 102 0 155 102 0 154 102 0 154 102 0 152 103 0 154 102 0 218 36 0 218 36 0 218 36 0 218 36 0 218 36 0 218 36 0 218 36 0 218 36 0 218 38 3 224 37 4 219 35 0 209 44 0 201 62 5 189 70 4 185 68 0 190 67 0 189 66 0 188 66 0 188 66 0 186 67 0 186 67 0 185 68 0 185 68 0 183 69 0 156 101 1 156 101 1 156 101 1 156 101 1 156 101 1 156 101 1 156 101 1 156 101 1 155 99 2 159 99 3 155 97 0 143 105 0 135 125 4 123 132 3 118 131 0 121 131 0 123 130 0 121 131 0 121 131 0 120 131 0 120 131 0 119 132 0 119 132 0 117 133 0 95 163 0 95 163 0 93 164 0 93 164 0 92 165 0 92 165 0 90 165 0 90 165 0 92 162 1 97 163 1 90 161 0 80 170 0 71 190 4 61 198 4 55 197 0 59 197 0 60 196 0 60 196 0 59 197 0 59 197 0 57 197 0 56 198 0 56 198 0 56 198 0 30 227 0 30 227 0 30 227 0 28 227 0 27 228 0 27 228 0 26 229 0 26 229 0 24 230 0 28 227 0 29 228 1 21 235 0 7 245 1 0 251 2 0 252 1 2 251 1 0 250 0 0 250 0 0 251 0 0 251 0 0 251 0 1 252 1 1 252 1 1 252 1 0 221 0 0 221 0 0 221 0 0 221 0 0 221 0 0 221 0 0 221 0 0 221 0 3 219 0 2 224 3 0 222 4 7 219 10 0 190 0 5 186 0 1 185 0 0 190 4 1 187 2 1 187 2 1 187 2 1 187 2 1 187 2 1 187 2 1 187 2 1 187 2 0 155 1 0 155 1 0 155 1 0 155 1 0 155 1 0 155 1 0 155 1 0 155 1 5 155 0 0 157 0 0 153 0 5 153 7 0 125 0 9 125 2 3 121 1 0 123 3 0 123 0 0 123 0 0 123 0 0 123 0 0 123 0 0 123 0 0 123 0 0 123 0 0 90 0 0 90 0 0 90 0 0 90 0 0 90 0 0 90 0 0 90 0 0 90 0 3 90 0 0 93 0 0 89 0 3 88 7 0 62 0 6 60 0 2 57 0 0 59 2 0 60 0 0 60 0 0 60 0 0 60 0 0 60 0 0 60 0 0 60 0 0 60 0 1 27 0 1 27 0 1 27 0 1 27 0 
1 27 0 1 27 0 1 27 0 1 27 0 2 29 0 0 26 6 6 24 10 30 8 0 232 27 24 252 10 0 254 8 0 244 4 3 247 6 0 247 6 0 247 6 0 247 6 0 247 6 0 247 6 0 247 6 0 247 6 0 220 38 1 220 38 1 220 38 1 220 38 1 220 38 1 220 38 1 220 38 1 220 38 1 218 38 3 222 38 4 216 36 0 206 46 0 197 64 5 185 72 4 179 71 0 183 71 0 185 68 0 185 68 0 183 69 0 183 69 0 182 69 0 182 69 0 181 70 0 181 70 0 158 100 0 156 101 0 156 101 0 155 102 0 155 102 0 154 102 0 154 102 0 152 103 0 154 102 0 218 36 0 218 36 0 218 36 0 218 36 0 218 36 0 218 36 0 218 36 0 218 36 0 218 38 3 224 37 4 219 35 0 209 44 0 201 62 5 189 70 4 185 68 0 190 67 0 189 66 0 188 66 0 188 66 0 186 67 0 186 67 0 185 68 0 185 68 0 183 69 0 156 101 1 156 101 1 156 101 1 156 101 1 156 101 1 156 101 1 156 101 1 156 101 1 155 99 2 159 99 3 155 97 0 143 105 0 135 125 4 123 132 3 118 131 0 121 131 0 123 130 0 121 131 0 121 131 0 120 131 0 120 131 0 119 132 0 119 132 0 117 133 0 95 163 0 95 163 0 93 164 0 93 164 0 92 165 0 92 165 0 90 165 0 90 165 0 92 162 1 97 163 1 90 161 0 80 170 0 71 190 4 61 198 4 55 197 0 59 197 0 60 196 0 60 196 0 59 197 0 59 197 0 57 197 0 56 198 0 56 198 0 56 198 0 30 227 0 30 227 0 30 227 0 28 227 0 27 228 0 27 228 0 26 229 0 26 229 0 24 230 0 28 227 0 29 228 1 21 235 0 7 245 1 0 251 2 0 252 1 2 251 1 0 250 0 0 250 0 0 251 0 0 251 0 0 251 0 1 252 1 1 252 1 1 252 1 0 221 0 0 221 0 0 221 0 0 221 0 0 221 0 0 221 0 0 221 0 0 221 0 3 219 0 2 224 3 0 222 4 7 219 10 0 190 0 5 186 0 1 185 0 0 190 4 1 187 2 1 187 2 1 187 2 1 187 2 1 187 2 1 187 2 1 187 2 1 187 2 0 155 1 0 155 1 0 155 1 0 155 1 0 155 1 0 155 1 0 155 1 0 155 1 5 155 0 0 157 0 0 153 0 5 153 7 0 125 0 9 125 2 3 121 1 0 123 3 0 123 0 0 123 0 0 123 0 0 123 0 0 123 0 0 123 0 0 123 0 0 123 0 0 90 0 0 90 0 0 90 0 0 90 0 0 90 0 0 90 0 0 90 0 0 90 0 3 90 0 0 93 0 0 89 0 3 88 7 0 62 0 6 60 0 2 57 0 0 59 2 0 60 0 0 60 0 0 60 0 0 60 0 0 60 0 0 60 0 0 60 0 0 60 0 1 27 0 1 27 0 1 27 0 1 27 0 1 27 0 1 27 0 1 27 0 1 27 0 2 29 0 0 26 6 6 24 10 30 8 0 232 27 24 252 10 0 254 8 0 244 4 3 247 6 0 247 6 0 247 6 0 247 6 0 247 6 0 247 6 0 247 6 0 247 6 0 220 38 1 220 38 1 220 38 1 220 38 1 220 38 1 220 38 1 220 38 1 220 38 1 218 38 3 222 38 4 216 36 0 
206 46 0 197 64 5 185 72 4 179 71 0 183 71 0 185 68 0 185 68 0 183 69 0 183 69 0 182 69 0 182 69 0 181 70 0 181 70 0 158 100 0 156 101 0 156 101 0 155 102 0 155 102 0 154 102 0 154 102 0 152 103 0 154 102 0 218 36 0 218 36 0 218 36 0 218 36 0 218 36 0 218 36 0 218 36 0 218 36 0 218 38 3 224 37 4 219 35 0 209 44 0 201 62 5 189 70 4 185 68 0 190 67 0 189 66 0 188 66 0 188 66 0 186 67 0 186 67 0 185 68 0 185 68 0 183 69 0 156 101 1 156 101 1 156 101 1 156 101 1 156 101 1 156 101 1 156 101 1 156 101 1 155 99 2 159 99 3 155 97 0 143 105 0 135 125 4 123 132 3 118 131 0 121 131 0 123 130 0 121 131 0 121 131 0 120 131 0 120 131 0 119 132 0 119 132 0 117 133 0 95 163 0 95 163 0 93 164 0 93 164 0 92 165 0 92 165 0 90 165 0 90 165 0 92 162 1 97 163 1 90 161 0 80 170 0 71 190 4 61 198 4 55 197 0 59 197 0 60 196 0 60 196 0 59 197 0 59 197 0 57 197 0 56 198 0 56 198 0 56 198 0 30 227 0 30 227 0 30 227 0 28 227 0 27 228 0 27 228 0 26 229 0 26 229 0 24 230 0 28 227 0 29 228 1 21 235 0 7 245 1 0 251 2 0 252 1 2 251 1 0 250 0 0 250 0 0 251 0 0 251 0 0 251 0 1 252 1 1 252 1 1 252 1 0 221 0 0 221 0 0 221 0 0 221 0 0 221 0 0 221 0 0 221 0 0 221 0 3 219 0 2 224 3 0 222 4 7 219 10 0 190 0 5 186 0 1 185 0 0 190 4 1 187 2 1 187 2 1 187 2 1 187 2 1 187 2 1 187 2 1 187 2 1 187 2 0 155 1 0 155 1 0 155 1 0 155 1 0 155 1 0 155 1 0 155 1 0 155 1 5 155 0 0 157 0 0 153 0 5 153 7 0 125 0 9 125 2 3 121 1 0 123 3 0 123 0 0 123 0 0 123 0 0 123 0 0 123 0 0 123 0 0 123 0 0 123 0 0 90 0 0 90 0 0 90 0 0 90 0 0 90 0 0 90 0 0 90 0 0 90 0 3 90 0 0 93 0 0 89 0 3 88 7 0 62 0 6 60 0 2 57 0 0 59 2 0 60 0 0 60 0 0 60 0 0 60 0 0 60 0 0 60 0 0 60 0 0 60 0 1 27 0 1 27 0 1 27 0 1 27 0 1 27 0 1 27 0 1 27 0 1 27 0 2 29 0 0 26 6 6 24 10 30 8 0 232 27 24 252 10 0 254 8 0 244 4 3 247 6 0 247 6 0 247 6 0 247 6 0 247 6 0 247 6 0 247 6 0 247 6 0 220 38 1 220 38 1 220 38 1 220 38 1 220 38 1 220 38 1 220 38 1 220 38 1 218 38 3 222 38 4 216 36 0 206 46 0 197 64 5 185 72 4 179 71 0 183 71 0 185 68 0 185 68 0 183 69 0 183 69 0 182 69 0 182 69 0 181 70 0 181 70 0 158 100 0 156 101 0 156 101 0 155 102 0 155 102 0 154 102 0 154 102 0 152 103 0 154 102 0 218 36 0 218 36 0 218 36 0 218 36 0 218 36 0 218 36 0 218 36 0 218 36 0 218 38 3 
224 37 4 219 35 0 209 44 0 201 62 5 189 70 4 185 68 0 190 67 0 189 66 0 188 66 0 188 66 0 186 67 0 186 67 0 185 68 0 185 68 0 183 69 0 156 101 1 156 101 1 156 101 1 156 101 1 156 101 1 156 101 1 156 101 1 156 101 1 155 99 2 159 99 3 155 97 0 143 105 0 135 125 4 123 132 3 118 131 0 121 131 0 123 130 0 121 131 0 121 131 0 120 131 0 120 131 0 119 132 0 119 132 0 117 133 0 95 163 0 95 163 0 93 164 0 93 164 0 92 165 0 92 165 0 90 165 0 90 165 0 92 162 1 97 163 1 90 161 0 80 170 0 71 190 4 61 198 4 55 197 0 59 197 0 60 196 0 60 196 0 59 197 0 59 197 0 57 197 0 56 198 0 56 198 0 56 198 0 30 227 0 30 227 0 30 227 0 28 227 0 27 228 0 27 228 0 26 229 0 26 229 0 24 230 0 28 227 0 29 228 1 21 235 0 7 245 1 0 251 2 0 252 1 2 251 1 0 250 0 0 250 0 0 251 0 0 251 0 0 251 0 1 252 1 1 252 1 1 252 1 0 221 0 0 221 0 0 221 0 0 221 0 0 221 0 0 221 0 0 221 0 0 221 0 3 219 0 2 224 3 0 222 4 7 219 10 0 190 0 5 186 0 1 185 0 0 190 4 1 187 2 1 187 2 1 187 2 1 187 2 1 187 2 1 187 2 1 187 2 1 187 2 0 155 1 0 155 1 0 155 1 0 155 1 0 155 1 0 155 1 0 155 1 0 155 1 5 155 0 0 157 0 0 153 0 5 153 7 0 125 0 9 125 2 3 121 1 0 123 3 0 123 0 0 123 0 0 123 0 0 123 0 0 123 0 0 123 0 0 123 0 0 123 0 0 90 0 0 90 0 0 90 0 0 90 0 0 90 0 0 90 0 0 90 0 0 90 0 3 90 0 0 93 0 0 89 0 3 88 7 0 62 0 6 60 0 2 57 0 0 59 2 0 60 0 0 60 0 0 60 0 0 60 0 0 60 0 0 60 0 0 60 0 0 60 0 1 27 0 1 27 0 1 27 0 1 27 0 1 27 0 1 27 0 1 27 0 1 27 0 2 29 0 0 26 6 6 24 10 30 8 0 232 27 24 252 10 0 254 8 0 244 4 3 247 6 0 247 6 0 247 6 0 247 6 0 247 6 0 247 6 0 247 6 0 247 6 0 220 38 1 220 38 1 220 38 1 220 38 1 220 38 1 220 38 1 220 38 1 220 38 1 218 38 3 222 38 4 216 36 0 206 46 0 197 64 5 185 72 4 179 71 0 183 71 0 185 68 0 185 68 0 183 69 0 183 69 0 182 69 0 182 69 0 181 70 0 181 70 0 158 100 0 156 101 0 156 101 0 155 102 0 155 102 0 154 102 0 154 102 0 152 103 0 154 102 0 215 37 0 215 37 0 215 37 0 215 37 0 215 37 0 215 37 0 215 37 0 215 37 0 218 38 3 222 38 4 216 36 0 206 46 0 197 64 5 185 72 4 179 71 0 183 71 0 185 68 0 185 68 0 183 69 0 183 69 0 182 69 0 182 69 0 181 70 0 181 70 0 158 100 0 156 101 0 156 101 0 155 102 0 155 102 0 154 102 0 154 102 0 152 103 0 154 102 1 157 102 1 152 101 0 141 109 0 132 128 3 120 136 3 116 134 0 120 134 0 
122 134 0 122 134 0 122 134 0 121 135 0 119 135 0 119 135 0 118 136 0 118 136 0 89 166 0 89 166 0 89 166 0 89 166 0 89 166 0 89 166 0 89 166 0 89 166 0 86 167 2 91 166 1 87 164 0 76 173 0 69 191 4 57 199 3 52 197 0 58 196 0 59 197 0 57 197 0 57 197 0 56 198 0 56 198 0 54 199 0 54 199 0 53 200 0 24 230 0 24 230 0 24 230 0 24 230 0 24 230 0 24 230 0 24 230 0 24 230 0 21 231 0 26 229 0 28 229 1 18 234 0 5 243 0 0 248 0 0 250 0 3 247 0 0 248 2 0 248 2 0 248 2 0 248 2 0 248 2 0 248 2 0 248 2 0 248 2 0 217 0 0 217 0 0 217 0 0 217 0 0 217 0 0 217 0 0 217 0 0 217 0 5 216 0 0 218 0 0 215 0 5 214 8 0 187 0 8 186 2 3 182 2 0 185 3 2 184 1 2 184 1 2 184 1 2 184 1 2 184 1 2 184 1 2 184 1 2 184 1 0 153 0 0 153 0 0 153 0 0 153 0 0 153 0 0 153 0 0 153 0 0 153 0 3 152 0 0 156 1 0 152 0 3 150 8 0 124 0 7 122 1 2 119 2 0 122 4 0 122 1 0 122 1 0 122 1 0 122 1 0 122 1 0 122 1 0 122 1 0 122 1 0 89 1 0 89 1 0 89 1 0 89 1 0 89 1 0 89 1 0 89 1 0 89 1 3 88 0 0 90 0 0 87 0 4 85 8 0 59 0 8 57 1 1 54 0 0 57 3 0 58 0 0 58 0 0 58 0 0 58 0 0 58 0 0 58 0 0 58 0 0 58 0 0 24 0 0 24 0 0 24 0 0 24 0 0 24 0 0 24 0 0 24 0 0 24 0 1 28 0 0 26 6 6 24 10 30 8 0 233 28 25 252 10 0 254 8 0 245 5 4 250 7 1 249 8 1 249 8 1 247 8 1 247 8 1 246 9 1 246 9 1 244 10 1 218 39 0 218 39 0 217 40 0 217 40 0 216 40 0 214 41 0 214 41 0 214 41 0 216 40 1 219 40 0 215 38 0 204 47 0 195 65 3 184 73 2 178 72 0 182 72 0 183 72 0 183 72 0 183 72 0 183 72 0 183 72 0 183 72 0 183 72 0 183 72 0 149 105 0 149 105 0 149 105 0 149 105 0 149 105 0 149 105 0 149 105 0 149 105 0 149 105 0 215 37 0 215 37 0 215 37 0 215 37 0 215 37 0 215 37 0 215 37 0 215 37 0 218 38 3 222 38 4 216 36 0 206 46 0 197 64 5 185 72 4 179 71 0 183 71 0 185 68 0 185 68 0 183 69 0 183 69 0 182 69 0 182 69 0 181 70 0 181 70 0 158 100 0 156 101 0 156 101 0 155 102 0 155 102 0 154 102 0 154 102 0 152 103 0 154 102 1 157 102 1 152 101 0 141 109 0 132 128 3 120 136 3 116 134 0 120 134 0 122 134 0 122 134 0 122 134 0 121 135 0 119 135 0 119 135 0 118 136 0 118 136 0 89 166 0 89 166 0 89 166 0 89 166 0 89 166 0 89 166 0 89 166 0 89 166 0 86 167 2 91 166 1 87 164 0 76 173 0 69 191 4 57 199 3 52 197 0 58 196 0 59 197 0 57 197 0 57 197 0 56 198 0 56 198 0 54 199 0 54 199 0 
53 200 0 24 230 0 24 230 0 24 230 0 24 230 0 24 230 0 24 230 0 24 230 0 24 230 0 21 231 0 26 229 0 28 229 1 18 234 0 5 243 0 0 248 0 0 250 0 3 247 0 0 248 2 0 248 2 0 248 2 0 248 2 0 248 2 0 248 2 0 248 2 0 248 2 0 217 0 0 217 0 0 217 0 0 217 0 0 217 0 0 217 0 0 217 0 0 217 0 5 216 0 0 218 0 0 215 0 5 214 8 0 187 0 8 186 2 3 182 2 0 185 3 2 184 1 2 184 1 2 184 1 2 184 1 2 184 1 2 184 1 2 184 1 2 184 1 0 153 0 0 153 0 0 153 0 0 153 0 0 153 0 0 153 0 0 153 0 0 153 0 3 152 0 0 156 1 0 152 0 3 150 8 0 124 0 7 122 1 2 119 2 0 122 4 0 122 1 0 122 1 0 122 1 0 122 1 0 122 1 0 122 1 0 122 1 0 122 1 0 89 1 0 89 1 0 89 1 0 89 1 0 89 1 0 89 1 0 89 1 0 89 1 3 88 0 0 90 0 0 87 0 4 85 8 0 59 0 8 57 1 1 54 0 0 57 3 0 58 0 0 58 0 0 58 0 0 58 0 0 58 0 0 58 0 0 58 0 0 58 0 0 24 0 0 24 0 0 24 0 0 24 0 0 24 0 0 24 0 0 24 0 0 24 0 1 28 0 0 26 6 6 24 10 30 8 0 233 28 25 252 10 0 254 8 0 245 5 4 250 7 1 249 8 1 249 8 1 247 8 1 247 8 1 246 9 1 246 9 1 244 10 1 218 39 0 218 39 0 217 40 0 217 40 0 216 40 0 214 41 0 214 41 0 214 41 0 216 40 1 219 40 0 215 38 0 204 47 0 195 65 3 184 73 2 178 72 0 182 72 0 183 72 0 183 72 0 183 72 0 183 72 0 183 72 0 183 72 0 183 72 0 183 72 0 149 105 0 149 105 0 149 105 0 149 105 0 149 105 0 149 105 0 149 105 0 149 105 0 149 105 0 215 37 0 215 37 0 215 37 0 215 37 0 215 37 0 215 37 0 215 37 0 215 37 0 218 38 3 222 38 4 216 36 0 206 46 0 197 64 5 185 72 4 179 71 0 183 71 0 185 68 0 185 68 0 183 69 0 183 69 0 182 69 0 182 69 0 181 70 0 181 70 0 158 100 0 156 101 0 156 101 0 155 102 0 155 102 0 154 102 0 154 102 0 152 103 0 154 102 1 157 102 1 152 101 0 141 109 0 132 128 3 120 136 3 116 134 0 120 134 0 122 134 0 122 134 0 122 134 0 121 135 0 119 135 0 119 135 0 118 136 0 118 136 0 89 166 0 89 166 0 89 166 0 89 166 0 89 166 0 89 166 0 89 166 0 89 166 0 86 167 2 91 166 1 87 164 0 76 173 0 69 191 4 57 199 3 52 197 0 58 196 0 59 197 0 57 197 0 57 197 0 56 198 0 56 198 0 54 199 0 54 199 0 53 200 0 24 230 0 24 230 0 24 230 0 24 230 0 24 230 0 24 230 0 24 230 0 24 230 0 21 231 0 26 229 0 28 229 1 18 234 0 5 243 0 0 248 0 0 250 0 3 247 0 0 248 2 0 248 2 0 248 2 0 248 2 0 248 2 0 248 2 0 248 2 0 248 2 0 217 0 0 217 0 0 217 0 0 217 0 0 217 0 0 217 0 
0 217 0 0 217 0 5 216 0 0 218 0 0 215 0 5 214 8 0 187 0 8 186 2 3 182 2 0 185 3 2 184 1 2 184 1 2 184 1 2 184 1 2 184 1 2 184 1 2 184 1 2 184 1 0 153 0 0 153 0 0 153 0 0 153 0 0 153 0 0 153 0 0 153 0 0 153 0 3 152 0 0 156 1 0 152 0 3 150 8 0 124 0 7 122 1 2 119 2 0 122 4 0 122 1 0 122 1 0 122 1 0 122 1 0 122 1 0 122 1 0 122 1 0 122 1 0 89 1 0 89 1 0 89 1 0 89 1 0 89 1 0 89 1 0 89 1 0 89 1 3 88 0 0 90 0 0 87 0 4 85 8 0 59 0 8 57 1 1 54 0 0 57 3 0 58 0 0 58 0 0 58 0 0 58 0 0 58 0 0 58 0 0 58 0 0 58 0 0 24 0 0 24 0 0 24 0 0 24 0 0 24 0 0 24 0 0 24 0 0 24 0 1 28 0 0 26 6 6 24 10 30 8 0 233 28 25 252 10 0 254 8 0 245 5 4 250 7 1 249 8 1 249 8 1 247 8 1 247 8 1 246 9 1 246 9 1 244 10 1 218 39 0 218 39 0 217 40 0 217 40 0 216 40 0 214 41 0 214 41 0 214 41 0 216 40 1 219 40 0 215 38 0 204 47 0 195 65 3 184 73 2 178 72 0 182 72 0 183 72 0 183 72 0 183 72 0 183 72 0 183 72 0 183 72 0 183 72 0 183 72 0 149 105 0 149 105 0 149 105 0 149 105 0 149 105 0 149 105 0 149 105 0 149 105 0 149 105 0 215 37 0 215 37 0 215 37 0 215 37 0 215 37 0 215 37 0 215 37 0 215 37 0 218 38 3 222 38 4 216 36 0 206 46 0 197 64 5 185 72 4 179 71 0 183 71 0 185 68 0 185 68 0 183 69 0 183 69 0 182 69 0 182 69 0 181 70 0 181 70 0 158 100 0 156 101 0 156 101 0 155 102 0 155 102 0 154 102 0 154 102 0 152 103 0 154 102 1 157 102 1 152 101 0 141 109 0 132 128 3 120 136 3 116 134 0 120 134 0 122 134 0 122 134 0 122 134 0 121 135 0 119 135 0 119 135 0 118 136 0 118 136 0 89 166 0 89 166 0 89 166 0 89 166 0 89 166 0 89 166 0 89 166 0 89 166 0 86 167 2 91 166 1 87 164 0 76 173 0 69 191 4 57 199 3 52 197 0 58 196 0 59 197 0 57 197 0 57 197 0 56 198 0 56 198 0 54 199 0 54 199 0 53 200 0 24 230 0 24 230 0 24 230 0 24 230 0 24 230 0 24 230 0 24 230 0 24 230 0 21 231 0 26 229 0 28 229 1 18 234 0 5 243 0 0 248 0 0 250 0 3 247 0 0 248 2 0 248 2 0 248 2 0 248 2 0 248 2 0 248 2 0 248 2 0 248 2 0 217 0 0 217 0 0 217 0 0 217 0 0 217 0 0 217 0 0 217 0 0 217 0 5 216 0 0 218 0 0 215 0 5 214 8 0 187 0 8 186 2 3 182 2 0 185 3 2 184 1 2 184 1 2 184 1 2 184 1 2 184 1 2 184 1 2 184 1 2 184 1 0 153 0 0 153 0 0 153 0 0 153 0 0 153 0 0 153 0 0 153 0 0 153 0 3 152 0 0 156 1 0 152 0 3 150 8 0 124 0 
7 122 1 2 119 2 0 122 4 0 122 1 0 122 1 0 122 1 0 122 1 0 122 1 0 122 1 0 122 1 0 122 1 0 89 1 0 89 1 0 89 1 0 89 1 0 89 1 0 89 1 0 89 1 0 89 1 3 88 0 0 90 0 0 87 0 4 85 8 0 59 0 8 57 1 1 54 0 0 57 3 0 58 0 0 58 0 0 58 0 0 58 0 0 58 0 0 58 0 0 58 0 0 58 0 0 24 0 0 24 0 0 24 0 0 24 0 0 24 0 0 24 0 0 24 0 0 24 0 1 28 0 0 26 6 6 24 10 30 8 0 233 28 25 252 10 0 254 8 0 245 5 4 250 7 1 249 8 1 249 8 1 247 8 1 247 8 1 246 9 1 246 9 1 244 10 1 218 39 0 218 39 0 217 40 0 217 40 0 216 40 0 214 41 0 214 41 0 214 41 0 216 40 1 219 40 0 215 38 0 204 47 0 195 65 3 184 73 2 178 72 0 182 72 0 183 72 0 183 72 0 183 72 0 183 72 0 183 72 0 183 72 0 183 72 0 183 72 0 149 105 0 149 105 0 149 105 0 149 105 0 149 105 0 149 105 0 149 105 0 149 105 0 149 105 0 215 37 0 215 37 0 215 37 0 215 37 0 215 37 0 215 37 0 215 37 0 215 37 0 218 38 3 222 38 4 216 36 0 206 46 0 197 64 5 185 72 4 179 71 0 183 71 0 185 68 0 185 68 0 183 69 0 183 69 0 182 69 0 182 69 0 181 70 0 181 70 0 158 100 0 156 101 0 156 101 0 155 102 0 155 102 0 154 102 0 154 102 0 152 103 0 154 102 1 157 102 1 152 101 0 141 109 0 132 128 3 120 136 3 116 134 0 120 134 0 122 134 0 122 134 0 122 134 0 121 135 0 119 135 0 119 135 0 118 136 0 118 136 0 89 166 0 89 166 0 89 166 0 89 166 0 89 166 0 89 166 0 89 166 0 89 166 0 86 167 2 91 166 1 87 164 0 76 173 0 69 191 4 57 199 3 52 197 0 58 196 0 59 197 0 57 197 0 57 197 0 56 198 0 56 198 0 54 199 0 54 199 0 53 200 0 24 230 0 24 230 0 24 230 0 24 230 0 24 230 0 24 230 0 24 230 0 24 230 0 21 231 0 26 229 0 28 229 1 18 234 0 5 243 0 0 248 0 0 250 0 3 247 0 0 248 2 0 248 2 0 248 2 0 248 2 0 248 2 0 248 2 0 248 2 0 248 2 0 217 0 0 217 0 0 217 0 0 217 0 0 217 0 0 217 0 0 217 0 0 217 0 5 216 0 0 218 0 0 215 0 5 214 8 0 187 0 8 186 2 3 182 2 0 185 3 2 184 1 2 184 1 2 184 1 2 184 1 2 184 1 2 184 1 2 184 1 2 184 1 0 153 0 0 153 0 0 153 0 0 153 0 0 153 0 0 153 0 0 153 0 0 153 0 3 152 0 0 156 1 0 152 0 3 150 8 0 124 0 7 122 1 2 119 2 0 122 4 0 122 1 0 122 1 0 122 1 0 122 1 0 122 1 0 122 1 0 122 1 0 122 1 0 89 1 0 89 1 0 89 1 0 89 1 0 89 1 0 89 1 0 89 1 0 89 1 3 88 0 0 90 0 0 87 0 4 85 8 0 59 0 8 57 1 1 54 0 0 57 3 0 58 0 0 58 0 0 58 0 0 58 0 
0 58 0 0 58 0 0 58 0 0 58 0 0 24 0 0 24 0 0 24 0 0 24 0 0 24 0 0 24 0 0 24 0 0 24 0 1 28 0 0 26 6 6 24 10 30 8 0 233 28 25 252 10 0 254 8 0 245 5 4 250 7 1 249 8 1 249 8 1 247 8 1 247 8 1 246 9 1 246 9 1 244 10 1 218 39 0 218 39 0 217 40 0 217 40 0 216 40 0 214 41 0 214 41 0 214 41 0 216 40 1 219 40 0 215 38 0 204 47 0 195 65 3 184 73 2 178 72 0 182 72 0 183 72 0 183 72 0 183 72 0 183 72 0 183 72 0 183 72 0 183 72 0 183 72 0 149 105 0 149 105 0 149 105 0 149 105 0 149 105 0 149 105 0 149 105 0 149 105 0 149 105 0 215 37 0 215 37 0 215 37 0 215 37 0 215 37 0 215 37 0 215 37 0 215 37 0 218 38 3 222 38 4 216 36 0 206 46 0 197 64 5 185 72 4 179 71 0 183 71 0 185 68 0 185 68 0 183 69 0 183 69 0 182 69 0 182 69 0 181 70 0 181 70 0 158 100 0 156 101 0 156 101 0 155 102 0 155 102 0 154 102 0 154 102 0 152 103 0 154 102 1 157 102 1 152 101 0 141 109 0 132 128 3 120 136 3 116 134 0 120 134 0 122 134 0 122 134 0 122 134 0 121 135 0 119 135 0 119 135 0 118 136 0 118 136 0 89 166 0 89 166 0 89 166 0 89 166 0 89 166 0 89 166 0 89 166 0 89 166 0 86 167 2 91 166 1 87 164 0 76 173 0 69 191 4 57 199 3 52 197 0 58 196 0 59 197 0 57 197 0 57 197 0 56 198 0 56 198 0 54 199 0 54 199 0 53 200 0 24 230 0 24 230 0 24 230 0 24 230 0 24 230 0 24 230 0 24 230 0 24 230 0 21 231 0 26 229 0 28 229 1 18 234 0 5 243 0 0 248 0 0 250 0 3 247 0 0 248 2 0 248 2 0 248 2 0 248 2 0 248 2 0 248 2 0 248 2 0 248 2 0 217 0 0 217 0 0 217 0 0 217 0 0 217 0 0 217 0 0 217 0 0 217 0 5 216 0 0 218 0 0 215 0 5 214 8 0 187 0 8 186 2 3 182 2 0 185 3 2 184 1 2 184 1 2 184 1 2 184 1 2 184 1 2 184 1 2 184 1 2 184 1 0 153 0 0 153 0 0 153 0 0 153 0 0 153 0 0 153 0 0 153 0 0 153 0 3 152 0 0 156 1 0 152 0 3 150 8 0 124 0 7 122 1 2 119 2 0 122 4 0 122 1 0 122 1 0 122 1 0 122 1 0 122 1 0 122 1 0 122 1 0 122 1 0 89 1 0 89 1 0 89 1 0 89 1 0 89 1 0 89 1 0 89 1 0 89 1 3 88 0 0 90 0 0 87 0 4 85 8 0 59 0 8 57 1 1 54 0 0 57 3 0 58 0 0 58 0 0 58 0 0 58 0 0 58 0 0 58 0 0 58 0 0 58 0 0 24 0 0 24 0 0 24 0 0 24 0 0 24 0 0 24 0 0 24 0 0 24 0 1 28 0 0 26 6 6 24 10 30 8 0 233 28 25 252 10 0 254 8 0 245 5 4 250 7 1 249 8 1 249 8 1 247 8 1 247 8 1 246 9 1 246 9 1 244 10 1 218 39 0 218 39 0 217 40 0 
217 40 0 216 40 0 214 41 0 214 41 0 214 41 0 216 40 1 219 40 0 215 38 0 204 47 0 195 65 3 184 73 2 178 72 0 182 72 0 183 72 0 183 72 0 183 72 0 183 72 0 183 72 0 183 72 0 183 72 0 183 72 0 149 105 0 149 105 0 149 105 0 149 105 0 149 105 0 149 105 0 149 105 0 149 105 0 149 105 0 215 37 0 215 37 0 215 37 0 215 37 0 215 37 0 215 37 0 215 37 0 215 37 0 218 38 3 222 38 4 216 36 0 206 46 0 197 64 5 185 72 4 179 71 0 183 71 0 185 68 0 185 68 0 183 69 0 183 69 0 182 69 0 182 69 0 181 70 0 181 70 0 158 100 0 156 101 0 156 101 0 155 102 0 155 102 0 154 102 0 154 102 0 152 103 0 154 102 1 157 102 1 152 101 0 141 109 0 132 128 3 120 136 3 116 134 0 120 134 0 122 134 0 122 134 0 122 134 0 121 135 0 119 135 0 119 135 0 118 136 0 118 136 0 89 166 0 89 166 0 89 166 0 89 166 0 89 166 0 89 166 0 89 166 0 89 166 0 86 167 2 91 166 1 87 164 0 76 173 0 69 191 4 57 199 3 52 197 0 58 196 0 59 197 0 57 197 0 57 197 0 56 198 0 56 198 0 54 199 0 54 199 0 53 200 0 24 230 0 24 230 0 24 230 0 24 230 0 24 230 0 24 230 0 24 230 0 24 230 0 21 231 0 26 229 0 28 229 1 18 234 0 5 243 0 0 248 0 0 250 0 3 247 0 0 248 2 0 248 2 0 248 2 0 248 2 0 248 2 0 248 2 0 248 2 0 248 2 0 217 0 0 217 0 0 217 0 0 217 0 0 217 0 0 217 0 0 217 0 0 217 0 5 216 0 0 218 0 0 215 0 5 214 8 0 187 0 8 186 2 3 182 2 0 185 3 2 184 1 2 184 1 2 184 1 2 184 1 2 184 1 2 184 1 2 184 1 2 184 1 0 153 0 0 153 0 0 153 0 0 153 0 0 153 0 0 153 0 0 153 0 0 153 0 3 152 0 0 156 1 0 152 0 3 150 8 0 124 0 7 122 1 2 119 2 0 122 4 0 122 1 0 122 1 0 122 1 0 122 1 0 122 1 0 122 1 0 122 1 0 122 1 0 89 1 0 89 1 0 89 1 0 89 1 0 89 1 0 89 1 0 89 1 0 89 1 3 88 0 0 90 0 0 87 0 4 85 8 0 59 0 8 57 1 1 54 0 0 57 3 0 58 0 0 58 0 0 58 0 0 58 0 0 58 0 0 58 0 0 58 0 0 58 0 0 24 0 0 24 0 0 24 0 0 24 0 0 24 0 0 24 0 0 24 0 0 24 0 1 28 0 0 26 6 6 24 10 30 8 0 233 28 25 252 10 0 254 8 0 245 5 4 250 7 1 249 8 1 249 8 1 247 8 1 247 8 1 246 9 1 246 9 1 244 10 1 218 39 0 218 39 0 217 40 0 217 40 0 216 40 0 214 41 0 214 41 0 214 41 0 216 40 1 219 40 0 215 38 0 204 47 0 195 65 3 184 73 2 178 72 0 182 72 0 183 72 0 183 72 0 183 72 0 183 72 0 183 72 0 183 72 0 183 72 0 183 72 0 149 105 0 149 105 0 149 105 0 149 105 0 149 105 0 149 105 0 149 105 0 149 105 0 149 105 0 215 37 0 
215 37 0 215 37 0 215 37 0 215 37 0 215 37 0 215 37 0 215 37 0 218 38 3 222 38 4 216 36 0 206 46 0 197 64 5 185 72 4 179 71 0 183 71 0 185 68 0 185 68 0 183 69 0 183 69 0 182 69 0 182 69 0 181 70 0 181 70 0 158 100 0 156 101 0 156 101 0 155 102 0 155 102 0 154 102 0 154 102 0 152 103 0 154 102 1 157 102 1 152 101 0 141 109 0 132 128 3 120 136 3 116 134 0 120 134 0 122 134 0 122 134 0 122 134 0 121 135 0 119 135 0 119 135 0 118 136 0 118 136 0 89 166 0 89 166 0 89 166 0 89 166 0 89 166 0 89 166 0 89 166 0 89 166 0 86 167 2 91 166 1 87 164 0 76 173 0 69 191 4 57 199 3 52 197 0 58 196 0 59 197 0 57 197 0 57 197 0 56 198 0 56 198 0 54 199 0 54 199 0 53 200 0 24 230 0 24 230 0 24 230 0 24 230 0 24 230 0 24 230 0 24 230 0 24 230 0 21 231 0 26 229 0 28 229 1 18 234 0 5 243 0 0 248 0 0 250 0 3 247 0 0 248 2 0 248 2 0 248 2 0 248 2 0 248 2 0 248 2 0 248 2 0 248 2 0 217 0 0 217 0 0 217 0 0 217 0 0 217 0 0 217 0 0 217 0 0 217 0 5 216 0 0 218 0 0 215 0 5 214 8 0 187 0 8 186 2 3 182 2 0 185 3 2 184 1 2 184 1 2 184 1 2 184 1 2 184 1 2 184 1 2 184 1 2 184 1 0 153 0 0 153 0 0 153 0 0 153 0 0 153 0 0 153 0 0 153 0 0 153 0 3 152 0 0 156 1 0 152 0 3 150 8 0 124 0 7 122 1 2 119 2 0 122 4 0 122 1 0 122 1 0 122 1 0 122 1 0 122 1 0 122 1 0 122 1 0 122 1 0 89 1 0 89 1 0 89 1 0 89 1 0 89 1 0 89 1 0 89 1 0 89 1 3 88 0 0 90 0 0 87 0 4 85 8 0 59 0 8 57 1 1 54 0 0 57 3 0 58 0 0 58 0 0 58 0 0 58 0 0 58 0 0 58 0 0 58 0 0 58 0 0 24 0 0 24 0 0 24 0 0 24 0 0 24 0 0 24 0 0 24 0 0 24 0 1 28 0 0 26 6 6 24 10 30 8 0 233 28 25 252 10 0 254 8 0 245 5 4 250 7 1 249 8 1 249 8 1 247 8 1 247 8 1 246 9 1 246 9 1 244 10 1 218 39 0 218 39 0 217 40 0 217 40 0 216 40 0 214 41 0 214 41 0 214 41 0 216 40 1 219 40 0 215 38 0 204 47 0 195 65 3 184 73 2 178 72 0 182 72 0 183 72 0 183 72 0 183 72 0 183 72 0 183 72 0 183 72 0 183 72 0 183 72 0 149 105 0 149 105 0 149 105 0 149 105 0 149 105 0 149 105 0 149 105 0 149 105 0 149 105 0 215 37 0 215 37 0 215 37 0 215 37 0 215 37 0 215 37 0 215 37 0 215 37 0 218 38 3 222 38 4 216 36 0 206 46 0 197 64 5 185 72 4 179 71 0 183 71 0 185 68 0 185 68 0 183 69 0 183 69 0 182 69 0 182 69 0 181 70 0 181 70 0 158 100 0 156 101 0 156 101 0 155 102 0 155 102 0 154 102 0 154 102 0 152 103 0 
154 102 1 157 102 1 152 101 0 141 109 0 132 128 3 120 136 3 116 134 0 120 134 0 122 134 0 122 134 0 122 134 0 121 135 0 119 135 0 119 135 0 118 136 0 118 136 0 89 166 0 89 166 0 89 166 0 89 166 0 89 166 0 89 166 0 89 166 0 89 166 0 86 167 2 91 166 1 87 164 0 76 173 0 69 191 4 57 199 3 52 197 0 58 196 0 59 197 0 57 197 0 57 197 0 56 198 0 56 198 0 54 199 0 54 199 0 53 200 0 24 230 0 24 230 0 24 230 0 24 230 0 24 230 0 24 230 0 24 230 0 24 230 0 21 231 0 26 229 0 28 229 1 18 234 0 5 243 0 0 248 0 0 250 0 3 247 0 0 248 2 0 248 2 0 248 2 0 248 2 0 248 2 0 248 2 0 248 2 0 248 2 0 217 0 0 217 0 0 217 0 0 217 0 0 217 0 0 217 0 0 217 0 0 217 0 5 216 0 0 218 0 0 215 0 5 214 8 0 187 0 8 186 2 3 182 2 0 185 3 2 184 1 2 184 1 2 184 1 2 184 1 2 184 1 2 184 1 2 184 1 2 184 1 0 153 0 0 153 0 0 153 0 0 153 0 0 153 0 0 153 0 0 153 0 0 153 0 3 152 0 0 156 1 0 152 0 3 150 8 0 124 0 7 122 1 2 119 2 0 122 4 0 122 1 0 122 1 0 122 1 0 122 1 0 122 1 0 122 1 0 122 1 0 122 1 0 89 1 0 89 1 0 89 1 0 89 1 0 89 1 0 89 1 0 89 1 0 89 1 3 88 0 0 90 0 0 87 0 4 85 8 0 59 0 8 57 1 1 54 0 0 57 3 0 58 0 0 58 0 0 58 0 0 58 0 0 58 0 0 58 0 0 58 0 0 58 0 0 24 0 0 24 0 0 24 0 0 24 0 0 24 0 0 24 0 0 24 0 0 24 0 1 28 0 0 26 6 6 24 10 30 8 0 233 28 25 252 10 0 254 8 0 245 5 4 250 7 1 249 8 1 249 8 1 247 8 1 247 8 1 246 9 1 246 9 1 244 10 1 218 39 0 218 39 0 217 40 0 217 40 0 216 40 0 214 41 0 214 41 0 214 41 0 216 40 1 219 40 0 215 38 0 204 47 0 195 65 3 184 73 2 178 72 0 182 72 0 183 72 0 183 72 0 183 72 0 183 72 0 183 72 0 183 72 0 183 72 0 183 72 0 149 105 0 149 105 0 149 105 0 149 105 0 149 105 0 149 105 0 149 105 0 149 105 0 149 105 0 149 105 0 149 105 0 149 105 0 149 105 0 149 105 0 149 105 0 149 105 0 149 105 0 149 105 0 149 105 0 149 105 0 149 105 0 149 105 0 149 105 0 149 105 0 149 105 0 149 105 0 149 105 0 149 105 0 149 105 0 149 105 0 149 105 0 149 105 0 149 105 0 149 105 0 149 105 0 149 105 0 149 105 0 149 105 0 149 105 0 149 105 0 149 105 0 149 105 0 149 105 0 149 105 0 149 105 0 149 105 0 149 105 0 149 105 0 149 105 0 149 105 0 149 105 0 149 105 0 149 105 0 149 105 0 149 105 0 149 105 0 149 105 0 149 105 0 149 105 0 149 105 0 149 105 0 149 105 0 149 105 0 149 105 0 149 105 0 149 105 0 149 105 0 149 105 0 149 105 0 149 105 0 149 105 0 149 105 0 
149 105 0 149 105 0 149 105 0 149 105 0 149 105 0 149 105 0 149 105 0 149 105 0 149 105 0 149 105 0 149 105 0 149 105 0 149 105 0 149 105 0 149 105 0 149 105 0 149 105 0 149 105 0 149 105 0 149 105 0 149 105 0 149 105 0 149 105 0 149 105 0 149 105 0 149 105 0 149 105 0 149 105 0 149 105 0 149 105 0 149 105 0 149 105 0 149 105 0 149 105 0 149 105 0 149 105 0 149 105 0 149 105 0 149 105 0 149 105 0 149 105 0 149 105 0 149 105 0 149 105 0 149 105 0 149 105 0 149 105 0 149 105 0 149 105 0 149 105 0 149 105 0 149 105 0 149 105 0 149 105 0 149 105 0 149 105 0 149 105 0 149 105 0 149 105 0 149 105 0 149 105 0 149 105 0 149 105 0 149 105 0 149 105 0 149 105 0 149 105 0 149 105 0 149 105 0 149 105 0 149 105 0 149 105 0 149 105 0 149 105 0 149 105 0 149 105 0 149 105 0 149 105 0 149 105 0 149 105 0 149 105 0 149 105 0 149 105 0 149 105 0 149 105 0 149 105 0 149 105 0 149 105 0 149 105 0 149 105 0 149 105 0 149 105 0 149 105 0 149 105 0 149 105 0 149 105 0 149 105 0 149 105 0 149 105 0 149 105 0 149 105 0 149 105 0 149 105 0 149 105 0 149 105 0 149 105 0 149 105 0 149 105 0 149 105 0 149 105 0 149 105 0 149 105 0 149 105 0 149 105 0 149 105 0 149 105 0 149 105 0 149 105 0 149 105 0 149 105 0 149 105 0 149 105 0 149 105 0 149 105 0 149 105 0 149 105 0 149 105 0 149 105 0 149 105 0 149 105 0 149 105 0 149 105 0 149 105 0 149 105 0 149 105 0 149 105 0 149 105 0 149 105 0 149 105 0 149 105 0 149 105 0 149 105 0 149 105 0 149 105 0 149 105 0 149 105 0 149 105 0 149 105 0 149 105 0 149 105 0 149 105 0 149 105 0 149 105 0 149 105 0 149 105 0 149 105 0 149 105 0 149 105 0 149 105 0 149 105 0 149 105 0 149 105 0 149 105 0 149 105 0 149 105 0 149 105 0 149 105 0 149 105 0 149 105 0 149 105 0 149 105 0 149 105 0 149 105 0 149 105 0 149 105 0 149 105 0 149 105 0 149 105 0 149 105 0 149 105 0 149 105 0 149 105 0 149 105 0 149 105 0 149 105 0 149 105 0 149 105 0 149 105 0 149 105 0 149 105 0 149 105 0 149 105 0 149 105 0 149 105 0 149 105 0 149 105 0 149 105 0 149 105 0 149 105 0 149 105 0 149 105 0 149 105 0 149 105 0 149 105 0 149 105 0 149 105 0 149 105 0 149 105 0 149 105 0 149 105 0 149 105 0 149 105 0 149 105 0 149 105 0 149 105 0 149 105 0 149 105 0 149 105 0 149 105 0 149 105 0 149 105 0 149 105 0 149 105 0 149 105 0 149 105 0 149 105 0 149 105 0 149 105 0 149 105 0 149 105 0 149 105 0 149 105 0 149 105 0 149 105 0 149 105 0 149 105 0 149 105 0 149 105 0 149 105 0 149 105 0 149 105 0 149 105 0 149 105 0 149 105 0 149 105 0 149 105 0 149 105 0 149 105 0 149 105 0 149 105 0 149 105 0 149 105 0 149 105 0 149 105 0 149 105 0 149 105 0 
149 105 0 149 105 0 149 105 0 149 105 0 149 105 0 149 105 0 149 105 0 149 105 0 149 105 0 149 105 0 149 105 0 149 105 0 149 105 0 149 105 0 149 105 0 149 105 0 149 105 0 149 105 0 149 105 0 149 105 0 149 105 0 149 105 0 149 105 0 149 105 0 149 105 0 149 105 0 149 105 0 149 105 0 149 105 0 149 105 0 149 105 0 149 105 0 149 105 0 149 105 0 149 105 0 149 105 0 149 105 0 149 105 0 149 105 0 149 105 0 149 105 0 149 105 0 149 105 0 149 105 0 149 105 0 149 105 0 149 105 0 149 105 0 149 105 0 149 105 0 149 105 0 149 105 0 149 105 0 149 105 0 149 105 0 149 105 0 149 105 0 149 105 0 149 105 0 149 105 0 149 105 0 149 105 0 149 105 0 149 105 0 149 105 0 149 105 0 149 105 0 149 105 0 149 105 0 149 105 0 149 105 0 149 105 0 149 105 0 149 105 0 149 105 0 149 105 0 149 105 0 149 105 0 149 105 0 149 105 0 149 105 0 149 105 0 149 105 0 149 105 0 149 105 0 149 105 0 149 105 0 149 105 0 149 105 0 149 105 0 149 105 0 149 105 0 149 105 0 149 105 0 149 105 0 149 105 0 149 105 0 149 105 0 149 105 0 149 105 0 149 105 0 149 105 0 149 105 0 149 105 0 149 105 0 149 105 0 149 105 0 149 105 0 149 105 0 149 105 0 149 105 0 149 105 0 149 105 0 149 105 0 149 105 0 149 105 0 149 105 0 149 105 0 149 105 0 149 105 0 149 105 0 149 105 0 149 105 0 149 105 0 149 105 0 149 105 0 149 105 0 149 105 0 149 105 0 149 105 0 149 105 0 149 105 0 149 105 0 149 105 0 149 105 0 149 105 0 149 105 0 149 105 0 149 105 0 149 105 0 149 105 0 149 105 0 149 105 0 149 105 0 149 105 0 149 105 0 149 105 0 149 105 0 149 105 0 149 105 0 149 105 0 149 105 0 149 105 0 149 105 0 149 105 0 149 105 0 149 105 0 149 105 0 149 105 0 149 105 0 149 105 0 149 105 0 149 105 0 149 105 0 149 105 0 149 105 0 149 105 0 149 105 0 149 105 0 149 105 0 149 105 0 149 105 0 149 105 0 149 105 0 149 105 0 149 105 0 149 105 0 149 105 0 149 105 0 149 105 0 149 105 0 149 105 0 149 105 0 149 105 0 149 105 0 149 105 0 149 105 0 149 105 0 149 105 0 149 105 0 149 105 0 149 105 0 149 105 0 149 105 0 149 105 0 149 105 0 149 105 0 149 105 0 149 105 0 149 105 0 149 105 0 149 105 0 149 105 0 149 105 0 149 105 0 149 105 0 149 105 0 149 105 0 149 105 0 149 105 0 149 105 0 149 105 0 149 105 0 149 105 0 149 105 0 149 105 0 149 105 0 149 105 0 149 105 0 149 105 0 149 105 0 149 105 0 149 105 0 149 105 0 149 105 0 149 105 0 149 105 0 149 105 0 149 105 0 149 105 0 149 105 0 149 105 0 149 105 0 149 105 0 149 105 0 149 105 0 149 105 0 149 105 0 149 105 0 149 105 0 149 105 0 149 105 0 149 105 0 149 105 0 149 105 0 149 105 0 149 105 0 149 105 0 149 105 0 149 105 0 149 105 0 149 105 0 149 105 0 149 105 0 149 105 0 149 105 0 
149 105 0 149 105 0 149 105 0 149 105 0 149 105 0 149 105 0 149 105 0 149 105 0 149 105 0 149 105 0 149 105 0 149 105 0 149 105 0 149 105 0 149 105 0 149 105 0 149 105 0 149 105 0 149 105 0 149 105 0 149 105 0 149 105 0 149 105 0 149 105 0 149 105 0 149 105 0 149 105 0 149 105 0 149 105 0 149 105 0 149 105 0 149 105 0 149 105 0 149 105 0 149 105 0 149 105 0 149 105 0 149 105 0 149 105 0 149 105 0 149 105 0 149 105 0 149 105 0 149 105 0 149 105 0 149 105 0 149 105 0 149 105 0 149 105 0 149 105 0 149 105 0 149 105 0 149 105 0 149 105 0 149 105 0 149 105 0 149 105 0 149 105 0 149 105 0 149 105 0 149 105 0 149 105 0 149 105 0 149 105 0 149 105 0 149 105 0 149 105 0 149 105 0 149 105 0 149 105 0 149 105 0 149 105 0 149 105 0 149 105 0 149 105 0 149 105 0 149 105 0 149 105 0 149 105 0 149 105 0 149 105 0 149 105 0 149 105 0 149 105 0 149 105 0 149 105 0 149 105 0 149 105 0 149 105 0 149 105 0 149 105 0 149 105 0 149 105 0 149 105 0 149 105 0 149 105 0 149 105 0 149 105 0 149 105 0 149 105 0 149 105 0 149 105 0 149 105 0 149 105 0 149 105 0 149 105 0 149 105 0 149 105 0 149 105 0 149 105 0 149 105 0 149 105 0 149 105 0 149 105 0 149 105 0 149 105 0 149 105 0 149 105 0 149 105 0 149 105 0 149 105 0 149 105 0 149 105 0 149 105 0 149 105 0 149 105 0 149 105 0 149 105 0 149 105 0 149 105 0 149 105 0 149 105 0 149 105 0 149 105 0 149 105 0 149 105 0 149 105 0 149 105 0 149 105 0 149 105 0 149 105 0 149 105 0 149 105 0 149 105 0 149 105 0 149 105 0 149 105 0 149 105 0 149 105 0 149 105 0 149 105 0 149 105 0 149 105 0 149 105 0 149 105 0 149 105 0 149 105 0 149 105 0 149 105 0 149 105 0 149 105 0 149 105 0 149 105 0 149 105 0 149 105 0 149 105 0 149 105 0 149 105 0 149 105 0 149 105 0 149 105 0 149 105 0 149 105 0 149 105 0 149 105 0 149 105 0 149 105 0 149 105 0 149 105 0 149 105 0 149 105 0 149 105 0 149 105 0 149 105 0 149 105 0 149 105 0 149 105 0 149 105 0 149 105 0 149 105 0 149 105 0 149 105 0 149 105 0 149 105 0 149 105 0 149 105 0 149 105 0 149 105 0 149 105 0 149 105 0 149 105 0 149 105 0 149 105 0 149 105 0 149 105 0 149 105 0 149 105 0 149 105 0 149 105 0 149 105 0 149 105 0 149 105 0 149 105 0 149 105 0 149 105 0 149 105 0 149 105 0 149 105 0 149 105 0 149 105 0 149 105 0 149 105 0 149 105 0 149 105 0 149 105 0 149 105 0 149 105 0 149 105 0 149 105 0 149 105 0 149 105 0 149 105 0 149 105 0 149 105 0 149 105 0 149 105 0 149 105 0 149 105 0 149 105 0 149 105 0 149 105 0 149 105 0 149 105 0 149 105 0 149 105 0 149 105 0 149 105 0 149 105 0 149 105 0 149 105 0 149 105 0 149 105 0 149 105 0 149 105 0 149 105 0 149 105 0 
149 105 0 149 105 0 149 105 0 149 105 0 149 105 0 149 105 0 149 105 0 149 105 0 149 105 0 149 105 0 149 105 0 149 105 0 149 105 0 149 105 0 149 105 0 149 105 0 149 105 0 149 105 0 149 105 0 149 105 0 149 105 0 149 105 0 149 105 0 149 105 0 149 105 0 149 105 0 149 105 0 149 105 0 149 105 0 149 105 0 149 105 0 149 105 0 149 105 0 149 105 0 149 105 0 149 105 0 149 105 0 149 105 0 149 105 0 149 105 0 149 105 0 149 105 0 149 105 0 149 105 0 149 105 0 149 105 0 149 105 0 149 105 0 149 105 0 149 105 0 149 105 0 149 105 0 149 105 0 149 105 0 149 105 0 149 105 0 149 105 0 149 105 0 149 105 0 149 105 0 149 105 0 149 105 0 149 105 0 149 105 0 149 105 0 149 105 0 149 105 0 149 105 0 149 105 0 149 105 0 149 105 0 149 105 0 149 105 0 149 105 0 149 105 0 149 105 0 149 105 0 149 105 0 149 105 0 149 105 0 149 105 0 149 105 0 149 105 0 149 105 0 149 105 0 149 105 0 149 105 0 149 105 0 149 105 0 149 105 0 149 105 0 149 105 0 149 105 0 149 105 0 149 105 0 149 105 0 149 105 0 149 105 0 149 105 0 149 105 0 149 105 0 149 105 0 149 105 0 149 105 0 149 105 0 149 105 0 149 105 0 149 105 0 149 105 0 149 105 0 149 105 0 149 105 0 149 105 0 149 105 0 149 105 0 149 105 0 149 105 0 149 105 0 149 105 0 149 105 0 149 105 0 149 105 0 149 105 0 149 105 0 149 105 0 149 105 0 149 105 0 149 105 0 149 105 0 149 105 0 149 105 0 149 105 0 149 105 0 149 105 0 149 105 0 149 105 0 149 105 0 149 105 0 149 105 0 149 105 0 149 105 0 149 105 0 149 105 0 149 105 0 149 105 0 149 105 0 149 105 0 149 105 0 149 105 0 149 105 0 149 105 0 149 105 0 149 105 0 149 105 0 149 105 0 149 105 0 149 105 0 149 105 0 149 105 0 149 105 0 149 105 0 149 105 0 149 105 0 149 105 0 149 105 0 149 105 0 149 105 0 149 105 0 149 105 0 149 105 0 149 105 0 149 105 0 149 105 0 149 105 0 149 105 0 149 105 0 149 105 0 149 105 0 149 105 0 149 105 0 149 105 0 149 105 0 149 105 0 149 105 0 149 105 0 149 105 0 149 105 0 149 105 0 149 105 0 149 105 0 149 105 0 149 105 0 149 105 0 149 105 0 149 105 0 149 105 0 149 105 0 149 105 0 149 105 0 149 105 0 149 105 0 149 105 0 149 105 0 149 105 0 149 105 0 149 105 0 149 105 0 149 105 0 149 105 0 149 105 0 149 105 0 149 105 0 149 105 0 149 105 0 149 105 0 149 105 0 149 105 0 149 105 0 149 105 0 149 105 0 149 105 0 149 105 0 149 105 0 149 105 0 149 105 0 149 105 0 149 105 0 149 105 0 149 105 0 149 105 0 149 105 0 149 105 0 149 105 0 149 105 0 149 105 0 149 105 0 149 105 0 149 105 0 149 105 0 149 105 0 149 105 0 149 105 0 149 105 0 149 105 0 149 105 0 149 105 0 149 105 0 149 105 0 149 105 0 149 105 0 149 105 0 149 105 0 149 105 0 149 105 0 149 105 0 149 105 0 
149 105 0 149 105 0 149 105 0 149 105 0 149 105 0 149 105 0 149 105 0 149 105 0 149 105 0 149 105 0 149 105 0 149 105 0 149 105 0 149 105 0 149 105 0 149 105 0 149 105 0 149 105 0 149 105 0 149 105 0 149 105 0 149 105 0 149 105 0 149 105 0 149 105 0 149 105 0 149 105 0 149 105 0 149 105 0 149 105 0 149 105 0 149 105 0 149 105 0 149 105 0 149 105 0 149 105 0 149 105 0 149 105 0 149 105 0 149 105 0 149 105 0 149 105 0 149 105 0 149 105 0 149 105 0 149 105 0 149 105 0 149 105 0 149 105 0 149 105 0 149 105 0 149 105 0 149 105 0 149 105 0 149 105 0 149 105 0 149 105 0 149 105 0 149 105 0 149 105 0 149 105 0 149 105 0 149 105 0 149 105 0 149 105 0 149 105 0 149 105 0 149 105 0 149 105 0 149 105 0 149 105 0 149 105 0 149 105 0 149 105 0 149 105 0 149 105 0 149 105 0 149 105 0 149 105 0 149 105 0 149 105 0 149 105 0 149 105 0 149 105 0 149 105 0 149 105 0 149 105 0 149 105 0 149 105 0 149 105 0 149 105 0 149 105 0 149 105 0 149 105 0 149 105 0 149 105 0 149 105 0 149 105 0 149 105 0 149 105 0 149 105 0 149 105 0 149 105 0 149 105 0 149 105 0 149 105 0 149 105 0 149 105 0 149 105 0 149 105 0 149 105 0 149 105 0 149 105 0 149 105 0 149 105 0 149 105 0 149 105 0 149 105 0 149 105 0 149 105 0 149 105 0 149 105 0 149 105 0 149 105 0 149 105 0 149 105 0 149 105 0 149 105 0 149 105 0 149 105 0 149 105 0 149 105 0 149 105 0 149 105 0 149 105 0 149 105 0 149 105 0 149 105 0 149 105 0 149 105 0 149 105 0 149 105 0 149 105 0 149 105 0 149 105 0 149 105 0 149 105 0 149 105 0 149 105 0 149 105 0 149 105 0 149 105 0 149 105 0 149 105 0 149 105 0 149 105 0 149 105 0 149 105 0 149 105 0 149 105 0 149 105 0 149 105 0 149 105 0 149 105 0 149 105 0 149 105 0 149 105 0 149 105 0 149 105 0 149 105 0 149 105 0 149 105 0 149 105 0 149 105 0 149 105 0 149 105 0 149 105 0 149 105 0 149 105 0 149 105 0 149 105 0 149 105 0 149 105 0 149 105 0 149 105 0 149 105 0 149 105 0 149 105 0 149 105 0 149 105 0 149 105 0 149 105 0 149 105 0 149 105 0 149 105 0 149 105 0 149 105 0 149 105 0 149 105 0 149 105 0 149 105 0 149 105 0 149 105 0 149 105 0 149 105 0 149 105 0 149 105 0 149 105 0 149 105 0 149 105 0 149 105 0 149 105 0 149 105 0 149 105 0 149 105 0 149 105 0 149 105 0 149 105 0 149 105 0 149 105 0 149 105 0 149 105 0 149 105 0 149 105 0 149 105 0 149 105 0 149 105 0 149 105 0 149 105 0 149 105 0 149 105 0 149 105 0 149 105 0 149 105 0 149 105 0 149 105 0 149 105 0 149 105 0 149 105 0 149 105 0 149 105 0 149 105 0 149 105 0 149 105 0 149 105 0 149 105 0 149 105 0 149 105 0 149 105 0 149 105 0 149 105 0 149 105 0 149 105 0 149 105 0 149 105 0 149 105 0 
149 105 0 149 105 0 149 105 0 149 105 0 149 105 0 149 105 0 149 105 0 149 105 0 149 105 0 149 105 0 149 105 0 149 105 0 149 105 0 149 105 0 149 105 0 149 105 0 149 105 0 149 105 0 149 105 0 149 105 0 149 105 0 149 105 0 149 105 0 149 105 0 149 105 0 149 105 0 149 105 0 149 105 0 149 105 0 149 105 0 149 105 0 149 105 0 149 105 0 149 105 0 149 105 0 149 105 0 149 105 0 149 105 0 149 105 0 149 105 0 149 105 0 149 105 0 149 105 0 149 105 0 149 105 0 149 105 0 149 105 0 149 105 0 149 105 0 149 105 0 149 105 0 149 105 0 149 105 0 149 105 0 149 105 0 149 105 0 149 105 0 149 105 0 149 105 0 149 105 0 149 105 0 149 105 0 149 105 0 149 105 0 149 105 0 149 105 0 149 105 0 149 105 0 149 105 0 149 105 0 149 105 0 149 105 0 149 105 0 149 105 0 149 105 0 149 105 0 149 105 0 149 105 0 149 105 0 149 105 0 149 105 0 149 105 0 149 105 0 149 105 0 149 105 0 149 105 0 149 105 0 149 105 0 149 105 0 149 105 0 149 105 0 149 105 0 149 105 0 149 105 0 149 105 0 149 105 0 149 105 0 149 105 0 149 105 0 149 105 0 149 105 0 149 105 0 149 105 0 149 105 0 149 105 0 149 105 0 149 105 0 149 105 0 149 105 0 149 105 0 149 105 0 149 105 0 149 105 0 149 105 0 149 105 0 149 105 0 149 105 0 149 105 0 149 105 0 149 105 0 149 105 0 149 105 0 149 105 0 149 105 0 149 105 0 149 105 0 149 105 0 149 105 0 149 105 0 149 105 0 149 105 0 149 105 0 149 105 0 149 105 0 149 105 0 149 105 0 149 105 0 149 105 0 149 105 0 149 105 0 149 105 0 149 105 0 149 105 0 149 105 0 149 105 0 149 105 0 149 105 0 149 105 0 149 105 0 149 105 0 149 105 0 149 105 0 149 105 0 149 105 0 149 105 0 149 105 0 149 105 0 149 105 0 149 105 0 149 105 0 149 105 0 149 105 0 149 105 0 149 105 0 149 105 0 149 105 0 149 105 0 149 105 0 149 105 0 149 105 0 149 105 0 149 105 0 149 105 0 149 105 0 149 105 0 149 105 0 149 105 0 149 105 0 149 105 0 149 105 0 149 105 0 149 105 0 149 105 0 149 105 0 149 105 0 149 105 0 149 105 0 149 105 0 149 105 0 149 105 0 149 105 0 149 105 0 149 105 0 149 105 0 149 105 0 149 105 0 149 105 0 149 105 0 149 105 0 149 105 0 149 105 0 149 105 0 149 105 0 149 105 0 149 105 0 149 105 0 149 105 0 149 105 0 149 105 0 149 105 0 149 105 0 149 105 0 149 105 0 149 105 0 149 105 0 149 105 0 149 105 0 149 105 0 149 105 0 149 105 0 149 105 0 149 105 0 149 105 0 149 105 0 149 105 0 149 105 0 149 105 0 149 105 0 149 105 0 149 105 0 149 105 0 149 105 0 149 105 0 149 105 0 149 105 0 149 105 0 149 105 0 149 105 0 149 105 0 149 105 0 149 105 0 149 105 0 149 105 0 149 105 0 149 105 0 149 105 0 149 105 0 149 105 0 149 105 0 149 105 0 149 105 0 149 105 0 149 105 0 149 105 0 149 105 0 149 105 0 
149 105 0 149 105 0 149 105 0 149 105 0 149 105 0 149 105 0 149 105 0 149 105 0 149 105 0 149 105 0 149 105 0 149 105 0 149 105 0 149 105 0 149 105 0 149 105 0 149 105 0 149 105 0 149 105 0 149 105 0 149 105 0 149 105 0 149 105 0 149 105 0 149 105 0 149 105 0 149 105 0 149 105 0 149 105 0 149 105 0 149 105 0 149 105 0 149 105 0 149 105 0 149 105 0 149 105 0 149 105 0 149 105 0 149 105 0 149 105 0 149 105 0 149 105 0 149 105 0 149 105 0 149 105 0 149 105 0 149 105 0 149 105 0 149 105 0 149 105 0 149 105 0 149 105 0 149 105 0 149 105 0 149 105 0 149 105 0 149 105 0 149 105 0 149 105 0 149 105 0 149 105 0 149 105 0 149 105 0 149 105 0 149 105 0 149 105 0 149 105 0 149 105 0 149 105 0 149 105 0 149 105 0 149 105 0 149 105 0 149 105 0 149 105 0 149 105 0 149 105 0 149 105 0 149 105 0 149 105 0 149 105 0 149 105 0 149 105 0 149 105 0 149 105 0 149 105 0 149 105 0 149 105 0 149 105 0 149 105 0 149 105 0 149 105 0 149 105 0 149 105 0 149 105 0 149 105 0 149 105 0 149 105 0 149 105 0 149 105 0 149 105 0 149 105 0 149 105 0 149 105 0 149 105 0 149 105 0 149 105 0 149 105 0 149 105 0 149 105 0 149 105 0 149 105 0 149 105 0 149 105 0 149 105 0 149 105 0 149 105 0 149 105 0 149 105 0 149 105 0 149 105 0 149 105 0 149 105 0 149 105 0 149 105 0 149 105 0 149 105 0 149 105 0 149 105 0 149 105 0 149 105 0 149 105 0 149 105 0 149 105 0 149 105 0 149 105 0 149 105 0 149 105 0 149 105 0 149 105 0 149 105 0 149 105 0 149 105 0 149 105 0 149 105 0 149 105 0 149 105 0 149 105 0 149 105 0 149 105 0 149 105 0 149 105 0 149 105 0 149 105 0 149 105 0 149 105 0 149 105 0 149 105 0 149 105 0 149 105 0 149 105 0 149 105 0 149 105 0 149 105 0 149 105 0 149 105 0 149 105 0 149 105 0 149 105 0 149 105 0 149 105 0 149 105 0 149 105 0 149 105 0 149 105 0 149 105 0 149 105 0 149 105 0 149 105 0 149 105 0 149 105 0 149 105 0 149 105 0 149 105 0 149 105 0 149 105 0 149 105 0 149 105 0 149 105 0 149 105 0 149 105 0 149 105 0 149 105 0 149 105 0 149 105 0 149 105 0 149 105 0 149 105 0 149 105 0 149 105 0 149 105 0 149 105 0 149 105 0 149 105 0 149 105 0 149 105 0 149 105 0 149 105 0 149 105 0 149 105 0 149 105 0 149 105 0 149 105 0 149 105 0 149 105 0 149 105 0 149 105 0 149 105 0 149 105 0 149 105 0 149 105 0 149 105 0 149 105 0 149 105 0 149 105 0 149 105 0 149 105 0 149 105 0 149 105 0 149 105 0 149 105 0 149 105 0 149 105 0 149 105 0 149 105 0 149 105 0 149 105 0 149 105 0 149 105 0 149 105 0 149 105 0 149 105 0 149 105 0 149 105 0 149 105 0 149 105 0 149 105 0 149 105 0 149 105 0 149 105 0 149 105 0 149 105 0 149 105 0 149 105 0 149 105 0 149 105 0 
149 105 0 149 105 0 149 105 0 149 105 0 149 105 0 149 105 0 149 105 0 149 105 0 149 105 0 149 105 0 149 105 0 149 105 0 149 105 0 149 105 0 149 105 0 149 105 0 149 105 0 149 105 0 149 105 0 149 105 0 149 105 0 149 105 0 149 105 0 149 105 0 149 105 0 149 105 0 149 105 0 149 105 0 149 105 0 149 105 0 149 105 0 149 105 0 149 105 0 149 105 0 149 105 0 149 105 0 149 105 0 149 105 0 149 105 0 149 105 0 149 105 0 149 105 0 149 105 0 149 105 0 149 105 0 149 105 0 149 105 0 149 105 0 149 105 0 149 105 0 149 105 0 149 105 0 149 105 0 149 105 0 149 105 0 149 105 0 149 105 0 149 105 0 149 105 0 149 105 0 149 105 0 149 105 0 149 105 0 149 105 0 149 105 0 149 105 0 149 105 0 149 105 0 149 105 0 149 105 0 149 105 0 149 105 0 149 105 0 149 105 0 149 105 0 149 105 0 149 105 0 149 105 0 149 105 0 149 105 0 149 105 0 149 105 0 149 105 0 149 105 0 149 105 0 149 105 0 149 105 0 149 105 0 149 105 0 149 105 0 149 105 0 149 105 0 149 105 0 149 105 0 149 105 0 149 105 0 149 105 0 149 105 0 149 105 0 149 105 0 149 105 0 149 105 0 149 105 0 149 105 0 149 105 0 149 105 0 149 105 0 149 105 0 149 105 0 149 105 0 149 105 0 149 105 0 149 105 0 149 105 0 149 105 0 149 105 0 149 105 0 149 105 0 149 105 0 149 105 0 149 105 0 149 105 0 149 105 0 149 105 0 149 105 0 149 105 0 149 105 0 149 105 0 149 105 0 149 105 0 149 105 0 149 105 0 149 105 0 149 105 0 149 105 0 149 105 0 149 105 0 149 105 0 149 105 0 149 105 0 149 105 0 149 105 0 149 105 0 149 105 0 149 105 0 149 105 0 149 105 0 149 105 0 149 105 0 149 105 0 149 105 0 149 105 0 149 105 0 149 105 0 149 105 0 149 105 0 149 105 0 149 105 0 149 105 0 149 105 0 149 105 0 149 105 0 149 105 0 149 105 0 149 105 0 149 105 0 149 105 0 149 105 0 149 105 0 149 105 0 149 105 0 149 105 0 149 105 0 149 105 0 149 105 0 149 105 0 149 105 0 149 105 0 149 105 0 149 105 0 149 105 0 149 105 0 149 105 0 149 105 0 149 105 0 149 105 0 149 105 0 149 105 0 149 105 0 149 105 0 149 105 0 149 105 0 149 105 0 149 105 0 149 105 0 149 105 0 149 105 0 149 105 0 149 105 0 149 105 0 149 105 0 149 105 0 149 105 0 149 105 0 149 105 0 149 105 0 149 105 0 149 105 0 149 105 0 149 105 0 149 105 0 149 105 0 149 105 0 149 105 0 149 105 0 149 105 0 149 105 0 149 105 0 149 105 0 149 105 0 149 105 0 149 105 0 149 105 0 149 105 0 149 105 0 149 105 0 149 105 0 149 105 0 149 105 0 149 105 0 149 105 0 149 105 0 149 105 0 149 105 0 149 105 0 149 105 0 149 105 0 149 105 0 149 105 0 149 105 0 149 105 0 149 105 0 149 105 0 149 105 0 149 105 0 149 105 0 149 105 0 149 105 0 149 105 0 149 105 0 149 105 0 149 105 0 149 105 0 149 105 0 149 105 0 149 105 0 
149 105 0 149 105 0 149 105 0 149 105 0 149 105 0 149 105 0 149 105 0 149 105 0 149 105 0 149 105 0 149 105 0 149 105 0 149 105 0 149 105 0 149 105 0 149 105 0 149 105 0 149 105 0 149 105 0 149 105 0 149 105 0 149 105 0 149 105 0 149 105 0 149 105 0 149 105 0 149 105 0 149 105 0 149 105 0 149 105 0 149 105 0 149 105 0 149 105 0 149 105 0 149 105 0 149 105 0 149 105 0 149 105 0 149 105 0 149 105 0 149 105 0 149 105 0 149 105 0 149 105 0 149 105 0 149 105 0 149 105 0 149 105 0 149 105 0 149 105 0 149 105 0 149 105 0 149 105 0 149 105 0 149 105 0 149 105 0 149 105 0 149 105 0 149 105 0 149 105 0 149 105 0 149 105 0 149 105 0 149 105 0 149 105 0 149 105 0 149 105 0 149 105 0 149 105 0 149 105 0 149 105 0 149 105 0 149 105 0 149 105 0 149 105 0 149 105 0 149 105 0 149 105 0 149 105 0 149 105 0 149 105 0 149 105 0 149 105 0 149 105 0 149 105 0 149 105 0 149 105 0 149 105 0 149 105 0 149 105 0 149 105 0 149 105 0 149 105 0 149 105 0 149 105 0 149 105 0 149 105 0 149 105 0 149 105 0 149 105 0 149 105 0 149 105 0 149 105 0 149 105 0 149 105 0 149 105 0 149 105 0 149 105 0 149 105 0 149 105 0 149 105 0 149 105 0 149 105 0 149 105 0 149 105 0 149 105 0 149 105 0 149 105 0 149 105 0 149 105 0 149 105 0 149 105 0 149 105 0 149 105 0 149 105 0 149 105 0 149 105 0 149 105 0 149 105 0 149 105 0 149 105 0 149 105 0 149 105 0 149 105 0 149 105 0 149 105 0 149 105 0 149 105 0 149 105 0 149 105 0 149 105 0 149 105 0 149 105 0 149 105 0 149 105 0 149 105 0 149 105 0 149 105 0 149 105 0 149 105 0 149 105 0 149 105 0 149 105 0 149 105 0 149 105 0 149 105 0 149 105 0 149 105 0 149 105 0 149 105 0 149 105 0 149 105 0 149 105 0 149 105 0 149 105 0 149 105 0 149 105 0 149 105 0 149 105 0 149 105 0 149 105 0 149 105 0 149 105 0 149 105 0 149 105 0 149 105 0 149 105 0 149 105 0 149 105 0 149 105 0 149 105 0 149 105 0 149 105 0 149 105 0 149 105 0 149 105 0 149 105 0 149 105 0 149 105 0 149 105 0 149 105 0 149 105 0 149 105 0 149 105 0 149 105 0 149 105 0 149 105 0 149 105 0 149 105 0 149 105 0 149 105 0 149 105 0 149 105 0 149 105 0 149 105 0 149 105 0 149 105 0 149 105 0 149 105 0 149 105 0 149 105 0 149 105 0 149 105 0 149 105 0 149 105 0 149 105 0 149 105 0 149 105 0 149 105 0 149 105 0 149 105 0 149 105 0 149 105 0 149 105 0 149 105 0 149 105 0 149 105 0 149 105 0 149 105 0 149 105 0 149 105 0 149 105 0 149 105 0 149 105 0 149 105 0 149 105 0 149 105 0 149 105 0 149 105 0 149 105 0 149 105 0 149 105 0 149 105 0 149 105 0 149 105 0 149 105 0 149 105 0 149 105 0 149 105 0 149 105 0 149 105 0 149 105 0 149 105 0 149 105 0 149 105 0 149 105 0 
149 105 0 149 105 0 149 105 0 149 105 0 149 105 0 149 105 0 149 105 0 149 105 0 149 105 0 149 105 0 149 105 0 149 105 0 149 105 0 149 105 0 149 105 0 149 105 0 149 105 0 149 105 0 149 105 0 149 105 0 149 105 0 149 105 0 149 105 0 149 105 0 149 105 0 149 105 0 149 105 0 149 105 0 149 105 0 149 105 0 149 105 0 149 105 0 149 105 0 149 105 0 149 105 0 149 105 0 149 105 0 149 105 0 149 105 0 149 105 0 149 105 0 149 105 0 149 105 0 149 105 0 149 105 0 149 105 0 149 105 0 149 105 0 149 105 0 149 105 0 149 105 0 149 105 0 149 105 0 149 105 0 149 105 0 149 105 0 149 105 0 149 105 0 149 105 0 149 105 0 149 105 0 149 105 0 149 105 0 149 105 0 149 105 0 149 105 0 149 105 0 149 105 0 149 105 0 149 105 0 149 105 0 149 105 0 149 105 0 149 105 0 149 105 0 149 105 0 149 105 0 149 105 0 149 105 0 149 105 0 149 105 0 149 105 0 149 105 0 149 105 0 149 105 0 149 105 0 149 105 0 149 105 0 149 105 0 149 105 0 149 105 0 149 105 0 149 105 0 149 105 0 149 105 0 149 105 0 149 105 0 149 105 0 149 105 0 149 105 0 149 105 0 149 105 0 149 105 0 149 105 0 149 105 0 149 105 0 149 105 0 149 105 0 149 105 0 149 105 0 149 105 0 149 105 0 149 105 0 149 105 0 149 105 0 149 105 0 149 105 0 149 105 0 149 105 0 149 105 0 149 105 0 149 105 0 149 105 0 149 105 0 149 105 0 149 105 0 149 105 0 149 105 0 149 105 0 149 105 0 149 105 0 149 105 0 149 105 0 149 105 0 149 105 0 149 105 0 149 105 0 149 105 0 149 105 0 149 105 0 149 105 0 149 105 0 149 105 0 149 105 0 149 105 0 149 105 0 149 105 0 149 105 0 149 105 0 149 105 0 149 105 0 149 105 0 149 105 0 149 105 0 149 105 0 149 105 0 149 105 0 149 105 0 149 105 0 149 105 0 149 105 0 149 105 0 149 105 0 149 105 0 149 105 0 149 105 0 149 105 0 149 105 0 149 105 0 149 105 0 149 105 0 149 105 0 149 105 0 149 105 0 149 105 0 149 105 0 149 105 0 149 105 0 149 105 0 149 105 0 149 105 0 149 105 0 149 105 0 149 105 0 149 105 0 149 105 0 149 105 0 149 105 0 149 105 0 149 105 0 149 105 0 149 105 0 149 105 0 149 105 0 149 105 0 149 105 0 149 105 0 149 105 0 149 105 0 149 105 0 149 105 0 149 105 0 149 105 0 149 105 0 149 105 0 149 105 0 149 105 0 149 105 0 149 105 0 149 105 0 149 105 0 149 105 0 149 105 0 149 105 0 149 105 0 149 105 0 149 105 0 149 105 0 149 105 0 149 105 0 149 105 0 149 105 0 149 105 0 149 105 0 149 105 0 149 105 0 149 105 0 149 105 0 149 105 0 149 105 0 149 105 0 149 105 0 149 105 0 149 105 0 149 105 0 149 105 0 149 105 0 149 105 0 149 105 0 149 105 0 149 105 0 149 105 0 149 105 0 149 105 0 149 105 0 149 105 0 149 105 0 149 105 0 149 105 0 149 105 0 149 105 0 149 105 0 149 105 0 149 105 0 149 105 0 149 105 0 
149 105 0 149 105 0 149 105 0 149 105 0 149 105 0 149 105 0 149 105 0 149 105 0 149 105 0 149 105 0 149 105 0 149 105 0 149 105 0 149 105 0 149 105 0 149 105 0 149 105 0 149 105 0 149 105 0 149 105 0 149 105 0 149 105 0 149 105 0 149 105 0 149 105 0 149 105 0 149 105 0 149 105 0 149 105 0 149 105 0 149 105 0 149 105 0 149 105 0 149 105 0 149 105 0 149 105 0 149 105 0 149 105 0 149 105 0 149 105 0 149 105 0 149 105 0 149 105 0 149 105 0 149 105 0 149 105 0 149 105 0 149 105 0 149 105 0 149 105 0 149 105 0 149 105 0 149 105 0 149 105 0 149 105 0 149 105 0 149 105 0 149 105 0 149 105 0 149 105 0 149 105 0 149 105 0 149 105 0 149 105 0 149 105 0 149 105 0 149 105 0 149 105 0 149 105 0 149 105 0 149 105 0 149 105 0 149 105 0 149 105 0 149 105 0 149 105 0 149 105 0 149 105 0 149 105 0 149 105 0 149 105 0 149 105 0 149 105 0 149 105 0 149 105 0 149 105 0 149 105 0 149 105 0 149 105 0 149 105 0 149 105 0 149 105 0 149 105 0 149 105 0 149 105 0 149 105 0 149 105 0 149 105 0 149 105 0 149 105 0 149 105 0 149 105 0 149 105 0 149 105 0 149 105 0 149 105 0 149 105 0 149 105 0 149 105 0 149 105 0 149 105 0 149 105 0 149 105 0 149 105 0 149 105 0 149 105 0 149 105 0 149 105 0 149 105 0 149 105 0 149 105 0 149 105 0 149 105 0 149 105 0 149 105 0 149 105 0 149 105 0 149 105 0 149 105 0 149 105 0 149 105 0 149 105 0 149 105 0 149 105 0 149 105 0 149 105 0 149 105 0 149 105 0 149 105 0 149 105 0 149 105 0 149 105 0 149 105 0 149 105 0 149 105 0 149 105 0 149 105 0 149 105 0 149 105 0 149 105 0 149 105 0 149 105 0 149 105 0 149 105 0 149 105 0 149 105 0 149 105 0 149 105 0 149 105 0 149 105 0 149 105 0 149 105 0 149 105 0 149 105 0 149 105 0 149 105 0 149 105 0 149 105 0 149 105 0 149 105 0 149 105 0 149 105 0 149 105 0 149 105 0 149 105 0 149 105 0 149 105 0 149 105 0 149 105 0 149 105 0 149 105 0 149 105 0 149 105 0 149 105 0 149 105 0 149 105 0 149 105 0 149 105 0 149 105 0 149 105 0 149 105 0 149 105 0 149 105 0 149 105 0 149 105 0 149 105 0 149 105 0 149 105 0 149 105 0 149 105 0 149 105 0 149 105 0 149 105 0 149 105 0 149 105 0 149 105 0 149 105 0 149 105 0 149 105 0 149 105 0 149 105 0 149 105 0 149 105 0 149 105 0 149 105 0 149 105 0 149 105 0 149 105 0 149 105 0 149 105 0 149 105 0 149 105 0 149 105 0 149 105 0 149 105 0 149 105 0 149 105 0 149 105 0 149 105 0 149 105 0 149 105 0 149 105 0 149 105 0 149 105 0 149 105 0 149 105 0 149 105 0 149 105 0 149 105 0 149 105 0 149 105 0 149 105 0 149 105 0 149 105 0 149 105 0 149 105 0 149 105 0 149 105 0 149 105 0 149 105 0 149 105 0 149 105 0 149 105 0 149 105 0 149 105 0 149 105 0 
149 105 0 149 105 0 149 105 0 149 105 0 149 105 0 149 105 0 149 105 0 149 105 0 149 105 0 149 105 0 149 105 0 149 105 0 149 105 0 149 105 0 149 105 0 149 105 0 149 105 0 149 105 0 149 105 0 149 105 0 149 105 0 149 105 0 149 105 0 149 105 0 149 105 0 149 105 0 149 105 0 149 105 0 149 105 0 149 105 0 149 105 0 149 105 0 149 105 0 149 105 0 149 105 0 149 105 0 149 105 0 149 105 0 149 105 0 149 105 0 149 105 0 149 105 0 149 105 0 149 105 0 149 105 0 149 105 0 149 105 0 149 105 0 149 105 0 149 105 0 149 105 0 149 105 0 149 105 0 149 105 0 149 105 0 149 105 0 149 105 0 149 105 0 149 105 0 149 105 0 149 105 0 149 105 0 149 105 0 149 105 0 149 105 0 149 105 0 149 105 0 149 105 0 149 105 0 149 105 0 149 105 0 149 105 0 149 105 0 149 105 0 149 105 0 149 105 0 149 105 0 149 105 0 149 105 0 149 105 0 149 105 0 149 105 0 149 105 0 149 105 0 149 105 0 149 105 0 149 105 0 149 105 0 149 105 0 149 105 0 149 105 0 149 105 0 149 105 0 149 105 0 149 105 0 149 105 0 149 105 0 149 105 0 149 105 0 149 105 0 149 105 0 149 105 0 149 105 0 149 105 0 149 105 0 149 105 0 149 105 0 149 105 0 149 105 0 149 105 0 149 105 0 149 105 0 149 105 0 149 105 0 149 105 0 149 105 0 149 105 0 149 105 0 149 105 0 149 105 0 149 105 0 149 105 0 149 105 0 149 105 0 149 105 0 149 105 0 149 105 0 149 105 0 149 105 0 149 105 0 149 105 0 149 105 0 149 105 0 149 105 0 149 105 0 149 105 0 149 105 0 149 105 0 149 105 0 149 105 0 149 105 0 149 105 0 149 105 0 149 105 0 149 105 0 149 105 0 149 105 0 149 105 0 149 105 0 149 105 0 149 105 0 149 105 0 149 105 0 149 105 0 149 105 0 149 105 0 149 105 0 149 105 0 149 105 0 149 105 0 149 105 0 149 105 0 149 105 0 149 105 0 149 105 0 149 105 0 149 105 0 149 105 0 149 105 0 149 105 0 149 105 0 149 105 0 149 105 0 149 105 0 149 105 0 149 105 0 149 105 0 149 105 0 149 105 0 149 105 0 149 105 0 149 105 0 149 105 0 149 105 0 149 105 0 149 105 0 149 105 0 149 105 0 149 105 0 149 105 0 149 105 0 149 105 0 149 105 0 149 105 0 149 105 0 149 105 0 149 105 0 149 105 0 149 105 0 149 105 0 149 105 0 149 105 0 149 105 0 149 105 0 149 105 0 149 105 0 149 105 0 149 105 0 149 105 0 149 105 0 149 105 0 149 105 0 149 105 0 149 105 0 149 105 0 149 105 0 149 105 0 149 105 0 149 105 0 149 105 0 149 105 0 149 105 0 149 105 0 149 105 0 149 105 0 149 105 0 149 105 0 149 105 0 149 105 0 149 105 0 149 105 0 149 105 0 149 105 0 149 105 0 149 105 0 149 105 0 149 105 0 149 105 0 149 105 0 149 105 0 149 105 0 149 105 0 149 105 0 149 105 0 149 105 0 149 105 0 149 105 0 149 105 0 149 105 0 149 105 0 149 105 0 149 105 0 149 105 0 149 105 0 149 105 0 149 105 0 
149 105 0 149 105 0 149 105 0 149 105 0 149 105 0 149 105 0 149 105 0 149 105 0 149 105 0 149 105 0 149 105 0 149 105 0 149 105 0 149 105 0 149 105 0 149 105 0 149 105 0 149 105 0 149 105 0 149 105 0 149 105 0 149 105 0 149 105 0 149 105 0 149 105 0 149 105 0 149 105 0 149 105 0 149 105 0 149 105 0 149 105 0 149 105 0 149 105 0 149 105 0 149 105 0 149 105 0 149 105 0 149 105 0 149 105 0 149 105 0 149 105 0 149 105 0 149 105 0 149 105 0 149 105 0 149 105 0 149 105 0 149 105 0 149 105 0 149 105 0 149 105 0 149 105 0 149 105 0 149 105 0 149 105 0 149 105 0 149 105 0 149 105 0 149 105 0 149 105 0 149 105 0 149 105 0 149 105 0 149 105 0 149 105 0 149 105 0 149 105 0 149 105 0 149 105 0 149 105 0 149 105 0 149 105 0 149 105 0 149 105 0 149 105 0 149 105 0 149 105 0 149 105 0 149 105 0 149 105 0 149 105 0 149 105 0 149 105 0 149 105 0 149 105 0 149 105 0 149 105 0 149 105 0 149 105 0 149 105 0 149 105 0 149 105 0 149 105 0 149 105 0 149 105 0 149 105 0 149 105 0 149 105 0 149 105 0 149 105 0 149 105 0 149 105 0 149 105 0 149 105 0 149 105 0 149 105 0 149 105 0 149 105 0 149 105 0 149 105 0 149 105 0 149 105 0 149 105 0 149 105 0 149 105 0 149 105 0 149 105 0 149 105 0 149 105 0 149 105 0 149 105 0 149 105 0 149 105 0 149 105 0 149 105 0 149 105 0 149 105 0 149 105 0 149 105 0 149 105 0 149 105 0 149 105 0 149 105 0 149 105 0 149 105 0 149 105 0 149 105 0 149 105 0 149 105 0 149 105 0 149 105 0 149 105 0 149 105 0 149 105 0 149 105 0 149 105 0 149 105 0 149 105 0 149 105 0 149 105 0 149 105 0 149 105 0 149 105 0 149 105 0 149 105 0 149 105 0 149 105 0 149 105 0 149 105 0 149 105 0 149 105 0 149 105 0 149 105 0 149 105 0 149 105 0 149 105 0 149 105 0 149 105 0 149 105 0 149 105 0 149 105 0 149 105 0 149 105 0 149 105 0 149 105 0 149 105 0 149 105 0 149 105 0 149 105 0 149 105 0 149 105 0 149 105 0 149 105 0 149 105 0 149 105 0 149 105 0 149 105 0 149 105 0 149 105 0 149 105 0 149 105 0 149 105 0 149 105 0 149 105 0 149 105 0 149 105 0 149 105 0 149 105 0 149 105 0 149 105 0 149 105 0 149 105 0 149 105 0 149 105 0 149 105 0 149 105 0 149 105 0 149 105 0 149 105 0 149 105 0 149 105 0 149 105 0 149 105 0 149 105 0 149 105 0 149 105 0 149 105 0 149 105 0 149 105 0 149 105 0 149 105 0 149 105 0 149 105 0 149 105 0 149 105 0 149 105 0 149 105 0 149 105 0 149 105 0 149 105 0 149 105 0 149 105 0 149 105 0 149 105 0 149 105 0 149 105 0 149 105 0 149 105 0 149 105 0 149 105 0 149 105 0 149 105 0 149 105 0 149 105 0 149 105 0 149 105 0 149 105 0 149 105 0 149 105 0 149 105 0 149 105 0 149 105 0 149 105 0 149 105 0 149 105 0 149 105 0 
149 105 0 149 105 0 149 105 0 149 105 0 149 105 0 149 105 0 149 105 0 149 105 0 149 105 0 149 105 0 149 105 0 149 105 0 149 105 0 149 105 0 149 105 0 149 105 0 149 105 0 149 105 0 149 105 0 149 105 0 149 105 0 149 105 0 149 105 0 149 105 0 149 105 0 149 105 0 149 105 0 149 105 0 149 105 0 149 105 0 149 105 0 149 105 0 149 105 0 149 105 0 149 105 0 149 105 0 149 105 0 149 105 0 149 105 0 149 105 0 149 105 0 149 105 0 149 105 0 149 105 0 149 105 0 149 105 0 149 105 0 149 105 0 149 105 0 149 105 0 149 105 0 149 105 0 149 105 0 149 105 0 149 105 0 149 105 0 149 105 0 149 105 0 149 105 0 149 105 0 149 105 0 149 105 0 149 105 0 149 105 0 149 105 0 149 105 0 149 105 0 149 105 0 149 105 0 149 105 0 149 105 0 149 105 0 149 105 0 149 105 0 149 105 0 149 105 0 149 105 0 149 105 0 149 105 0 149 105 0 149 105 0 149 105 0 149 105 0 149 105 0 149 105 0 149 105 0 149 105 0 149 105 0 149 105 0 149 105 0 149 105 0 149 105 0 149 105 0 149 105 0 149 105 0 149 105 0 149 105 0 149 105 0 149 105 0 149 105 0 149 105 0 149 105 0 149 105 0 149 105 0 149 105 0 149 105 0 149 105 0 149 105 0 149 105 0 149 105 0 149 105 0 149 105 0 149 105 0 149 105 0 149 105 0 149 105 0 149 105 0 149 105 0 149 105 0 149 105 0 149 105 0 149 105 0 149 105 0 149 105 0 149 105 0 149 105 0 149 105 0 149 105 0 149 105 0 149 105 0 149 105 0 149 105 0 149 105 0 149 105 0 149 105 0 149 105 0 149 105 0 149 105 0 149 105 0 149 105 0 149 105 0 149 105 0 149 105 0 149 105 0 149 105 0 149 105 0 149 105 0 149 105 0 149 105 0 149 105 0 149 105 0 149 105 0 149 105 0 149 105 0 149 105 0 149 105 0 149 105 0 149 105 0 149 105 0 149 105 0 149 105 0 149 105 0 149 105 0 149 105 0 149 105 0 149 105 0 149 105 0 149 105 0 149 105 0 149 105 0 149 105 0 149 105 0 149 105 0 149 105 0 149 105 0 149 105 0 149 105 0 149 105 0 149 105 0 149 105 0 149 105 0 149 105 0 149 105 0 149 105 0 149 105 0 149 105 0 149 105 0 149 105 0 149 105 0 149 105 0 149 105 0 149 105 0 149 105 0 149 105 0 149 105 0 149 105 0 149 105 0 149 105 0 149 105 0 149 105 0 149 105 0 149 105 0 149 105 0 149 105 0 149 105 0 149 105 0 149 105 0 149 105 0 149 105 0 149 105 0 149 105 0 149 105 0 149 105 0 149 105 0 149 105 0 149 105 0 149 105 0 149 105 0 149 105 0 149 105 0 149 105 0 149 105 0 149 105 0 149 105 0 149 105 0 149 105 0 149 105 0 149 105 0 149 105 0 149 105 0 149 105 0 149 105 0 149 105 0 149 105 0 149 105 0 149 105 0 149 105 0 149 105 0 149 105 0 149 105 0 149 105 0 149 105 0 149 105 0 149 105 0 149 105 0 149 105 0 149 105 0 149 105 0 149 105 0 149 105 0 149 105 0 149 105 0 149 105 0 149 105 0 149 105 0 149 105 0 
149 105 0 149 105 0 149 105 0 149 105 0 149 105 0 149 105 0 149 105 0 149 105 0 149 105 0 149 105 0 149 105 0 149 105 0 149 105 0 149 105 0 149 105 0 149 105 0 149 105 0 149 105 0 149 105 0 149 105 0 149 105 0 149 105 0 149 105 0 149 105 0 149 105 0 149 105 0 149 105 0 149 105 0 149 105 0 149 105 0 149 105 0 149 105 0 149 105 0 149 105 0 149 105 0 149 105 0 149 105 0 149 105 0 149 105 0 149 105 0 149 105 0 149 105 0 149 105 0 149 105 0 149 105 0 149 105 0 149 105 0 149 105 0 149 105 0 149 105 0 149 105 0 149 105 0 149 105 0 149 105 0 149 105 0 149 105 0 149 105 0 149 105 0 149 105 0 149 105 0 149 105 0 149 105 0 149 105 0 149 105 0 149 105 0 149 105 0 149 105 0 149 105 0 149 105 0 149 105 0 149 105 0 149 105 0 149 105 0 149 105 0 149 105 0 149 105 0 149 105 0 149 105 0 149 105 0 149 105 0 149 105 0 149 105 0 149 105 0 149 105 0 149 105 0 149 105 0 149 105 0 149 105 0 149 105 0 149 105 0 149 105 0 149 105 0 149 105 0 149 105 0 149 105 0 149 105 0 149 105 0 149 105 0 149 105 0 149 105 0 149 105 0 149 105 0 149 105 0 149 105 0 149 105 0 149 105 0 149 105 0 149 105 0 149 105 0 149 105 0 149 105 0 149 105 0 149 105 0 149 105 0 149 105 0 149 105 0 149 105 0 149 105 0 149 105 0 149 105 0 149 105 0 149 105 0 149 105 0 149 105 0 149 105 0 149 105 0 149 105 0 149 105 0 149 105 0 149 105 0 149 105 0 149 105 0 149 105 0 149 105 0 149 105 0 149 105 0 149 105 0 149 105 0 149 105 0 149 105 0 149 105 0 149 105 0 149 105 0 149 105 0 149 105 0 149 105 0 149 105 0 149 105 0 149 105 0 149 105 0 149 105 0 149 105 0 149 105 0 149 105 0 149 105 0 149 105 0 149 105 0 149 105 0 149 105 0 149 105 0 149 105 0 149 105 0 149 105 0 149 105 0 149 105 0 149 105 0 149 105 0 149 105 0 149 105 0 149 105 0 149 105 0 149 105 0 149 105 0 149 105 0 149 105 0 149 105 0 149 105 0 149 105 0 149 105 0 149 105 0 149 105 0 149 105 0 149 105 0 149 105 0 149 105 0 149 105 0 149 105 0 149 105 0 149 105 0 149 105 0 149 105 0 149 105 0 149 105 0 149 105 0 149 105 0 149 105 0 149 105 0 149 105 0 149 105 0 149 105 0 149 105 0 149 105 0 149 105 0 149 105 0 149 105 0 149 105 0 149 105 0 149 105 0 149 105 0 149 105 0 149 105 0 149 105 0 149 105 0 149 105 0 149 105 0 149 105 0 149 105 0 149 105 0 149 105 0 149 105 0 149 105 0 149 105 0 149 105 0 149 105 0 149 105 0 149 105 0 149 105 0 149 105 0 149 105 0 149 105 0 149 105 0 149 105 0 149 105 0 149 105 0 149 105 0 149 105 0 149 105 0 149 105 0 149 105 0 149 105 0 149 105 0 149 105 0 149 105 0 149 105 0 149 105 0 149 105 0 149 105 0 149 105 0 149 105 0 149 105 0 149 105 0 149 105 0 149 105 0 149 105 0 149 105 0 149 105 0 
149 105 0 149 105 0 149 105 0 149 105 0 149 105 0 149 105 0 149 105 0 149 105 0 149 105 0 149 105 0 149 105 0 149 105 0 149 105 0 149 105 0 149 105 0 149 105 0 149 105 0 149 105 0 149 105 0 149 105 0 149 105 0 149 105 0 149 105 0 149 105 0 149 105 0 149 105 0 149 105 0 149 105 0 149 105 0 149 105 0 149 105 0 149 105 0 149 105 0 149 105 0 149 105 0 149 105 0 149 105 0 149 105 0 149 105 0 149 105 0 149 105 0 149 105 0 149 105 0 149 105 0 149 105 0 149 105 0 149 105 0 149 105 0 149 105 0 149 105 0 149 105 0 149 105 0 149 105 0 149 105 0 149 105 0 149 105 0 149 105 0 149 105 0 149 105 0 149 105 0 149 105 0 149 105 0 149 105 0 149 105 0 149 105 0 149 105 0 149 105 0 149 105 0 149 105 0 149 105 0 149 105 0 149 105 0 149 105 0 149 105 0 149 105 0 149 105 0 149 105 0 149 105 0 149 105 0 149 105 0 149 105 0 149 105 0 149 105 0 149 105 0 149 105 0 149 105 0 149 105 0 149 105 0 149 105 0 149 105 0 149 105 0 149 105 0 149 105 0 149 105 0 149 105 0 149 105 0 149 105 0 149 105 0 149 105 0 149 105 0 149 105 0 149 105 0 149 105 0 149 105 0 149 105 0 149 105 0 149 105 0 149 105 0 149 105 0 149 105 0 149 105 0 149 105 0 149 105 0 149 105 0 149 105 0 149 105 0 149 105 0 149 105 0 149 105 0 149 105 0 149 105 0 149 105 0 149 105 0 149 105 0 149 105 0 149 105 0 149 105 0 149 105 0 149 105 0 149 105 0 149 105 0 149 105 0 149 105 0 149 105 0 149 105 0 149 105 0 149 105 0 149 105 0 149 105 0 149 105 0 149 105 0 149 105 0 149 105 0 149 105 0 149 105 0 149 105 0 149 105 0 149 105 0 149 105 0 149 105 0 149 105 0 149 105 0 149 105 0 149 105 0 149 105 0 149 105 0 149 105 0 149 105 0 149 105 0 149 105 0 149 105 0 149 105 0 149 105 0 149 105 0 149 105 0 149 105 0 149 105 0 149 105 0 149 105 0 149 105 0 149 105 0 149 105 0 149 105 0 149 105 0 149 105 0 149 105 0 149 105 0 149 105 0 149 105 0 149 105 0 149 105 0 149 105 0 149 105 0 149 105 0 149 105 0 149 105 0 149 105 0 149 105 0 149 105 0 149 105 0 149 105 0 149 105 0 149 105 0 149 105 0 149 105 0 149 105 0 149 105 0 149 105 0 149 105 0 149 105 0 149 105 0 149 105 0 149 105 0 149 105 0 149 105 0 149 105 0 149 105 0 149 105 0 149 105 0 149 105 0 149 105 0 149 105 0 149 105 0 149 105 0 149 105 0 149 105 0 149 105 0 149 105 0 149 105 0 149 105 0 149 105 0 149 105 0 149 105 0 149 105 0 149 105 0 149 105 0 149 105 0 149 105 0 149 105 0 149 105 0 149 105 0 149 105 0 149 105 0 149 105 0 149 105 0 149 105 0 149 105 0 149 105 0 149 105 0 149 105 0 149 105 0 149 105 0 149 105 0 149 105 0 149 105 0 149 105 0 149 105 0 149 105 0 149 105 0 149 105 0 149 105 0 149 105 0 149 105 0 149 105 0 149 105 0 149 105 0 
149 105 0 149 105 0 149 105 0 149 105 0 149 105 0 149 105 0 149 105 0 149 105 0 149 105 0 149 105 0 149 105 0 149 105 0 149 105 0 149 105 0 149 105 0 149 105 0 149 105 0 149 105 0 149 105 0 149 105 0 149 105 0 149 105 0 149 105 0 149 105 0 149 105 0 149 105 0 149 105 0 149 105 0 149 105 0 149 105 0 149 105 0 149 105 0 149 105 0 149 105 0 149 105 0 149 105 0 149 105 0 149 105 0 149 105 0 149 105 0 149 105 0 149 105 0 149 105 0 149 105 0 149 105 0 149 105 0 149 105 0 149 105 0 149 105 0 149 105 0 149 105 0 149 105 0 149 105 0 149 105 0 149 105 0 149 105 0 149 105 0 149 105 0 149 105 0 149 105 0 149 105 0 149 105 0 149 105 0 149 105 0 149 105 0 149 105 0 149 105 0 149 105 0 149 105 0 149 105 0 149 105 0 149 105 0 149 105 0 149 105 0 149 105 0 149 105 0 149 105 0 149 105 0 149 105 0 149 105 0 149 105 0 149 105 0 149 105 0 149 105 0 149 105 0 149 105 0 149 105 0 149 105 0 149 105 0 149 105 0 149 105 0 149 105 0 149 105 0 149 105 0 149 105 0 149 105 0 149 105 0 149 105 0 149 105 0 149 105 0 149 105 0 149 105 0 149 105 0 149 105 0 149 105 0 149 105 0 149 105 0 149 105 0 149 105 0 149 105 0 149 105 0 149 105 0 149 105 0 149 105 0 149 105 0 149 105 0 149 105 0 149 105 0 149 105 0 149 105 0 149 105 0 149 105 0 149 105 0 149 105 0 149 105 0 149 105 0 149 105 0 149 105 0 149 105 0 149 105 0 149 105 0 149 105 0 149 105 0 149 105 0 149 105 0 149 105 0 149 105 0 149 105 0 149 105 0 149 105 0 149 105 0 149 105 0 149 105 0 149 105 0 149 105 0 149 105 0 149 105 0 149 105 0 149 105 0 149 105 0 149 105 0 149 105 0 149 105 0 149 105 0 149 105 0 149 105 0 149 105 0 149 105 0 149 105 0 149 105 0 149 105 0 149 105 0 149 105 0 149 105 0 149 105 0 149 105 0 149 105 0 149 105 0 149 105 0 149 105 0 149 105 0 149 105 0 149 105 0 149 105 0 149 105 0 149 105 0 149 105 0 149 105 0 149 105 0 149 105 0 149 105 0 149 105 0 149 105 0 149 105 0 149 105 0 149 105 0 149 105 0 149 105 0 149 105 0 149 105 0 149 105 0 149 105 0 149 105 0 149 105 0 149 105 0 149 105 0 149 105 0 149 105 0 149 105 0 149 105 0 149 105 0 149 105 0 149 105 0 149 105 0 149 105 0 149 105 0 149 105 0 149 105 0 149 105 0 149 105 0 149 105 0 149 105 0 149 105 0 149 105 0 149 105 0 149 105 0 149 105 0 149 105 0 149 105 0 149 105 0 149 105 0 149 105 0 149 105 0 149 105 0 149 105 0 149 105 0 149 105 0 149 105 0 149 105 0 149 105 0 149 105 0 149 105 0 149 105 0 149 105 0 149 105 0 149 105 0 149 105 0 149 105 0 149 105 0 149 105 0 149 105 0 149 105 0 149 105 0 149 105 0 149 105 0 149 105 0 149 105 0 149 105 0 149 105 0 149 105 0 149 105 0 149 105 0 149 105 0 149 105 0 149 105 0 149 105 0 
149 105 0 149 105 0 149 105 0 149 105 0 149 105 0 149 105 0 149 105 0 149 105 0 149 105 0 149 105 0 149 105 0 149 105 0 149 105 0 149 105 0 149 105 0 149 105 0 149 105 0 149 105 0 149 105 0 149 105 0 149 105 0 149 105 0 149 105 0 149 105 0 149 105 0 149 105 0 149 105 0 149 105 0 149 105 0 149 105 0 149 105 0 149 105 0 149 105 0 149 105 0 149 105 0 149 105 0 149 105 0 149 105 0 149 105 0 149 105 0 149 105 0 149 105 0 149 105 0 149 105 0 149 105 0 149 105 0 149 105 0 149 105 0 149 105 0 149 105 0 149 105 0 149 105 0 149 105 0 149 105 0 149 105 0 149 105 0 149 105 0 149 105 0 149 105 0 149 105 0 149 105 0 149 105 0 149 105 0 149 105 0 149 105 0 149 105 0 149 105 0 149 105 0 149 105 0 149 105 0 149 105 0 149 105 0 149 105 0 149 105 0 149 105 0 149 105 0 149 105 0 149 105 0 149 105 0 149 105 0 149 105 0 149 105 0 149 105 0 149 105 0 149 105 0 149 105 0 149 105 0 149 105 0 149 105 0 149 105 0 149 105 0 149 105 0 149 105 0 149 105 0 149 105 0 149 105 0 149 105 0 149 105 0 149 105 0 149 105 0 149 105 0 149 105 0 149 105 0 149 105 0 149 105 0 149 105 0 149 105 0 149 105 0 149 105 0 149 105 0 149 105 0 149 105 0 149 105 0 149 105 0 149 105 0 149 105 0 149 105 0 149 105 0 149 105 0 149 105 0 149 105 0 149 105 0 149 105 0 149 105 0 149 105 0 149 105 0 149 105 0 149 105 0 149 105 0 149 105 0 149 105 0 149 105 0 149 105 0 149 105 0 149 105 0 149 105 0 149 105 0 149 105 0 149 105 0 149 105 0 149 105 0 149 105 0 149 105 0 149 105 0 149 105 0 149 105 0 149 105 0 149 105 0 149 105 0 149 105 0 149 105 0 149 105 0 149 105 0 149 105 0 149 105 0 149 105 0 149 105 0 149 105 0 149 105 0 149 105 0 149 105 0 149 105 0 149 105 0 149 105 0 149 105 0 149 105 0 149 105 0 149 105 0 149 105 0 149 105 0 149 105 0 149 105 0 149 105 0 149 105 0 149 105 0 149 105 0 149 105 0 149 105 0 149 105 0 149 105 0 149 105 0 149 105 0 149 105 0 149 105 0 149 105 0 149 105 0 149 105 0 149 105 0 149 105 0 149 105 0 149 105 0 149 105 0 149 105 0 149 105 0 149 105 0 149 105 0 149 105 0 149 105 0 149 105 0 149 105 0 149 105 0 149 105 0 149 105 0 149 105 0 149 105 0 149 105 0 149 105 0 149 105 0 149 105 0 149 105 0 149 105 0 149 105 0 149 105 0 149 105 0 149 105 0 149 105 0 149 105 0 149 105 0 149 105 0 149 105 0 149 105 0 149 105 0 149 105 0 149 105 0 149 105 0 149 105 0 149 105 0 149 105 0 149 105 0 149 105 0 149 105 0 149 105 0 149 105 0 149 105 0 149 105 0 149 105 0 149 105 0 149 105 0 149 105 0 149 105 0 149 105 0 149 105 0 149 105 0 149 105 0 149 105 0 149 105 0 149 105 0 149 105 0 149 105 0 149 105 0 149 105 0 149 105 0 149 105 0 149 105 0 149 105 0 149 105 0 
149 105 0 149 105 0 149 105 0 149 105 0 149 105 0 149 105 0 149 105 0 149 105 0 149 105 0 149 105 0 149 105 0 149 105 0 149 105 0 149 105 0 149 105 0 149 105 0 149 105 0 149 105 0 149 105 0 149 105 0 149 105 0 149 105 0 149 105 0 149 105 0 149 105 0 149 105 0 149 105 0 149 105 0 149 105 0 149 105 0 149 105 0 149 105 0 149 105 0 149 105 0 149 105 0 149 105 0 149 105 0 149 105 0 149 105 0 149 105 0 149 105 0 149 105 0 149 105 0 149 105 0 149 105 0 149 105 0 149 105 0 149 105 0 149 105 0 149 105 0 149 105 0 149 105 0 149 105 0 149 105 0 149 105 0 149 105 0 149 105 0 149 105 0 149 105 0 149 105 0 149 105 0 149 105 0 149 105 0 149 105 0 149 105 0 149 105 0 149 105 0 149 105 0 149 105 0 149 105 0 149 105 0 149 105 0 149 105 0 149 105 0 149 105 0 149 105 0 149 105 0 149 105 0 149 105 0 149 105 0 149 105 0 149 105 0 149 105 0 149 105 0 149 105 0 149 105 0 149 105 0 149 105 0 149 105 0 149 105 0 149 105 0 149 105 0 149 105 0 149 105 0 149 105 0 149 105 0 149 105 0 149 105 0 149 105 0 149 105 0 149 105 0 149 105 0 149 105 0 149 105 0 149 105 0 149 105 0 149 105 0 149 105 0 149 105 0 149 105 0 149 105 0 149 105 0 149 105 0 149 105 0 149 105 0 149 105 0 149 105 0 149 105 0 149 105 0 149 105 0 149 105 0 149 105 0 149 105 0 149 105 0 149 105 0 149 105 0 149 105 0 149 105 0 149 105 0 149 105 0 149 105 0 149 105 0 149 105 0 149 105 0 149 105 0 149 105 0 149 105 0 149 105 0 149 105 0 149 105 0 149 105 0 149 105 0 149 105 0 149 105 0 149 105 0 149 105 0 149 105 0 149 105 0 149 105 0 149 105 0 149 105 0 149 105 0 149 105 0 149 105 0 149 105 0 149 105 0 149 105 0 149 105 0 149 105 0 149 105 0 149 105 0 149 105 0 149 105 0 149 105 0 149 105 0 149 105 0 149 105 0 149 105 0 149 105 0 149 105 0 149 105 0 149 105 0 149 105 0 149 105 0 149 105 0 149 105 0 149 105 0 149 105 0 149 105 0 149 105 0 149 105 0 149 105 0 149 105 0 149 105 0 149 105 0 149 105 0 149 105 0 149 105 0 149 105 0 149 105 0 149 105 0 149 105 0 149 105 0 149 105 0 149 105 0 149 105 0 149 105 0 149 105 0 149 105 0 149 105 0 149 105 0 149 105 0 149 105 0 149 105 0 149 105 0 149 105 0 149 105 0 149 105 0 149 105 0 149 105 0 149 105 0 149 105 0 149 105 0 149 105 0 149 105 0 149 105 0 149 105 0 149 105 0 149 105 0 149 105 0 149 105 0 149 105 0 149 105 0 149 105 0 149 105 0 149 105 0 149 105 0 149 105 0 149 105 0 149 105 0 149 105 0 149 105 0 149 105 0 149 105 0 149 105 0 149 105 0 149 105 0 149 105 0 149 105 0 149 105 0 149 105 0 149 105 0 149 105 0 149 105 0 149 105 0 149 105 0 149 105 0 149 105 0 149 105 0 149 105 0 149 105 0 149 105 0 149 105 0 149 105 0 149 105 0 149 105 0 
149 105 0 149 105 0 149 105 0 149 105 0 149 105 0 149 105 0 149 105 0 149 105 0 149 105 0 149 105 0 149 105 0 149 105 0 149 105 0 149 105 0 149 105 0 149 105 0 149 105 0 149 105 0 149 105 0 149 105 0 149 105 0 149 105 0 149 105 0 149 105 0 149 105 0 149 105 0 149 105 0 149 105 0 149 105 0 149 105 0 149 105 0 149 105 0 149 105 0 149 105 0 149 105 0 149 105 0 149 105 0 149 105 0 149 105 0 149 105 0 149 105 0 149 105 0 149 105 0 149 105 0 149 105 0 149 105 0 149 105 0 149 105 0 149 105 0 149 105 0 149 105 0 149 105 0 149 105 0 149 105 0 149 105 0 149 105 0 149 105 0 149 105 0 149 105 0 149 105 0 149 105 0 149 105 0 149 105 0 149 105 0 149 105 0 149 105 0 149 105 0 149 105 0 149 105 0 149 105 0 149 105 0 149 105 0 149 105 0 149 105 0 149 105 0 149 105 0 149 105 0 149 105 0 149 105 0 149 105 0 149 105 0 149 105 0 149 105 0 149 105 0 149 105 0 149 105 0 149 105 0 149 105 0 149 105 0 149 105 0 149 105 0 149 105 0 149 105 0 149 105 0 149 105 0 149 105 0 149 105 0 149 105 0 149 105 0 149 105 0 149 105 0 149 105 0 149 105 0 149 105 0 149 105 0 149 105 0 149 105 0 149 105 0 149 105 0 149 105 0 149 105 0 149 105 0 149 105 0 149 105 0 149 105 0 149 105 0 149 105 0 149 105 0 149 105 0 149 105 0 149 105 0 149 105 0 149 105 0 149 105 0 149 105 0 149 105 0 149 105 0 149 105 0 149 105 0 149 105 0 149 105 0 149 105 0 149 105 0 149 105 0 149 105 0 149 105 0 149 105 0 149 105 0 149 105 0 149 105 0 149 105 0 149 105 0 149 105 0 149 105 0 149 105 0 149 105 0 149 105 0 149 105 0 149 105 0 149 105 0 149 105 0 149 105 0 149 105 0 149 105 0 149 105 0 149 105 0 149 105 0 149 105 0 149 105 0 149 105 0 149 105 0 149 105 0 149 105 0 149 105 0 149 105 0 149 105 0 149 105 0 149 105 0 149 105 0 149 105 0 149 105 0 149 105 0 149 105 0 149 105 0 149 105 0 149 105 0 149 105 0 149 105 0 149 105 0 149 105 0 149 105 0 149 105 0 149 105 0 149 105 0 149 105 0 149 105 0 149 105 0 149 105 0 149 105 0 149 105 0 149 105 0 149 105 0 149 105 0 149 105 0 149 105 0 149 105 0 149 105 0 149 105 0 149 105 0 149 105 0 149 105 0 149 105 0 149 105 0 149 105 0 149 105 0 149 105 0 149 105 0 149 105 0 149 105 0 149 105 0 149 105 0 149 105 0 149 105 0 149 105 0 149 105 0 149 105 0 149 105 0 149 105 0 149 105 0 149 105 0 149 105 0 149 105 0 149 105 0 149 105 0 149 105 0 149 105 0 149 105 0 149 105 0 149 105 0 149 105 0 149 105 0 149 105 0 149 105 0 149 105 0 149 105 0 149 105 0 149 105 0 149 105 0 149 105 0 149 105 0 149 105 0 149 105 0 149 105 0 149 105 0 149 105 0 149 105 0 149 105 0 149 105 0 149 105 0 149 105 0 149 105 0 149 105 0 149 105 0 149 105 0 149 105 0 149 105 0 
149 105 0 149 105 0 149 105 0 149 105 0 149 105 0 149 105 0 149 105 0 149 105 0 149 105 0 149 105 0 149 105 0 149 105 0 149 105 0 149 105 0 149 105 0 149 105 0 149 105 0 149 105 0 149 105 0 149 105 0 149 105 0 149 105 0 149 105 0 149 105 0 149 105 0 149 105 0 149 105 0 149 105 0 149 105 0 149 105 0 149 105 0 149 105 0 149 105 0 149 105 0 149 105 0 149 105 0 149 105 0 149 105 0 149 105 0 149 105 0 149 105 0 149 105 0 149 105 0 149 105 0 149 105 0 149 105 0 149 105 0 149 105 0 149 105 0 149 105 0 149 105 0 149 105 0 149 105 0 149 105 0 149 105 0 149 105 0 149 105 0 149 105 0 149 105 0 149 105 0 149 105 0 149 105 0 149 105 0 149 105 0 149 105 0 149 105 0 149 105 0 149 105 0 149 105 0 149 105 0 149 105 0 149 105 0 149 105 0 149 105 0 149 105 0 149 105 0 149 105 0 149 105 0 149 105 0 149 105 0 149 105 0 149 105 0 149 105 0 149 105 0 149 105 0 149 105 0 149 105 0 149 105 0 149 105 0 149 105 0 149 105 0 149 105 0 149 105 0 149 105 0 149 105 0 149 105 0 149 105 0 149 105 0 149 105 0 149 105 0 149 105 0 149 105 0 149 105 0 149 105 0 149 105 0 149 105 0 149 105 0 149 105 0 149 105 0 149 105 0 149 105 0 149 105 0 149 105 0 149 105 0 149 105 0 149 105 0 149 105 0 149 105 0 149 105 0 149 105 0 149 105 0 149 105 0 149 105 0 149 105 0 149 105 0 149 105 0 149 105 0 149 105 0 149 105 0 149 105 0 149 105 0 149 105 0 149 105 0 149 105 0 149 105 0 149 105 0 149 105 0 149 105 0 149 105 0 149 105 0 149 105 0 149 105 0 149 105 0 149 105 0 149 105 0 149 105 0 149 105 0 149 105 0 149 105 0 149 105 0 149 105 0 149 105 0 149 105 0 149 105 0 149 105 0 149 105 0 149 105 0 149 105 0 149 105 0 149 105 0 149 105 0 149 105 0 149 105 0 149 105 0 149 105 0 149 105 0 149 105 0 149 105 0 149 105 0 149 105 0 149 105 0 149 105 0 149 105 0 149 105 0 149 105 0 149 105 0 149 105 0 149 105 0 149 105 0 149 105 0 149 105 0 149 105 0 149 105 0 149 105 0 149 105 0 149 105 0 149 105 0 149 105 0 149 105 0 149 105 0 149 105 0 149 105 0 149 105 0 149 105 0 149 105 0 149 105 0 149 105 0 149 105 0 149 105 0 149 105 0 149 105 0 149 105 0 149 105 0 149 105 0 149 105 0 149 105 0 149 105 0 149 105 0 149 105 0 149 105 0 149 105 0 149 105 0 149 105 0 149 105 0 149 105 0 149 105 0 149 105 0 149 105 0 149 105 0 149 105 0 149 105 0 149 105 0 149 105 0 149 105 0 149 105 0 149 105 0 149 105 0 149 105 0 149 105 0 149 105 0 149 105 0 149 105 0 149 105 0 149 105 0 149 105 0 149 105 0 149 105 0 149 105 0 149 105 0 149 105 0 149 105 0 149 105 0 149 105 0 149 105 0 149 105 0 149 105 0 149 105 0 149 105 0 149 105 0 149 105 0 149 105 0 149 105 0 149 105 0 149 105 0 149 105 0 149 105 0 
149 105 0 149 105 0 149 105 0 149 105 0 149 105 0 149 105 0 149 105 0 149 105 0 149 105 0 149 105 0 149 105 0 149 105 0 149 105 0 149 105 0 149 105 0 149 105 0 149 105 0 149 105 0 149 105 0 149 105 0 149 105 0 149 105 0 149 105 0 149 105 0 149 105 0 149 105 0 149 105 0 149 105 0 149 105 0 149 105 0 149 105 0 149 105 0 149 105 0 149 105 0 149 105 0 149 105 0 149 105 0 149 105 0 149 105 0 149 105 0 149 105 0 149 105 0 149 105 0 149 105 0 149 105 0 149 105 0 149 105 0 149 105 0 149 105 0 149 105 0 149 105 0 149 105 0 149 105 0 149 105 0 149 105 0 149 105 0 149 105 0 149 105 0 149 105 0 149 105 0 149 105 0 149 105 0 149 105 0 149 105 0 149 105 0 149 105 0 149 105 0 149 105 0 149 105 0 149 105 0 149 105 0 149 105 0 149 105 0 149 105 0 149 105 0 149 105 0 149 105 0 149 105 0 149 105 0 149 105 0 149 105 0 149 105 0 149 105 0 149 105 0 149 105 0 149 105 0 149 105 0 149 105 0 149 105 0 149 105 0 149 105 0 149 105 0 149 105 0 149 105 0 149 105 0 149 105 0 149 105 0 149 105 0 149 105 0 149 105 0 149 105 0 149 105 0 149 105 0 149 105 0 149 105 0 149 105 0 149 105 0 149 105 0 149 105 0 149 105 0 149 105 0 149 105 0 149 105 0 149 105 0 149 105 0 149 105 0 149 105 0 149 105 0 149 105 0 149 105 0 149 105 0 149 105 0 149 105 0 149 105 0 149 105 0 149 105 0 149 105 0 149 105 0 149 105 0 149 105 0 149 105 0 149 105 0 149 105 0 149 105 0 149 105 0 149 105 0 149 105 0 149 105 0 149 105 0 149 105 0 149 105 0 149 105 0 149 105 0 149 105 0 149 105 0 149 105 0 149 105 0 149 105 0 149 105 0 149 105 0 149 105 0 149 105 0 149 105 0 149 105 0 149 105 0 149 105 0 149 105 0 149 105 0 149 105 0 149 105 0 149 105 0 149 105 0 149 105 0 149 105 0 149 105 0 149 105 0 149 105 0 149 105 0 149 105 0 149 105 0 149 105 0 149 105 0 149 105 0 149 105 0 149 105 0 149 105 0 149 105 0 149 105 0 149 105 0 149 105 0 149 105 0 149 105 0 149 105 0 149 105 0 149 105 0 149 105 0 149 105 0 149 105 0 149 105 0 149 105 0 149 105 0 149 105 0 149 105 0 149 105 0 149 105 0 149 105 0 149 105 0 149 105 0 149 105 0 149 105 0 149 105 0 149 105 0 149 105 0 149 105 0 149 105 0 149 105 0 149 105 0 149 105 0 149 105 0 149 105 0 149 105 0 149 105 0 149 105 0 149 105 0 149 105 0 149 105 0 149 105 0 149 105 0 149 105 0 149 105 0 149 105 0 149 105 0 149 105 0 149 105 0 149 105 0 149 105 0 149 105 0 149 105 0 149 105 0 149 105 0 149 105 0 149 105 0 149 105 0 149 105 0 149 105 0 149 105 0 149 105 0 149 105 0 149 105 0 149 105 0 149 105 0 149 105 0 149 105 0 149 105 0 149 105 0 149 105 0 149 105 0 149 105 0 149 105 0 149 105 0 149 105 0 149 105 0 149 105 0 149 105 0 149 105 0 149 105 0 
149 105 0 149 105 0 149 105 0 149 105 0 149 105 0 149 105 0 149 105 0 149 105 0 149 105 0 149 105 0 149 105 0 149 105 0 149 105 0 149 105 0 149 105 0 149 105 0 149 105 0 149 105 0 149 105 0 149 105 0 149 105 0 149 105 0 149 105 0 149 105 0 149 105 0 149 105 0 149 105 0 149 105 0 149 105 0 149 105 0 149 105 0 149 105 0 149 105 0 149 105 0 149 105 0 149 105 0 149 105 0 149 105 0 149 105 0 149 105 0 149 105 0 149 105 0 149 105 0 149 105 0 149 105 0 149 105 0 149 105 0 149 105 0 149 105 0 149 105 0 149 105 0 149 105 0 149 105 0 149 105 0 149 105 0 149 105 0 149 105 0 149 105 0 149 105 0 149 105 0 149 105 0 149 105 0 149 105 0 149 105 0 149 105 0 149 105 0 149 105 0 149 105 0 149 105 0 149 105 0 149 105 0 149 105 0 149 105 0 149 105 0 149 105 0 149 105 0 149 105 0 149 105 0 149 105 0 149 105 0 149 105 0 149 105 0 149 105 0 149 105 0 149 105 0 149 105 0 149 105 0 149 105 0 149 105 0 149 105 0 149 105 0 149 105 0 149 105 0 149 105 0 149 105 0 149 105 0 149 105 0 149 105 0 149 105 0 149 105 0 149 105 0 149 105 0 149 105 0 149 105 0 149 105 0 149 105 0 149 105 0 149 105 0 149 105 0 149 105 0 149 105 0 149 105 0 149 105 0 149 105 0 149 105 0 149 105 0 149 105 0 149 105 0 149 105 0 149 105 0 149 105 0 149 105 0 149 105 0 149 105 0 149 105 0 149 105 0 149 105 0 149 105 0 149 105 0 149 105 0 149 105 0 149 105 0 149 105 0 149 105 0 149 105 0 149 105 0 149 105 0 149 105 0 149 105 0 149 105 0 149 105 0 149 105 0 149 105 0 149 105 0 149 105 0 149 105 0 149 105 0 149 105 0 149 105 0 149 105 0 149 105 0 149 105 0 149 105 0 149 105 0 149 105 0 149 105 0 149 105 0 149 105 0 149 105 0 149 105 0 149 105 0 149 105 0 149 105 0 149 105 0 149 105 0 149 105 0 149 105 0 149 105 0 149 105 0 149 105 0 149 105 0 149 105 0 149 105 0 149 105 0 149 105 0 149 105 0 149 105 0 149 105 0 149 105 0 149 105 0 149 105 0 149 105 0 149 105 0 149 105 0 149 105 0 149 105 0 149 105 0 149 105 0 149 105 0 149 105 0 149 105 0 149 105 0 149 105 0 149 105 0 149 105 0 149 105 0 149 105 0 149 105 0 149 105 0 149 105 0 149 105 0 149 105 0 149 105 0 149 105 0 149 105 0 149 105 0 149 105 0 149 105 0 149 105 0 149 105 0 149 105 0 149 105 0 149 105 0 149 105 0 149 105 0 149 105 0 149 105 0 149 105 0 149 105 0 149 105 0 149 105 0 149 105 0 149 105 0 149 105 0 149 105 0 149 105 0 149 105 0 149 105 0 149 105 0 149 105 0 149 105 0 149 105 0 149 105 0 149 105 0 149 105 0 149 105 0 149 105 0 149 105 0 149 105 0 149 105 0 149 105 0 149 105 0 149 105 0 149 105 0 149 105 0 149 105 0 149 105 0 149 105 0 149 105 0 149 105 0 149 105 0 149 105 0 149 105 0 149 105 0 149 105 0 149 105 0 
149 105 0 149 105 0 149 105 0 149 105 0 149 105 0 149 105 0 149 105 0 149 105 0 149 105 0 149 105 0 149 105 0 149 105 0 149 105 0 149 105 0 149 105 0 149 105 0 149 105 0 149 105 0 149 105 0 149 105 0 149 105 0 149 105 0 149 105 0 149 105 0 149 105 0 149 105 0 149 105 0 149 105 0 149 105 0 149 105 0 149 105 0 149 105 0 149 105 0 149 105 0 149 105 0 149 105 0 149 105 0 149 105 0 149 105 0 149 105 0 149 105 0 149 105 0 149 105 0 149 105 0 149 105 0 149 105 0 149 105 0 149 105 0 149 105 0 149 105 0 149 105 0 149 105 0 149 105 0 149 105 0 149 105 0 149 105 0 149 105 0 149 105 0 149 105 0 149 105 0 149 105 0 149 105 0 149 105 0 149 105 0 149 105 0 149 105 0 149 105 0 149 105 0 149 105 0 149 105 0 149 105 0 149 105 0 149 105 0 149 105 0 149 105 0 149 105 0 149 105 0 149 105 0 149 105 0 149 105 0 149 105 0 149 105 0 149 105 0 149 105 0 149 105 0 149 105 0 149 105 0 149 105 0 149 105 0 149 105 0 149 105 0 149 105 0 149 105 0 149 105 0 149 105 0 149 105 0 149 105 0 149 105 0 149 105 0 149 105 0 149 105 0 149 105 0 149 105 0 149 105 0 149 105 0 149 105 0 149 105 0 149 105 0 149 105 0 149 105 0 149 105 0 149 105 0 149 105 0 149 105 0 149 105 0 149 105 0 149 105 0 149 105 0 149 105 0 149 105 0 149 105 0 149 105 0 149 105 0 149 105 0 149 105 0 149 105 0 149 105 0 149 105 0 149 105 0 149 105 0 149 105 0 149 105 0 149 105 0 149 105 0 149 105 0 149 105 0 149 105 0 149 105 0 149 105 0 149 105 0 149 105 0 149 105 0 149 105 0 149 105 0 149 105 0 149 105 0 149 105 0 149 105 0 149 105 0 149 105 0 149 105 0 149 105 0 149 105 0 149 105 0 149 105 0 149 105 0 149 105 0 149 105 0 149 105 0 149 105 0 149 105 0 149 105 0 149 105 0 149 105 0 149 105 0 149 105 0 149 105 0 149 105 0 149 105 0 149 105 0 149 105 0 149 105 0 149 105 0 149 105 0 149 105 0 149 105 0 149 105 0 149 105 0 149 105 0 149 105 0 149 105 0 149 105 0 149 105 0 149 105 0 149 105 0 149 105 0 149 105 0 149 105 0 149 105 0 149 105 0 149 105 0 149 105 0 149 105 0 149 105 0 149 105 0 149 105 0 149 105 0 149 105 0 149 105 0 149 105 0 149 105 0 149 105 0 149 105 0 149 105 0 149 105 0 149 105 0 149 105 0 149 105 0 149 105 0 149 105 0 149 105 0 149 105 0 149 105 0 149 105 0 149 105 0 149 105 0 149 105 0 149 105 0 149 105 0 149 105 0 149 105 0 149 105 0 149 105 0 149 105 0 149 105 0 149 105 0 149 105 0 149 105 0 149 105 0 149 105 0 149 105 0 149 105 0 149 105 0 149 105 0 149 105 0 149 105 0 149 105 0 149 105 0 149 105 0 149 105 0 149 105 0 149 105 0 149 105 0 149 105 0 149 105 0 149 105 0 149 105 0 149 105 0 149 105 0 149 105 0 149 105 0 149 105 0 149 105 0 149 105 0 149 105 0 149 105 0 
149 105 0 149 105 0 149 105 0 149 105 0 149 105 0 149 105 0 149 105 0 149 105 0 149 105 0 149 105 0 149 105 0 149 105 0 149 105 0 149 105 0 149 105 0 149 105 0 149 105 0 149 105 0 149 105 0 149 105 0 149 105 0 149 105 0 149 105 0 149 105 0 149 105 0 149 105 0 149 105 0 149 105 0 149 105 0 149 105 0 149 105 0 149 105 0 149 105 0 149 105 0 149 105 0 149 105 0 149 105 0 149 105 0 149 105 0 149 105 0 149 105 0 149 105 0 149 105 0 149 105 0 149 105 0 149 105 0 149 105 0 149 105 0 149 105 0 149 105 0 149 105 0 149 105 0 149 105 0 149 105 0 149 105 0 149 105 0 149 105 0 149 105 0 149 105 0 149 105 0 149 105 0 149 105 0 149 105 0 149 105 0 149 105 0 149 105 0 149 105 0 149 105 0 149 105 0 149 105 0 149 105 0 149 105 0 149 105 0 149 105 0 149 105 0 149 105 0 149 105 0 149 105 0 149 105 0 149 105 0 149 105 0 149 105 0 149 105 0 149 105 0 149 105 0 149 105 0 149 105 0 149 105 0 149 105 0 149 105 0 149 105 0 149 105 0 149 105 0 149 105 0 149 105 0 149 105 0 149 105 0 149 105 0 149 105 0 149 105 0 149 105 0 149 105 0 149 105 0 149 105 0 149 105 0 149 105 0 149 105 0 149 105 0 149 105 0 149 105 0 149 105 0 149 105 0 149 105 0 149 105 0 149 105 0 149 105 0 149 105 0 149 105 0 149 105 0 149 105 0 149 105 0 149 105 0 149 105 0 149 105 0 149 105 0 149 105 0 149 105 0 149 105 0 149 105 0 149 105 0 149 105 0 149 105 0 149 105 0 149 105 0 149 105 0 149 105 0 149 105 0 149 105 0 149 105 0 149 105 0 149 105 0 149 105 0 149 105 0 149 105 0 149 105 0 149 105 0 149 105 0 149 105 0 149 105 0 149 105 0 149 105 0 149 105 0 149 105 0 149 105 0 149 105 0 149 105 0 149 105 0 149 105 0 149 105 0 149 105 0 149 105 0 149 105 0 149 105 0 149 105 0 149 105 0 149 105 0 149 105 0 149 105 0 149 105 0 149 105 0 149 105 0 149 105 0 149 105 0 149 105 0 149 105 0 149 105 0 149 105 0 149 105 0 149 105 0 149 105 0 149 105 0 149 105 0 149 105 0 149 105 0 149 105 0 149 105 0 149 105 0 149 105 0 149 105 0 149 105 0 149 105 0 149 105 0 149 105 0 149 105 0 149 105 0 149 105 0 149 105 0 149 105 0 149 105 0 149 105 0 149 105 0 149 105 0 149 105 0 149 105 0 149 105 0 149 105 0 149 105 0 149 105 0 149 105 0 149 105 0 149 105 0 149 105 0 149 105 0 149 105 0 149 105 0 149 105 0 149 105 0 149 105 0 149 105 0 149 105 0 149 105 0 149 105 0 149 105 0 149 105 0 149 105 0 149 105 0 149 105 0 149 105 0 149 105 0 149 105 0 149 105 0 149 105 0 149 105 0 149 105 0 149 105 0 149 105 0 149 105 0 149 105 0 149 105 0 149 105 0 149 105 0 149 105 0 149 105 0 149 105 0 149 105 0 149 105 0 149 105 0 149 105 0 149 105 0 149 105 0 149 105 0 149 105 0 149 105 0 149 105 0 149 105 0 149 105 0 
149 105 0 149 105 0 149 105 0 149 105 0 149 105 0 149 105 0 149 105 0 149 105 0 149 105 0 149 105 0 149 105 0 149 105 0 149 105 0 149 105 0 149 105 0 149 105 0 149 105 0 149 105 0 149 105 0 149 105 0 149 105 0 149 105 0 149 105 0 149 105 0 149 105 0 149 105 0 149 105 0 149 105 0 149 105 0 149 105 0 149 105 0 149 105 0 149 105 0 149 105 0 149 105 0 149 105 0 149 105 0 149 105 0 149 105 0 149 105 0 149 105 0 149 105 0 149 105 0 149 105 0 149 105 0 149 105 0 149 105 0 149 105 0 149 105 0 149 105 0 149 105 0 149 105 0 149 105 0 149 105 0 149 105 0 149 105 0 149 105 0 149 105 0 149 105 0 149 105 0 149 105 0 149 105 0 149 105 0 149 105 0 149 105 0 149 105 0 149 105 0 149 105 0 149 105 0 149 105 0 149 105 0 149 105 0 149 105 0 149 105 0 149 105 0 149 105 0 149 105 0 149 105 0 149 105 0 149 105 0 149 105 0 149 105 0 149 105 0 149 105 0 149 105 0 149 105 0 149 105 0 149 105 0 149 105 0 149 105 0 149 105 0 149 105 0 149 105 0 149 105 0 149 105 0 149 105 0 149 105 0 149 105 0 149 105 0 149 105 0 149 105 0 149 105 0 149 105 0 149 105 0 149 105 0 149 105 0 149 105 0 149 105 0 149 105 0 149 105 0 149 105 0 149 105 0 149 105 0 149 105 0 149 105 0 149 105 0 149 105 0 149 105 0 149 105 0 149 105 0 149 105 0 149 105 0 149 105 0 149 105 0 149 105 0 149 105 0 149 105 0 149 105 0 149 105 0 149 105 0 149 105 0 149 105 0 149 105 0 149 105 0 149 105 0 149 105 0 149 105 0 149 105 0 149 105 0 149 105 0 149 105 0 149 105 0 149 105 0 149 105 0 149 105 0 149 105 0 149 105 0 149 105 0 149 105 0 149 105 0 149 105 0 149 105 0 149 105 0 149 105 0 149 105 0 149 105 0 149 105 0 149 105 0 149 105 0 149 105 0 149 105 0 149 105 0 149 105 0 149 105 0 149 105 0 149 105 0 149 105 0 149 105 0 149 105 0 149 105 0 149 105 0 149 105 0 149 105 0 149 105 0 149 105 0 149 105 0 149 105 0 149 105 0 149 105 0 149 105 0 149 105 0 149 105 0 149 105 0 149 105 0 149 105 0 149 105 0 149 105 0 149 105 0 149 105 0 149 105 0 149 105 0 149 105 0 149 105 0 149 105 0 149 105 0 149 105 0 149 105 0 149 105 0 149 105 0 149 105 0 149 105 0 149 105 0 149 105 0 149 105 0 149 105 0 149 105 0 149 105 0 149 105 0 149 105 0 149 105 0 149 105 0 149 105 0 149 105 0 149 105 0 149 105 0 149 105 0 149 105 0 149 105 0 149 105 0 149 105 0 149 105 0 149 105 0 149 105 0 149 105 0 149 105 0 149 105 0 149 105 0 149 105 0 149 105 0 149 105 0 149 105 0 149 105 0 149 105 0 149 105 0 149 105 0 149 105 0 149 105 0 149 105 0 149 105 0 149 105 0 149 105 0 149 105 0 149 105 0 149 105 0 149 105 0 149 105 0 149 105 0 149 105 0 149 105 0 149 105 0 149 105 0 149 105 0 149 105 0 149 105 0 149 105 0 149 105 0 
149 105 0 149 105 0 149 105 0 149 105 0 149 105 0 149 105 0 149 105 0 149 105 0 149 105 0 149 105 0 149 105 0 149 105 0 149 105 0 149 105 0 149 105 0 149 105 0 149 105 0 149 105 0 149 105 0 149 105 0 149 105 0 149 105 0 149 105 0 149 105 0 149 105 0 149 105 0 149 105 0 149 105 0 149 105 0 149 105 0 149 105 0 149 105 0 149 105 0 149 105 0 149 105 0 149 105 0 149 105 0 149 105 0 149 105 0 149 105 0 149 105 0 149 105 0 149 105 0 149 105 0 149 105 0 149 105 0 149 105 0 149 105 0 149 105 0 149 105 0 149 105 0 149 105 0 149 105 0 149 105 0 149 105 0 149 105 0 149 105 0 149 105 0 149 105 0 149 105 0 149 105 0 149 105 0 149 105 0 149 105 0 149 105 0 149 105 0 149 105 0 149 105 0 149 105 0 149 105 0 149 105 0 149 105 0 149 105 0 149 105 0 149 105 0 149 105 0 149 105 0 149 105 0 149 105 0 149 105 0 149 105 0 149 105 0 149 105 0 149 105 0 149 105 0 149 105 0 149 105 0 149 105 0 149 105 0 149 105 0 149 105 0 149 105 0 149 105 0 149 105 0 149 105 0 149 105 0 149 105 0 149 105 0 149 105 0 149 105 0 149 105 0 149 105 0 149 105 0 149 105 0 149 105 0 149 105 0 149 105 0 149 105 0 149 105 0 149 105 0 149 105 0 149 105 0 149 105 0 149 105 0 149 105 0 149 105 0 149 105 0 149 105 0 149 105 0 149 105 0 149 105 0 149 105 0 149 105 0 149 105 0 149 105 0 149 105 0 149 105 0 149 105 0 149 105 0 149 105 0 149 105 0 149 105 0 149 105 0 149 105 0 149 105 0 149 105 0 149 105 0 149 105 0 149 105 0 149 105 0 149 105 0 149 105 0 149 105 0 149 105 0 149 105 0 149 105 0 149 105 0 149 105 0 149 105 0 149 105 0 149 105 0 149 105 0 149 105 0 149 105 0 149 105 0 149 105 0 149 105 0 149 105 0 149 105 0 149 105 0 149 105 0 149 105 0 149 105 0 149 105 0 149 105 0 149 105 0 149 105 0 149 105 0 149 105 0 149 105 0 149 105 0 149 105 0 149 105 0 149 105 0 149 105 0 149 105 0 149 105 0 149 105 0 149 105 0 149 105 0 149 105 0 149 105 0 149 105 0 149 105 0 149 105 0 149 105 0 149 105 0 149 105 0 149 105 0 149 105 0 149 105 0 149 105 0 149 105 0 149 105 0 149 105 0 149 105 0 149 105 0 149 105 0 149 105 0 149 105 0 149 105 0 149 105 0 149 105 0 149 105 0 149 105 0 149 105 0 149 105 0 149 105 0 149 105 0 149 105 0 149 105 0 149 105 0 149 105 0 149 105 0 149 105 0 149 105 0 149 105 0 149 105 0 149 105 0 149 105 0 149 105 0 149 105 0 149 105 0 149 105 0 149 105 0 149 105 0 149 105 0 149 105 0 149 105 0 149 105 0 149 105 0 149 105 0 149 105 0 149 105 0 149 105 0 149 105 0 149 105 0 149 105 0 149 105 0 149 105 0 149 105 0 149 105 0 149 105 0 149 105 0 149 105 0 149 105 0 149 105 0 149 105 0 149 105 0 149 105 0 149 105 0 149 105 0 149 105 0 149 105 0 149 105 0 149 105 0 
149 105 0 149 105 0 149 105 0 149 105 0 149 105 0 149 105 0 149 105 0 149 105 0 149 105 0 149 105 0 149 105 0 149 105 0 149 105 0 149 105 0 149 105 0 149 105 0 149 105 0 149 105 0 149 105 0 149 105 0 149 105 0 149 105 0 149 105 0 149 105 0 149 105 0 149 105 0 149 105 0 149 105 0 149 105 0 149 105 0 149 105 0 149 105 0 149 105 0 149 105 0 149 105 0 149 105 0 149 105 0 149 105 0 149 105 0 149 105 0 149 105 0 149 105 0 149 105 0 149 105 0 149 105 0 149 105 0 149 105 0 149 105 0 149 105 0 149 105 0 149 105 0 149 105 0 149 105 0 149 105 0 149 105 0 149 105 0 149 105 0 149 105 0 149 105 0 149 105 0 149 105 0 149 105 0 149 105 0 149 105 0 149 105 0 149 105 0 149 105 0 149 105 0 149 105 0 149 105 0 149 105 0 149 105 0 149 105 0 149 105 0 149 105 0 149 105 0 149 105 0 149 105 0 149 105 0 149 105 0 149 105 0 149 105 0 149 105 0 149 105 0 149 105 0 149 105 0 149 105 0 149 105 0 149 105 0 149 105 0 149 105 0 149 105 0 149 105 0 149 105 0 149 105 0 149 105 0 149 105 0 149 105 0 149 105 0 149 105 0 149 105 0 149 105 0 149 105 0 149 105 0 149 105 0 149 105 0 149 105 0 149 105 0 149 105 0 149 105 0 149 105 0 149 105 0 149 105 0 149 105 0 149 105 0 149 105 0 149 105 0 149 105 0 149 105 0 149 105 0 149 105 0 149 105 0 149 105 0 149 105 0 149 105 0 149 105 0 149 105 0 149 105 0 149 105 0 149 105 0 149 105 0 149 105 0 149 105 0 149 105 0 149 105 0 149 105 0 149 105 0 149 105 0 149 105 0 149 105 0 149 105 0 149 105 0 149 105 0 149 105 0 149 105 0 149 105 0 149 105 0 149 105 0 149 105 0 149 105 0 149 105 0 149 105 0 149 105 0 149 105 0 149 105 0 149 105 0 149 105 0 149 105 0 149 105 0 149 105 0 149 105 0 149 105 0 149 105 0 149 105 0 149 105 0 149 105 0 149 105 0 149 105 0 149 105 0 149 105 0 149 105 0 149 105 0 149 105 0 149 105 0 149 105 0 149 105 0 149 105 0 149 105 0 149 105 0 149 105 0 149 105 0 149 105 0 149 105 0 149 105 0 149 105 0 149 105 0 149 105 0 149 105 0 149 105 0 149 105 0 149 105 0 149 105 0 149 105 0 149 105 0 149 105 0 149 105 0 149 105 0 149 105 0 149 105 0 149 105 0 149 105 0 149 105 0 149 105 0 149 105 0 149 105 0 149 105 0 149 105 0 149 105 0 149 105 0 149 105 0 149 105 0 149 105 0 149 105 0 149 105 0 149 105 0 149 105 0 149 105 0 149 105 0 149 105 0 149 105 0 149 105 0 149 105 0 149 105 0 149 105 0 149 105 0 149 105 0 149 105 0 149 105 0 149 105 0 149 105 0 149 105 0 149 105 0 149 105 0 149 105 0 149 105 0 149 105 0 149 105 0 149 105 0 149 105 0 149 105 0 149 105 0 149 105 0 149 105 0 149 105 0 149 105 0 149 105 0 149 105 0 149 105 0 149 105 0 149 105 0 149 105 0 149 105 0 149 105 0 149 105 0 149 105 0 149 105 0 
149 105 0 149 105 0 149 105 0 149 105 0 149 105 0 149 105 0 149 105 0 149 105 0 149 105 0 149 105 0 149 105 0 149 105 0 149 105 0 149 105 0 149 105 0 149 105 0 149 105 0 149 105 0 149 105 0 149 105 0 149 105 0 149 105 0 149 105 0 149 105 0 149 105 0 149 105 0 149 105 0 149 105 0 149 105 0 149 105 0 149 105 0 149 105 0 149 105 0 149 105 0 149 105 0 149 105 0 149 105 0 149 105 0 149 105 0 149 105 0 149 105 0 149 105 0 149 105 0 149 105 0 149 105 0 149 105 0 149 105 0 149 105 0 149 105 0 149 105 0 149 105 0 149 105 0 149 105 0 149 105 0 149 105 0 149 105 0 149 105 0 149 105 0 149 105 0 149 105 0 149 105 0 149 105 0 149 105 0 149 105 0 149 105 0 149 105 0 149 105 0 149 105 0 149 105 0 149 105 0 149 105 0 149 105 0 149 105 0 149 105 0 149 105 0 149 105 0 149 105 0 149 105 0 149 105 0 149 105 0 149 105 0 149 105 0 149 105 0 149 105 0 149 105 0 149 105 0 149 105 0 149 105 0 149 105 0 149 105 0 149 105 0 149 105 0 149 105 0 149 105 0 149 105 0 149 105 0 149 105 0 149 105 0 149 105 0 149 105 0 149 105 0 149 105 0 149 105 0 149 105 0 149 105 0 149 105 0 149 105 0 149 105 0 149 105 0 149 105 0 149 105 0 149 105 0 149 105 0 149 105 0 149 105 0 149 105 0 149 105 0 149 105 0 149 105 0 149 105 0 149 105 0 149 105 0 149 105 0 149 105 0 149 105 0 149 105 0 149 105 0 149 105 0 149 105 0 149 105 0 149 105 0 149 105 0 149 105 0 149 105 0 149 105 0 149 105 0 149 105 0 149 105 0 149 105 0 149 105 0 149 105 0 149 105 0 149 105 0 149 105 0 149 105 0 149 105 0 149 105 0 149 105 0 149 105 0 149 105 0 149 105 0 149 105 0 149 105 0 149 105 0 149 105 0 149 105 0 149 105 0 149 105 0 149 105 0 149 105 0 149 105 0 149 105 0 149 105 0 149 105 0 149 105 0 149 105 0 149 105 0 149 105 0 149 105 0 149 105 0 149 105 0 149 105 0 149 105 0 149 105 0 149 105 0 149 105 0 149 105 0 149 105 0 149 105 0 149 105 0 149 105 0 149 105 0 149 105 0 149 105 0 149 105 0 149 105 0 149 105 0 149 105 0 149 105 0 149 105 0 149 105 0 149 105 0 149 105 0 149 105 0 149 105 0 149 105 0 149 105 0 149 105 0 149 105 0 149 105 0 149 105 0 149 105 0 149 105 0 149 105 0 149 105 0 149 105 0 149 105 0 149 105 0 149 105 0 149 105 0 149 105 0 149 105 0 149 105 0 149 105 0 149 105 0 149 105 0 149 105 0 149 105 0 149 105 0 149 105 0 149 105 0 149 105 0 149 105 0 149 105 0 149 105 0 149 105 0 149 105 0 149 105 0 149 105 0 149 105 0 149 105 0 149 105 0 149 105 0 149 105 0 149 105 0 149 105 0 149 105 0 149 105 0 149 105 0 149 105 0 149 105 0 149 105 0 149 105 0 149 105 0 149 105 0 149 105 0 149 105 0 149 105 0 149 105 0 149 105 0 149 105 0 149 105 0 149 105 0 149 105 0 149 105 0 149 105 0 
149 105 0 149 105 0 149 105 0 149 105 0 149 105 0 149 105 0 149 105 0 149 105 0 149 105 0 149 105 0 149 105 0 149 105 0 149 105 0 149 105 0 149 105 0 149 105 0 149 105 0 149 105 0 149 105 0 149 105 0 149 105 0 149 105 0 149 105 0 149 105 0 149 105 0 149 105 0 149 105 0 149 105 0 149 105 0 149 105 0 149 105 0 149 105 0 149 105 0 149 105 0 149 105 0 149 105 0 149 105 0 149 105 0 149 105 0 149 105 0 149 105 0 149 105 0 149 105 0 149 105 0 149 105 0 149 105 0 149 105 0 149 105 0 149 105 0 149 105 0 149 105 0 149 105 0 149 105 0 149 105 0 149 105 0 149 105 0 149 105 0 149 105 0 149 105 0 149 105 0 149 105 0 149 105 0 149 105 0 149 105 0 149 105 0 149 105 0 149 105 0 149 105 0 149 105 0 149 105 0 149 105 0 149 105 0 149 105 0 149 105 0 149 105 0 149 105 0 149 105 0 149 105 0 149 105 0 149 105 0 149 105 0 149 105 0 149 105 0 149 105 0 149 105 0 149 105 0 149 105 0 149 105 0 149 105 0 149 105 0 149 105 0 149 105 0 149 105 0 149 105 0 149 105 0 149 105 0 149 105 0 149 105 0 149 105 0 149 105 0 149 105 0 149 105 0 149 105 0 149 105 0 149 105 0 149 105 0 149 105 0 149 105 0 149 105 0 149 105 0 149 105 0 149 105 0 149 105 0 149 105 0 149 105 0 149 105 0 149 105 0 149 105 0 149 105 0 149 105 0 149 105 0 149 105 0 149 105 0 149 105 0 149 105 0 149 105 0 149 105 0 149 105 0 149 105 0 149 105 0 149 105 0 149 105 0 149 105 0 149 105 0 149 105 0 149 105 0 149 105 0 149 105 0 149 105 0 149 105 0 149 105 0 149 105 0 149 105 0 149 105 0 149 105 0 149 105 0 149 105 0 149 105 0 149 105 0 149 105 0 149 105 0 149 105 0 149 105 0 149 105 0 149 105 0 149 105 0 149 105 0 149 105 0 149 105 0 149 105 0 149 105 0 149 105 0 149 105 0 149 105 0 149 105 0 149 105 0 149 105 0 149 105 0 149 105 0 149 105 0 149 105 0 149 105 0 149 105 0 149 105 0 149 105 0 149 105 0 149 105 0 149 105 0 149 105 0 149 105 0 149 105 0 149 105 0 149 105 0 149 105 0 149 105 0 149 105 0 149 105 0 149 105 0 149 105 0 149 105 0 149 105 0 149 105 0 149 105 0 149 105 0 149 105 0 149 105 0 149 105 0 149 105 0 149 105 0 149 105 0 149 105 0 149 105 0 149 105 0 149 105 0 149 105 0 149 105 0 149 105 0 149 105 0 149 105 0 149 105 0 149 105 0 149 105 0 149 105 0 149 105 0 149 105 0 149 105 0 149 105 0 149 105 0 149 105 0 149 105 0 149 105 0 149 105 0 149 105 0 149 105 0 149 105 0 149 105 0 149 105 0 149 105 0 149 105 0 149 105 0 149 105 0 149 105 0 149 105 0 149 105 0 149 105 0 149 105 0 149 105 0 149 105 0 149 105 0 149 105 0 149 105 0 149 105 0 149 105 0 149 105 0 149 105 0 149 105 0 149 105 0 149 105 0 149 105 0 149 105 0 149 105 0 149 105 0 149 105 0 149 105 0 149 105 0 149 105 0 
149 105 0 149 105 0 149 105 0 149 105 0 149 105 0 149 105 0 149 105 0 149 105 0 149 105 0 149 105 0 149 105 0 149 105 0 149 105 0 149 105 0 149 105 0 149 105 0 149 105 0 149 105 0 149 105 0 149 105 0 149 105 0 149 105 0 149 105 0 149 105 0 149 105 0 149 105 0 149 105 0 149 105 0 149 105 0 149 105 0 149 105 0 149 105 0 149 105 0 149 105 0 149 105 0 149 105 0 149 105 0 149 105 0 149 105 0 149 105 0 149 105 0 149 105 0 149 105 0 149 105 0 149 105 0 149 105 0 149 105 0 149 105 0 149 105 0 149 105 0 149 105 0 149 105 0 149 105 0 149 105 0 149 105 0 149 105 0 149 105 0 149 105 0 149 105 0 149 105 0 149 105 0 149 105 0 149 105 0 149 105 0 149 105 0 149 105 0 149 105 0 149 105 0 149 105 0 149 105 0 149 105 0 149 105 0 149 105 0 149 105 0 149 105 0 149 105 0 149 105 0 149 105 0 149 105 0 149 105 0 149 105 0 149 105 0 149 105 0 149 105 0 149 105 0 149 105 0 149 105 0 149 105 0 149 105 0 149 105 0 149 105 0 149 105 0 149 105 0 149 105 0 149 105 0 149 105 0 149 105 0 149 105 0 149 105 0 149 105 0 149 105 0 149 105 0 149 105 0 149 105 0 149 105 0 149 105 0 149 105 0 149 105 0 149 105 0 149 105 0 149 105 0 149 105 0 149 105 0 149 105 0 149 105 0 149 105 0 149 105 0 149 105 0 149 105 0 149 105 0 149 105 0 149 105 0 149 105 0 149 105 0 149 105 0 149 105 0 149 105 0 149 105 0 149 105 0 149 105 0 149 105 0 149 105 0 149 105 0 149 105 0 149 105 0 149 105 0 149 105 0 149 105 0 149 105 0 149 105 0 149 105 0 149 105 0 149 105 0 149 105 0 149 105 0 149 105 0 149 105 0 149 105 0 149 105 0 149 105 0 149 105 0 149 105 0 149 105 0 149 105 0 149 105 0 149 105 0 149 105 0 149 105 0 149 105 0 149 105 0 149 105 0 149 105 0 149 105 0 149 105 0 149 105 0 149 105 0 149 105 0 149 105 0 149 105 0 149 105 0 149 105 0 149 105 0 149 105 0 149 105 0 149 105 0 149 105 0 149 105 0 149 105 0 149 105 0 149 105 0 149 105 0 149 105 0 149 105 0 149 105 0 149 105 0 149 105 0 149 105 0 149 105 0 149 105 0 149 105 0 149 105 0 149 105 0 149 105 0 149 105 0 149 105 0 149 105 0 149 105 0 149 105 0 149 105 0 149 105 0 149 105 0 149 105 0 149 105 0 149 105 0 149 105 0 149 105 0 149 105 0 149 105 0 149 105 0 149 105 0 149 105 0 149 105 0 149 105 0 149 105 0 149 105 0 149 105 0 149 105 0 149 105 0 149 105 0 149 105 0 149 105 0 149 105 0 149 105 0 149 105 0 149 105 0 149 105 0 149 105 0 149 105 0 149 105 0 149 105 0 149 105 0 149 105 0 149 105 0 149 105 0 149 105 0 149 105 0 149 105 0 149 105 0 149 105 0 149 105 0 149 105 0 149 105 0 149 105 0 149 105 0 149 105 0 149 105 0 149 105 0 149 105 0 149 105 0 149 105 0 149 105 0 149 105 0 149 105 0 149 105 0 149 105 0 149 105 0 
149 105 0 149 105 0 149 105 0 149 105 0 149 105 0 149 105 0 149 105 0 149 105 0 149 105 0 149 105 0 149 105 0 149 105 0 149 105 0 149 105 0 149 105 0 149 105 0 149 105 0 149 105 0 149 105 0 149 105 0 149 105 0 149 105 0 149 105 0 149 105 0 149 105 0 149 105 0 149 105 0 149 105 0 149 105 0 149 105 0 149 105 0 149 105 0 149 105 0 149 105 0 149 105 0 149 105 0 149 105 0 149 105 0 149 105 0 149 105 0 149 105 0 149 105 0 149 105 0 149 105 0 149 105 0 149 105 0 149 105 0 149 105 0 149 105 0 149 105 0 149 105 0 149 105 0 149 105 0 149 105 0 149 105 0 149 105 0 149 105 0 149 105 0 149 105 0 149 105 0 149 105 0 149 105 0 149 105 0 149 105 0 149 105 0 149 105 0 149 105 0 149 105 0 149 105 0 149 105 0 149 105 0 149 105 0 149 105 0 149 105 0 149 105 0 149 105 0 149 105 0 149 105 0 149 105 0 149 105 0 149 105 0 149 105 0 149 105 0 149 105 0 149 105 0 149 105 0 149 105 0 149 105 0 149 105 0 149 105 0 149 105 0 149 105 0 149 105 0 149 105 0 149 105 0 149 105 0 149 105 0 149 105 0 149 105 0 149 105 0 149 105 0 149 105 0 149 105 0 149 105 0 149 105 0 149 105 0 149 105 0 149 105 0 149 105 0 149 105 0 149 105 0 149 105 0 149 105 0 149 105 0 149 105 0 149 105 0 149 105 0 149 105 0 149 105 0 149 105 0 149 105 0 149 105 0 149 105 0 149 105 0 149 105 0 149 105 0 149 105 0 149 105 0 149 105 0 149 105 0 149 105 0 149 105 0 149 105 0 149 105 0 149 105 0 149 105 0 149 105 0 149 105 0 149 105 0 149 105 0 149 105 0 149 105 0 149 105 0 149 105 0 149 105 0 149 105 0 149 105 0 149 105 0 149 105 0 149 105 0 149 105 0 149 105 0 149 105 0 149 105 0 149 105 0 149 105 0 149 105 0 149 105 0 149 105 0 149 105 0 149 105 0 149 105 0 149 105 0 149 105 0 149 105 0 149 105 0 149 105 0 149 105 0 149 105 0 149 105 0 149 105 0 149 105 0 149 105 0 149 105 0 149 105 0 149 105 0 149 105 0 149 105 0 149 105 0 149 105 0 149 105 0 149 105 0 149 105 0 149 105 0 149 105 0 149 105 0 149 105 0 149 105 0 149 105 0 149 105 0 149 105 0 149 105 0 149 105 0 149 105 0 149 105 0 149 105 0 149 105 0 149 105 0 149 105 0 149 105 0 149 105 0 149 105 0 149 105 0 149 105 0 149 105 0 149 105 0 149 105 0 149 105 0 149 105 0 149 105 0 149 105 0 149 105 0 149 105 0 149 105 0 149 105 0 149 105 0 149 105 0 149 105 0 149 105 0 149 105 0 149 105 0 149 105 0 149 105 0 149 105 0 149 105 0 149 105 0 149 105 0 149 105 0 149 105 0 149 105 0 149 105 0 149 105 0 149 105 0 149 105 0 149 105 0 149 105 0 149 105 0 149 105 0 149 105 0 149 105 0 149 105 0 149 105 0 149 105 0 149 105 0 149 105 0 149 105 0 149 105 0 149 105 0 149 105 0 149 105 0 149 105 0 149 105 0 149 105 0 149 105 0 149 105 0 149 105 0 
149 105 0 149 105 0 149 105 0 149 105 0 149 105 0 149 105 0 149 105 0 149 105 0 149 105 0 149 105 0 149 105 0 149 105 0 149 105 0 149 105 0 149 105 0 149 105 0 149 105 0 149 105 0 149 105 0 149 105 0 149 105 0 149 105 0 149 105 0 149 105 0 149 105 0 149 105 0 149 105 0 149 105 0 149 105 0 149 105 0 149 105 0 149 105 0 149 105 0 149 105 0 149 105 0 149 105 0 149 105 0 149 105 0 149 105 0 149 105 0 149 105 0 149 105 0 149 105 0 149 105 0 149 105 0 149 105 0 149 105 0 149 105 0 149 105 0 149 105 0 149 105 0 149 105 0 149 105 0 149 105 0 149 105 0 149 105 0 149 105 0 149 105 0 149 105 0 149 105 0 149 105 0 149 105 0 149 105 0 149 105 0 149 105 0 149 105 0 149 105 0 149 105 0 149 105 0 149 105 0 149 105 0 149 105 0 149 105 0 149 105 0 149 105 0 149 105 0 149 105 0 149 105 0 149 105 0 149 105 0 149 105 0 149 105 0 149 105 0 149 105 0 149 105 0 149 105 0 149 105 0 149 105 0 149 105 0 149 105 0 149 105 0 149 105 0 149 105 0 149 105 0 149 105 0 149 105 0 149 105 0 149 105 0 149 105 0 149 105 0 149 105 0 149 105 0 149 105 0 149 105 0 149 105 0 149 105 0 149 105 0 149 105 0 149 105 0 149 105 0 149 105 0 149 105 0 149 105 0 149 105 0 149 105 0 149 105 0 149 105 0 149 105 0 149 105 0 149 105 0 149 105 0 149 105 0 149 105 0 149 105 0 149 105 0 149 105 0 149 105 0 149 105 0 149 105 0 149 105 0 149 105 0 149 105 0 149 105 0 149 105 0 149 105 0 149 105 0 149 105 0 149 105 0 149 105 0 149 105 0 149 105 0 149 105 0 149 105 0 149 105 0 149 105 0 149 105 0 149 105 0 149 105 0 149 105 0 149 105 0 149 105 0 149 105 0 149 105 0 149 105 0 149 105 0 149 105 0 149 105 0 149 105 0 149 105 0 149 105 0 149 105 0 149 105 0 149 105 0 149 105 0 149 105 0 149 105 0 149 105 0 149 105 0 149 105 0 149 105 0 149 105 0 149 105 0 149 105 0 149 105 0 149 105 0 149 105 0 149 105 0 149 105 0 149 105 0 149 105 0 149 105 0 149 105 0 149 105 0 149 105 0 149 105 0 149 105 0 149 105 0 149 105 0 149 105 0 149 105 0 149 105 0 149 105 0 149 105 0 149 105 0 149 105 0 149 105 0 149 105 0 149 105 0 149 105 0 149 105 0 149 105 0 149 105 0 149 105 0 149 105 0 149 105 0 149 105 0 149 105 0 149 105 0 149 105 0 149 105 0 149 105 0 149 105 0 149 105 0 149 105 0 149 105 0 149 105 0 149 105 0 149 105 0 149 105 0 149 105 0 149 105 0 149 105 0 149 105 0 149 105 0 149 105 0 149 105 0 149 105 0 149 105 0 149 105 0 149 105 0 149 105 0 149 105 0 149 105 0 149 105 0 149 105 0 149 105 0 149 105 0 149 105 0 149 105 0 149 105 0 149 105 0 149 105 0 149 105 0 149 105 0 149 105 0 149 105 0 149 105 0 149 105 0 149 105 0 149 105 0 149 105 0 149 105 0 149 105 0 149 105 0 149 105 0 149 105 0 
149 105 0 149 105 0 149 105 0 149 105 0 149 105 0 149 105 0 149 105 0 149 105 0 149 105 0 149 105 0 149 105 0 149 105 0 149 105 0 149 105 0 149 105 0 149 105 0 149 105 0 149 105 0 149 105 0 149 105 0 149 105 0 149 105 0 149 105 0 149 105 0 149 105 0 149 105 0 149 105 0 149 105 0 149 105 0 149 105 0 149 105 0 149 105 0 149 105 0 149 105 0 149 105 0 149 105 0 149 105 0 149 105 0 149 105 0 149 105 0 149 105 0 149 105 0 149 105 0 149 105 0 149 105 0 149 105 0 149 105 0 149 105 0 149 105 0 149 105 0 149 105 0 149 105 0 149 105 0 149 105 0 149 105 0 149 105 0 149 105 0 149 105 0 149 105 0 149 105 0 149 105 0 149 105 0 149 105 0 149 105 0 149 105 0 149 105 0 149 105 0 149 105 0 149 105 0 149 105 0 149 105 0 149 105 0 149 105 0 149 105 0 149 105 0 149 105 0 149 105 0 149 105 0 149 105 0 149 105 0 149 105 0 149 105 0 149 105 0 149 105 0 149 105 0 149 105 0 149 105 0 149 105 0 149 105 0 149 105 0 149 105 0 149 105 0 149 105 0 149 105 0 149 105 0 149 105 0 149 105 0 149 105 0 149 105 0 149 105 0 149 105 0 149 105 0 149 105 0 149 105 0 149 105 0 149 105 0 149 105 0 149 105 0 149 105 0 149 105 0 149 105 0 149 105 0 149 105 0 149 105 0 149 105 0 149 105 0 149 105 0 149 105 0 149 105 0 149 105 0 149 105 0 149 105 0 149 105 0 149 105 0 149 105 0 149 105 0 149 105 0 149 105 0 149 105 0 149 105 0 149 105 0 149 105 0 149 105 0 149 105 0 149 105 0 149 105 0 149 105 0 149 105 0 149 105 0 149 105 0 149 105 0 149 105 0 149 105 0 149 105 0 149 105 0 149 105 0 149 105 0 149 105 0 149 105 0 149 105 0 149 105 0 149 105 0 149 105 0 149 105 0 149 105 0 149 105 0 149 105 0 149 105 0 149 105 0 149 105 0 149 105 0 149 105 0 149 105 0 149 105 0 149 105 0 149 105 0 149 105 0 149 105 0 149 105 0 149 105 0 149 105 0 149 105 0 149 105 0 149 105 0 149 105 0 149 105 0 149 105 0 149 105 0 149 105 0 149 105 0 149 105 0 149 105 0 149 105 0 149 105 0 149 105 0 149 105 0 149 105 0 149 105 0 149 105 0 149 105 0 149 105 0 149 105 0 149 105 0 149 105 0 149 105 0 149 105 0 149 105 0 149 105 0 149 105 0 149 105 0 149 105 0 149 105 0 149 105 0 149 105 0 149 105 0 149 105 0 149 105 0 149 105 0 149 105 0 149 105 0 149 105 0 149 105 0 149 105 0 149 105 0 149 105 0 149 105 0 149 105 0 149 105 0 149 105 0 149 105 0 149 105 0 149 105 0 149 105 0 149 105 0 149 105 0 149 105 0 149 105 0 149 105 0 149 105 0 149 105 0 149 105 0 149 105 0 149 105 0 149 105 0 149 105 0 149 105 0 149 105 0 149 105 0 149 105 0 149 105 0 149 105 0 149 105 0 149 105 0 149 105 0 149 105 0 149 105 0 149 105 0 149 105 0 149 105 0 149 105 0 149 105 0 149 105 0 149 105 0 149 105 0 149 105 0 149 105 0 
149 105 0 149 105 0 149 105 0 149 105 0 149 105 0 149 105 0 149 105 0 149 105 0 149 105 0 149 105 0 149 105 0 149 105 0 149 105 0 149 105 0 149 105 0 149 105 0 149 105 0 149 105 0 149 105 0 149 105 0 149 105 0 149 105 0 149 105 0 149 105 0 149 105 0 149 105 0 149 105 0 149 105 0 149 105 0 149 105 0 149 105 0 149 105 0 149 105 0 149 105 0 149 105 0 149 105 0 149 105 0 149 105 0 149 105 0 149 105 0 149 105 0 149 105 0 149 105 0 149 105 0 149 105 0 149 105 0 149 105 0 149 105 0 149 105 0 149 105 0 149 105 0 149 105 0 149 105 0 149 105 0 149 105 0 149 105 0 149 105 0 149 105 0 149 105 0 149 105 0 149 105 0 149 105 0 149 105 0 149 105 0 149 105 0 149 105 0 149 105 0 149 105 0 149 105 0 149 105 0 149 105 0 149 105 0 149 105 0 149 105 0 149 105 0 149 105 0 149 105 0 149 105 0 149 105 0 149 105 0 149 105 0 149 105 0 149 105 0 149 105 0 149 105 0 149 105 0 149 105 0 149 105 0 149 105 0 149 105 0 149 105 0 149 105 0 149 105 0 149 105 0 149 105 0 149 105 0 149 105 0 149 105 0 149 105 0 149 105 0 149 105 0 149 105 0 149 105 0 149 105 0 149 105 0 149 105 0 149 105 0 149 105 0 149 105 0 149 105 0 149 105 0 149 105 0 149 105 0 149 105 0 149 105 0 149 105 0 149 105 0 149 105 0 149 105 0 149 105 0 149 105 0 149 105 0 149 105 0 149 105 0 149 105 0 149 105 0 149 105 0 149 105 0 149 105 0 149 105 0 149 105 0 149 105 0 149 105 0 149 105 0 149 105 0 149 105 0 149 105 0 149 105 0 149 105 0 149 105 0 149 105 0 149 105 0 149 105 0 149 105 0 149 105 0 149 105 0 149 105 0 149 105 0 149 105 0 149 105 0 149 105 0 149 105 0 149 105 0 149 105 0 149 105 0 149 105 0 149 105 0 149 105 0 149 105 0 149 105 0 149 105 0 149 105 0 149 105 0 149 105 0 149 105 0 149 105 0 149 105 0 149 105 0 149 105 0 149 105 0 149 105 0 149 105 0 149 105 0 149 105 0 149 105 0 149 105 0 149 105 0 149 105 0 149 105 0 149 105 0 149 105 0 149 105 0 149 105 0 149 105 0 149 105 0 149 105 0 149 105 0 149 105 0 149 105 0 149 105 0 149 105 0 149 105 0 149 105 0 149 105 0 149 105 0 149 105 0 149 105 0 149 105 0 149 105 0 149 105 0 149 105 0 149 105 0 149 105 0 149 105 0 149 105 0 149 105 0 149 105 0 149 105 0 149 105 0 149 105 0 149 105 0 149 105 0 149 105 0 149 105 0 149 105 0 149 105 0 149 105 0 149 105 0 149 105 0 149 105 0 149 105 0 149 105 0 149 105 0 149 105 0 149 105 0 149 105 0 149 105 0 149 105 0 149 105 0 149 105 0 149 105 0 149 105 0 149 105 0 149 105 0 149 105 0 149 105 0 149 105 0 149 105 0 149 105 0 149 105 0 149 105 0 149 105 0 149 105 0 149 105 0 149 105 0 149 105 0 149 105 0 149 105 0 149 105 0 149 105 0 149 105 0 149 105 0 149 105 0 149 105 0 149 105 0 149 105 0 
149 105 0 149 105 0 149 105 0 149 105 0 149 105 0 149 105 0 149 105 0 149 105 0 149 105 0 149 105 0 149 105 0 149 105 0 149 105 0 149 105 0 149 105 0 149 105 0 149 105 0 149 105 0 149 105 0 149 105 0 149 105 0 149 105 0 149 105 0 149 105 0 149 105 0 149 105 0 149 105 0 149 105 0 149 105 0 149 105 0 149 105 0 149 105 0 149 105 0 149 105 0 149 105 0 149 105 0 149 105 0 149 105 0 149 105 0 149 105 0 149 105 0 149 105 0 149 105 0 149 105 0 149 105 0 149 105 0 149 105 0 149 105 0 149 105 0 149 105 0 149 105 0 149 105 0 149 105 0 149 105 0 149 105 0 149 105 0 149 105 0 149 105 0 149 105 0 149 105 0 149 105 0 149 105 0 149 105 0 149 105 0 149 105 0 149 105 0 149 105 0 149 105 0 149 105 0 149 105 0 149 105 0 149 105 0 149 105 0 149 105 0 149 105 0 149 105 0 149 105 0 149 105 0 149 105 0 149 105 0 149 105 0 149 105 0 149 105 0 149 105 0 149 105 0 149 105 0 149 105 0 149 105 0 149 105 0 149 105 0 149 105 0 149 105 0 149 105 0 149 105 0 149 105 0 149 105 0 149 105 0 149 105 0 149 105 0 149 105 0 149 105 0 149 105 0 149 105 0 149 105 0 149 105 0 149 105 0 149 105 0 149 105 0 149 105 0 149 105 0 149 105 0 149 105 0 149 105 0 149 105 0 149 105 0 149 105 0 149 105 0 149 105 0 149 105 0 149 105 0 149 105 0 149 105 0 149 105 0 149 105 0 149 105 0 149 105 0 149 105 0 149 105 0 149 105 0 149 105 0 149 105 0 149 105 0 149 105 0 149 105 0 149 105 0 149 105 0 149 105 0 149 105 0 149 105 0 149 105 0 149 105 0 149 105 0 149 105 0 149 105 0 149 105 0 149 105 0 149 105 0 149 105 0 149 105 0 149 105 0 149 105 0 149 105 0 149 105 0 149 105 0 149 105 0 149 105 0 149 105 0 149 105 0 149 105 0 149 105 0 149 105 0 149 105 0 149 105 0 149 105 0 149 105 0 149 105 0 149 105 0 149 105 0 149 105 0 149 105 0 149 105 0 149 105 0 149 105 0 149 105 0 149 105 0 149 105 0 149 105 0 149 105 0 149 105 0 149 105 0 149 105 0 149 105 0 149 105 0 149 105 0 149 105 0 149 105 0 149 105 0 149 105 0 149 105 0 149 105 0 149 105 0 149 105 0 149 105 0 149 105 0 149 105 0 149 105 0 149 105 0 149 105 0 149 105 0 149 105 0 149 105 0 149 105 0 149 105 0 149 105 0 149 105 0 149 105 0 149 105 0 149 105 0 149 105 0 149 105 0 149 105 0 149 105 0 149 105 0 149 105 0 149 105 0 149 105 0 149 105 0 149 105 0 149 105 0 149 105 0 149 105 0 149 105 0 149 105 0 149 105 0 149 105 0 149 105 0 149 105 0 149 105 0 149 105 0 149 105 0 149 105 0 149 105 0 149 105 0 149 105 0 149 105 0 149 105 0 149 105 0 149 105 0 149 105 0 149 105 0 149 105 0 149 105 0 149 105 0 149 105 0 149 105 0 149 105 0 149 105 0 149 105 0 149 105 0 149 105 0 149 105 0 149 105 0 149 105 0 149 105 0 149 105 0 149 105 0 
149 105 0 149 105 0 149 105 0 149 105 0 149 105 0 149 105 0 149 105 0 149 105 0 149 105 0 149 105 0 149 105 0 149 105 0 149 105 0 149 105 0 149 105 0 149 105 0 149 105 0 149 105 0 149 105 0 149 105 0 149 105 0 149 105 0 149 105 0 149 105 0 149 105 0 149 105 0 149 105 0 149 105 0 149 105 0 149 105 0 149 105 0 149 105 0 149 105 0 149 105 0 149 105 0 149 105 0 149 105 0 149 105 0 149 105 0 149 105 0 149 105 0 149 105 0 149 105 0 149 105 0 149 105 0 149 105 0 149 105 0 149 105 0 149 105 0 149 105 0 149 105 0 149 105 0 149 105 0 149 105 0 149 105 0 149 105 0 149 105 0 149 105 0 149 105 0 149 105 0 149 105 0 149 105 0 149 105 0 149 105 0 149 105 0 149 105 0 149 105 0 149 105 0 149 105 0 149 105 0 149 105 0 149 105 0 149 105 0 149 105 0 149 105 0 149 105 0 149 105 0 149 105 0 149 105 0 149 105 0 149 105 0 149 105 0 149 105 0 149 105 0 149 105 0 149 105 0 149 105 0 149 105 0 149 105 0 149 105 0 149 105 0 149 105 0 149 105 0 149 105 0 149 105 0 149 105 0 149 105 0 149 105 0 149 105 0 149 105 0 149 105 0 149 105 0 149 105 0 149 105 0 149 105 0 149 105 0 149 105 0 149 105 0 149 105 0 149 105 0 149 105 0 149 105 0 149 105 0 149 105 0 149 105 0 149 105 0 149 105 0 149 105 0 149 105 0 149 105 0 149 105 0 149 105 0 149 105 0 149 105 0 149 105 0 149 105 0 149 105 0 149 105 0 149 105 0 149 105 0 149 105 0 149 105 0 149 105 0 149 105 0 149 105 0 149 105 0 149 105 0 149 105 0 149 105 0 149 105 0 149 105 0 149 105 0 149 105 0 149 105 0 149 105 0 149 105 0 149 105 0 149 105 0 149 105 0 149 105 0 149 105 0 149 105 0 149 105 0 149 105 0 149 105 0 149 105 0 149 105 0 149 105 0 149 105 0 149 105 0 149 105 0 149 105 0 149 105 0 149 105 0 149 105 0 149 105 0 149 105 0 149 105 0 149 105 0 149 105 0 149 105 0 149 105 0 149 105 0 149 105 0 149 105 0 149 105 0 149 105 0 149 105 0 149 105 0 149 105 0 149 105 0 149 105 0 149 105 0 149 105 0 149 105 0 149 105 0 149 105 0 149 105 0 149 105 0 149 105 0 149 105 0 149 105 0 149 105 0 149 105 0 149 105 0 149 105 0 149 105 0 149 105 0 149 105 0 149 105 0 149 105 0 149 105 0 149 105 0 149 105 0 149 105 0 149 105 0 149 105 0 149 105 0 149 105 0 149 105 0 149 105 0 149 105 0 149 105 0 149 105 0 149 105 0 149 105 0 149 105 0 149 105 0 149 105 0 149 105 0 149 105 0 149 105 0 149 105 0 149 105 0 149 105 0 149 105 0 149 105 0 149 105 0 149 105 0 149 105 0 149 105 0 149 105 0 149 105 0 149 105 0 149 105 0 149 105 0 149 105 0 149 105 0 149 105 0 149 105 0 149 105 0 149 105 0 149 105 0 149 105 0 149 105 0 149 105 0 149 105 0 149 105 0 149 105 0 149 105 0 149 105 0 149 105 0 149 105 0 149 105 0 149 105 0 149 105 0 
149 105 0 149 105 0 149 105 0 149 105 0 149 105 0 149 105 0 149 105 0 149 105 0 149 105 0 149 105 0 149 105 0 149 105 0 149 105 0 149 105 0 149 105 0 149 105 0 149 105 0 149 105 0 149 105 0 149 105 0 149 105 0 149 105 0 149 105 0 149 105 0 149 105 0 149 105 0 149 105 0 149 105 0 149 105 0 149 105 0 149 105 0 149 105 0 149 105 0 149 105 0 149 105 0 149 105 0 149 105 0 149 105 0 149 105 0 149 105 0 149 105 0 149 105 0 149 105 0 149 105 0 149 105 0 149 105 0 149 105 0 149 105 0 149 105 0 149 105 0 149 105 0 149 105 0 149 105 0 149 105 0 149 105 0 149 105 0 149 105 0 149 105 0 149 105 0 149 105 0 149 105 0 149 105 0 149 105 0 149 105 0 149 105 0 149 105 0 149 105 0 149 105 0 149 105 0 149 105 0 149 105 0 149 105 0 149 105 0 149 105 0 149 105 0 149 105 0 149 105 0 149 105 0 149 105 0 149 105 0 149 105 0 149 105 0 149 105 0 149 105 0 149 105 0 149 105 0 149 105 0 149 105 0 149 105 0 149 105 0 149 105 0 149 105 0 149 105 0 149 105 0 149 105 0 149 105 0 149 105 0 149 105 0 149 105 0 149 105 0 149 105 0 149 105 0 149 105 0 149 105 0 149 105 0 149 105 0 149 105 0 149 105 0 149 105 0 149 105 0 149 105 0 149 105 0 149 105 0 149 105 0 149 105 0 149 105 0 149 105 0 149 105 0 149 105 0 149 105 0 149 105 0 149 105 0 149 105 0 149 105 0 149 105 0 149 105 0 149 105 0 149 105 0 149 105 0 149 105 0 149 105 0 149 105 0 149 105 0 149 105 0 149 105 0 149 105 0 149 105 0 149 105 0 149 105 0 149 105 0 149 105 0 149 105 0 149 105 0 149 105 0 149 105 0 149 105 0 149 105 0 149 105 0 149 105 0 149 105 0 149 105 0 149 105 0 149 105 0 149 105 0 149 105 0 149 105 0 149 105 0 149 105 0 149 105 0 149 105 0 149 105 0 149 105 0 149 105 0 149 105 0 149 105 0 149 105 0 149 105 0 149 105 0 149 105 0 149 105 0 149 105 0 149 105 0 149 105 0 149 105 0 149 105 0 149 105 0 149 105 0 149 105 0 149 105 0 149 105 0 149 105 0 149 105 0 149 105 0 149 105 0 149 105 0 149 105 0 149 105 0 149 105 0 149 105 0 149 105 0 149 105 0 149 105 0 149 105 0 149 105 0 149 105 0 149 105 0 149 105 0 149 105 0 149 105 0 149 105 0 149 105 0 149 105 0 149 105 0 149 105 0 149 105 0 149 105 0 149 105 0 149 105 0 149 105 0 149 105 0 149 105 0 149 105 0 149 105 0 149 105 0 149 105 0 149 105 0 149 105 0 149 105 0 149 105 0 149 105 0 149 105 0 149 105 0 149 105 0 149 105 0 149 105 0 149 105 0 149 105 0 149 105 0 149 105 0 149 105 0 149 105 0 149 105 0 149 105 0 149 105 0 149 105 0 149 105 0 149 105 0 149 105 0 149 105 0 149 105 0 149 105 0 149 105 0 149 105 0 149 105 0 149 105 0 149 105 0 149 105 0 149 105 0 149 105 0 149 105 0 149 105 0 149 105 0 149 105 0 149 105 0 149 105 0 149 105 0 
149 105 0 149 105 0 149 105 0 149 105 0 149 105 0 149 105 0 149 105 0 149 105 0 149 105 0 149 105 0 149 105 0 149 105 0 149 105 0 149 105 0 149 105 0 149 105 0 149 105 0 149 105 0 149 105 0 149 105 0 149 105 0 149 105 0 149 105 0 149 105 0 149 105 0 149 105 0 149 105 0 149 105 0 149 105 0 149 105 0 149 105 0 149 105 0 149 105 0 149 105 0 149 105 0 149 105 0 149 105 0 149 105 0 149 105 0 149 105 0 149 105 0 149 105 0 149 105 0 149 105 0 149 105 0 149 105 0 149 105 0 149 105 0 149 105 0 149 105 0 149 105 0 149 105 0 149 105 0 149 105 0 149 105 0 149 105 0 149 105 0 149 105 0 149 105 0 149 105 0 149 105 0 149 105 0 149 105 0 149 105 0 149 105 0 149 105 0 149 105 0 149 105 0 149 105 0 149 105 0 149 105 0 149 105 0 149 105 0 149 105 0 149 105 0 149 105 0 149 105 0 149 105 0 149 105 0 149 105 0 149 105 0 149 105 0 149 105 0 149 105 0 149 105 0 149 105 0 149 105 0 149 105 0 149 105 0 149 105 0 149 105 0 149 105 0 149 105 0 149 105 0 149 105 0 149 105 0 149 105 0 149 105 0 149 105 0 149 105 0 149 105 0 149 105 0 149 105 0 149 105 0 149 105 0 149 105 0 149 105 0 149 105 0 149 105 0 149 105 0 149 105 0 149 105 0 149 105 0 149 105 0 149 105 0 149 105 0 149 105 0 149 105 0 149 105 0 149 105 0 149 105 0 149 105 0 149 105 0 149 105 0 149 105 0 149 105 0 149 105 0 149 105 0 149 105 0 149 105 0 149 105 0 149 105 0 149 105 0 149 105 0 149 105 0 149 105 0 149 105 0 149 105 0 149 105 0 149 105 0 149 105 0 149 105 0 149 105 0 149 105 0 149 105 0 149 105 0 149 105 0 149 105 0 149 105 0 149 105 0 149 105 0 149 105 0 149 105 0 149 105 0 149 105 0 149 105 0 149 105 0 149 105 0 149 105 0 149 105 0 149 105 0 149 105 0 149 105 0 149 105 0 149 105 0 149 105 0 149 105 0 149 105 0 149 105 0 149 105 0 149 105 0 149 105 0 149 105 0 149 105 0 149 105 0 149 105 0 149 105 0 149 105 0 149 105 0 149 105 0 149 105 0 149 105 0 149 105 0 149 105 0 149 105 0 149 105 0 149 105 0 149 105 0 149 105 0 149 105 0 149 105 0 149 105 0 149 105 0 149 105 0 149 105 0 149 105 0 149 105 0 149 105 0 149 105 0 149 105 0 149 105 0 149 105 0 149 105 0 149 105 0 149 105 0 149 105 0 149 105 0 149 105 0 149 105 0 149 105 0 149 105 0 149 105 0 149 105 0 149 105 0 149 105 0 149 105 0 149 105 0 149 105 0 149 105 0 149 105 0 149 105 0 149 105 0 149 105 0 149 105 0 149 105 0 149 105 0 149 105 0 149 105 0 149 105 0 149 105 0 149 105 0 149 105 0 149 105 0 149 105 0 149 105 0 149 105 0 149 105 0 149 105 0 149 105 0 149 105 0 149 105 0 149 105 0 149 105 0 149 105 0 149 105 0 149 105 0 149 105 0 149 105 0 149 105 0 149 105 0 149 105 0 149 105 0 149 105 0 149 105 0 149 105 0 149 105 0 
149 105 0 149 105 0 149 105 0 149 105 0 149 105 0 149 105 0 149 105 0 149 105 0 149 105 0 149 105 0 149 105 0 149 105 0 149 105 0 149 105 0 149 105 0 149 105 0 149 105 0 149 105 0 149 105 0 149 105 0 149 105 0 149 105 0 149 105 0 149 105 0 149 105 0 149 105 0 149 105 0 149 105 0 149 105 0 149 105 0 149 105 0 149 105 0 149 105 0 149 105 0 149 105 0 149 105 0 149 105 0 149 105 0 149 105 0 149 105 0 149 105 0 149 105 0 149 105 0 149 105 0 149 105 0 149 105 0 149 105 0 149 105 0 149 105 0 149 105 0 149 105 0 149 105 0 149 105 0 149 105 0 149 105 0 149 105 0 149 105 0 149 105 0 149 105 0 149 105 0 149 105 0 149 105 0 149 105 0 149 105 0 149 105 0 149 105 0 149 105 0 149 105 0 149 105 0 149 105 0 149 105 0 149 105 0 149 105 0 149 105 0 149 105 0 149 105 0 149 105 0 149 105 0 149 105 0 149 105 0 149 105 0 149 105 0 149 105 0 149 105 0 149 105 0 149 105 0 149 105 0 149 105 0 149 105 0 149 105 0 149 105 0 149 105 0 149 105 0 149 105 0 149 105 0 149 105 0 149 105 0 149 105 0 149 105 0 149 105 0 149 105 0 149 105 0 149 105 0 149 105 0 149 105 0 149 105 0 149 105 0 149 105 0 149 105 0 149 105 0 149 105 0 149 105 0 149 105 0 149 105 0 149 105 0 149 105 0 149 105 0 149 105 0 149 105 0 149 105 0 149 105 0 149 105 0 149 105 0 149 105 0 149 105 0 149 105 0 149 105 0 149 105 0 149 105 0 149 105 0 149 105 0 149 105 0 149 105 0 149 105 0 149 105 0 149 105 0 149 105 0 149 105 0 149 105 0 149 105 0 149 105 0 149 105 0 149 105 0 149 105 0 149 105 0 149 105 0 149 105 0 149 105 0 149 105 0 149 105 0 149 105 0 149 105 0 149 105 0 149 105 0 149 105 0 149 105 0 149 105 0 149 105 0 149 105 0 149 105 0 149 105 0 149 105 0 149 105 0 149 105 0 149 105 0 149 105 0 149 105 0 149 105 0 149 105 0 149 105 0 149 105 0 149 105 0 149 105 0 149 105 0 149 105 0 149 105 0 149 105 0 149 105 0 149 105 0 149 105 0 149 105 0 149 105 0 149 105 0 149 105 0 149 105 0 149 105 0 149 105 0 149 105 0 149 105 0 149 105 0 149 105 0 149 105 0 149 105 0 149 105 0 149 105 0 149 105 0 149 105 0 149 105 0 149 105 0 149 105 0 149 105 0 149 105 0 149 105 0 149 105 0 149 105 0 149 105 0 149 105 0 149 105 0 149 105 0 149 105 0 149 105 0 149 105 0 149 105 0 149 105 0 149 105 0 149 105 0 149 105 0 149 105 0 149 105 0 149 105 0 149 105 0 149 105 0 149 105 0 149 105 0 149 105 0 149 105 0 149 105 0 149 105 0 149 105 0 149 105 0 149 105 0 149 105 0 149 105 0 149 105 0 149 105 0 149 105 0 149 105 0 149 105 0 149 105 0 149 105 0 149 105 0 149 105 0 149 105 0 149 105 0 149 105 0 149 105 0 149 105 0 149 105 0 149 105 0 149 105 0 149 105 0 149 105 0 149 105 0 149 105 0 149 105 0 149 105 0 
149 105 0 149 105 0 149 105 0 149 105 0 149 105 0 149 105 0 149 105 0 149 105 0 149 105 0 149 105 0 149 105 0 149 105 0 149 105 0 149 105 0 149 105 0 149 105 0 149 105 0 149 105 0 149 105 0 149 105 0 149 105 0 149 105 0 149 105 0 149 105 0 149 105 0 149 105 0 149 105 0 149 105 0 149 105 0 149 105 0 149 105 0 149 105 0 149 105 0 149 105 0 149 105 0 149 105 0 149 105 0 149 105 0 149 105 0 149 105 0 149 105 0 149 105 0 149 105 0 149 105 0 149 105 0 149 105 0 149 105 0 149 105 0 149 105 0 149 105 0 149 105 0 149 105 0 149 105 0 149 105 0 149 105 0 149 105 0 149 105 0 149 105 0 149 105 0 149 105 0 149 105 0 149 105 0 149 105 0 149 105 0 149 105 0 149 105 0 149 105 0 149 105 0 149 105 0 149 105 0 149 105 0 149 105 0 149 105 0 149 105 0 149 105 0 149 105 0 149 105 0 149 105 0 149 105 0 149 105 0 149 105 0 149 105 0 149 105 0 149 105 0 149 105 0 149 105 0 149 105 0 149 105 0 149 105 0 149 105 0 149 105 0 149 105 0 149 105 0 149 105 0 149 105 0 149 105 0 149 105 0 149 105 0 149 105 0 149 105 0 149 105 0 149 105 0 149 105 0 149 105 0 149 105 0 149 105 0 149 105 0 149 105 0 149 105 0 149 105 0 149 105 0 149 105 0 149 105 0 149 105 0 149 105 0 149 105 0 149 105 0 149 105 0 149 105 0 149 105 0 149 105 0 149 105 0 149 105 0 149 105 0 149 105 0 149 105 0 149 105 0 149 105 0 149 105 0 149 105 0 149 105 0 149 105 0 149 105 0 149 105 0 149 105 0 149 105 0 149 105 0 149 105 0 149 105 0 149 105 0 149 105 0 149 105 0 149 105 0 149 105 0 149 105 0 149 105 0 149 105 0 149 105 0 149 105 0 149 105 0 149 105 0 149 105 0 149 105 0 149 105 0 149 105 0 149 105 0 149 105 0 149 105 0 149 105 0 149 105 0 149 105 0 149 105 0 149 105 0 149 105 0 149 105 0 149 105 0 149 105 0 149 105 0 149 105 0 149 105 0 149 105 0 149 105 0 149 105 0 149 105 0 149 105 0 149 105 0 149 105 0 149 105 0 149 105 0 149 105 0 149 105 0 149 105 0 149 105 0 149 105 0 149 105 0 149 105 0 149 105 0 149 105 0 149 105 0 149 105 0 149 105 0 149 105 0 149 105 0 149 105 0 149 105 0 149 105 0 149 105 0 149 105 0 149 105 0 149 105 0 149 105 0 149 105 0 149 105 0 149 105 0 149 105 0 149 105 0 149 105 0 149 105 0 149 105 0 149 105 0 149 105 0 149 105 0 149 105 0 149 105 0 149 105 0 149 105 0 149 105 0 149 105 0 149 105 0 149 105 0 149 105 0 149 105 0 149 105 0 149 105 0 149 105 0 149 105 0 149 105 0 149 105 0 149 105 0 149 105 0 149 105 0 149 105 0 149 105 0 149 105 0 149 105 0 149 105 0 149 105 0 149 105 0 149 105 0 149 105 0 149 105 0 149 105 0 149 105 0 149 105 0 149 105 0 149 105 0 149 105 0 149 105 0 149 105 0 149 105 0 149 105 0 149 105 0 149 105 0 149 105 0 149 105 0 149 105 0 
149 105 0 149 105 0 149 105 0 149 105 0 149 105 0 149 105 0 149 105 0 149 105 0 149 105 0 149 105 0 149 105 0 149 105 0 149 105 0 149 105 0 149 105 0 149 105 0 149 105 0 149 105 0 149 105 0 149 105 0 149 105 0 149 105 0 149 105 0 149 105 0 149 105 0 149 105 0 149 105 0 149 105 0 149 105 0 149 105 0 149 105 0 149 105 0 149 105 0 149 105 0 149 105 0 149 105 0 149 105 0 149 105 0 149 105 0 149 105 0 149 105 0 149 105 0 149 105 0 149 105 0 149 105 0 149 105 0 149 105 0 149 105 0 149 105 0 149 105 0 149 105 0 149 105 0 149 105 0 149 105 0 149 105 0 149 105 0 149 105 0 149 105 0 149 105 0 149 105 0 149 105 0 149 105 0 149 105 0 149 105 0 149 105 0 149 105 0 149 105 0 149 105 0 149 105 0 149 105 0 149 105 0 149 105 0 149 105 0 149 105 0 149 105 0 149 105 0 149 105 0 149 105 0 149 105 0 149 105 0 149 105 0 149 105 0 149 105 0 149 105 0 149 105 0 149 105 0 149 105 0 149 105 0 149 105 0 149 105 0 149 105 0 149 105 0 149 105 0 149 105 0 149 105 0 149 105 0 149 105 0 149 105 0 149 105 0 149 105 0 149 105 0 149 105 0 149 105 0 149 105 0 149 105 0 149 105 0 149 105 0 149 105 0 149 105 0 149 105 0 149 105 0 149 105 0 149 105 0 149 105 0 149 105 0 149 105 0 149 105 0 149 105 0 149 105 0 149 105 0 149 105 0 149 105 0 149 105 0 149 105 0 149 105 0 149 105 0 149 105 0 149 105 0 149 105 0 149 105 0 149 105 0 149 105 0 149 105 0 149 105 0 149 105 0 149 105 0 149 105 0 149 105 0 149 105 0 149 105 0 149 105 0 149 105 0 149 105 0 149 105 0 149 105 0 149 105 0 149 105 0 149 105 0 149 105 0 149 105 0 149 105 0 149 105 0 149 105 0 149 105 0 149 105 0 149 105 0 149 105 0 149 105 0 149 105 0 149 105 0 149 105 0 149 105 0 149 105 0 149 105 0 149 105 0 149 105 0 149 105 0 149 105 0 149 105 0 149 105 0 149 105 0 149 105 0 149 105 0 149 105 0 149 105 0 149 105 0 149 105 0 149 105 0 149 105 0 149 105 0 149 105 0 149 105 0 149 105 0 149 105 0 149 105 0 149 105 0 149 105 0 149 105 0 149 105 0 149 105 0 149 105 0 149 105 0 149 105 0 149 105 0 149 105 0 149 105 0 149 105 0 149 105 0 149 105 0 149 105 0 149 105 0 149 105 0 149 105 0 149 105 0 149 105 0 149 105 0 149 105 0 149 105 0 149 105 0 149 105 0 149 105 0 149 105 0 149 105 0 149 105 0 149 105 0 149 105 0 149 105 0 149 105 0 149 105 0 149 105 0 149 105 0 149 105 0 149 105 0 149 105 0 149 105 0 149 105 0 149 105 0 149 105 0 149 105 0 149 105 0 149 105 0 149 105 0 149 105 0 149 105 0 149 105 0 149 105 0 149 105 0 149 105 0 149 105 0 149 105 0 149 105 0 149 105 0 149 105 0 149 105 0 149 105 0 149 105 0 149 105 0 149 105 0 149 105 0 149 105 0 149 105 0 149 105 0 149 105 0 149 105 0 149 105 0 149 105 0 
149 105 0 149 105 0 149 105 0 149 105 0 149 105 0 149 105 0 149 105 0 149 105 0 149 105 0 149 105 0 149 105 0 149 105 0 149 105 0 149 105 0 149 105 0 149 105 0 149 105 0 149 105 0 149 105 0 149 105 0 149 105 0 149 105 0 149 105 0 149 105 0 149 105 0 149 105 0 149 105 0 149 105 0 149 105 0 149 105 0 149 105 0 149 105 0 149 105 0 149 105 0 149 105 0 149 105 0 149 105 0 149 105 0 149 105 0 149 105 0 149 105 0 149 105 0 149 105 0 149 105 0 149 105 0 149 105 0 149 105 0 149 105 0 149 105 0 149 105 0 149 105 0 149 105 0 149 105 0 149 105 0 149 105 0 149 105 0 149 105 0 149 105 0 149 105 0 149 105 0 149 105 0 149 105 0 149 105 0 149 105 0 149 105 0 149 105 0 149 105 0 149 105 0 149 105 0 149 105 0 149 105 0 149 105 0 149 105 0 149 105 0 149 105 0 149 105 0 149 105 0 149 105 0 149 105 0 149 105 0 149 105 0 149 105 0 149 105 0 149 105 0 149 105 0 149 105 0 149 105 0 149 105 0 149 105 0 149 105 0 149 105 0 149 105 0 149 105 0 149 105 0 149 105 0 149 105 0 149 105 0 149 105 0 149 105 0 149 105 0 149 105 0 149 105 0 149 105 0 149 105 0 149 105 0 149 105 0 149 105 0 149 105 0 149 105 0 149 105 0 149 105 0 149 105 0 149 105 0 149 105 0 149 105 0 149 105 0 149 105 0 149 105 0 149 105 0 149 105 0 149 105 0 149 105 0 149 105 0 149 105 0 149 105 0 149 105 0 149 105 0 149 105 0 149 105 0 149 105 0 149 105 0 149 105 0 149 105 0 149 105 0 149 105 0 149 105 0 149 105 0 149 105 0 149 105 0 149 105 0 149 105 0 149 105 0 149 105 0 149 105 0 149 105 0 149 105 0 149 105 0 149 105 0 149 105 0 149 105 0 149 105 0 149 105 0 149 105 0 149 105 0 149 105 0 149 105 0 149 105 0 149 105 0 149 105 0 149 105 0 149 105 0 149 105 0 149 105 0 149 105 0 149 105 0 149 105 0 149 105 0 149 105 0 149 105 0 149 105 0 149 105 0 149 105 0 149 105 0 149 105 0 149 105 0 149 105 0 149 105 0 149 105 0 149 105 0 149 105 0 149 105 0 149 105 0 149 105 0 149 105 0 149 105 0 149 105 0 149 105 0 149 105 0 149 105 0 149 105 0 149 105 0 149 105 0 149 105 0 149 105 0 149 105 0 149 105 0 149 105 0 149 105 0 149 105 0 149 105 0 149 105 0 149 105 0 149 105 0 149 105 0 149 105 0 149 105 0 149 105 0 149 105 0 149 105 0 149 105 0 149 105 0 149 105 0 149 105 0 149 105 0 149 105 0 149 105 0 149 105 0 149 105 0 149 105 0 149 105 0 149 105 0 149 105 0 149 105 0 149 105 0 149 105 0 149 105 0 149 105 0 149 105 0 149 105 0 149 105 0 149 105 0 149 105 0 149 105 0 149 105 0 149 105 0 149 105 0 149 105 0 149 105 0 149 105 0 149 105 0 149 105 0 149 105 0 149 105 0 149 105 0 149 105 0 149 105 0 149 105 0 149 105 0 149 105 0 149 105 0 149 105 0 149 105 0 149 105 0 149 105 0 149 105 0 149 105 0 
149 105 0 149 105 0 149 105 0 149 105 0 149 105 0 149 105 0 149 105 0 149 105 0 149 105 0 149 105 0 149 105 0 149 105 0 149 105 0 149 105 0 149 105 0 149 105 0 149 105 0 149 105 0 149 105 0 149 105 0 149 105 0 149 105 0 149 105 0 149 105 0 149 105 0 149 105 0 149 105 0 149 105 0 149 105 0 149 105 0 149 105 0 149 105 0 149 105 0 149 105 0 149 105 0 149 105 0 149 105 0 149 105 0 149 105 0 149 105 0 149 105 0 149 105 0 149 105 0 149 105 0 149 105 0 149 105 0 149 105 0 149 105 0 149 105 0 149 105 0 149 105 0 149 105 0 149 105 0 149 105 0 149 105 0 149 105 0 149 105 0 149 105 0 149 105 0 149 105 0 149 105 0 149 105 0 149 105 0 149 105 0 149 105 0 149 105 0 149 105 0 149 105 0 149 105 0 149 105 0 149 105 0 149 105 0 149 105 0 149 105 0 149 105 0 149 105 0 149 105 0 149 105 0 149 105 0 149 105 0 149 105 0 149 105 0 149 105 0 149 105 0 149 105 0 149 105 0 149 105 0 149 105 0 149 105 0 149 105 0 149 105 0 149 105 0 149 105 0 149 105 0 149 105 0 149 105 0 149 105 0 149 105 0 149 105 0 149 105 0 149 105 0 149 105 0 149 105 0 149 105 0 149 105 0 149 105 0 149 105 0 149 105 0 149 105 0 149 105 0 149 105 0 149 105 0 149 105 0 149 105 0 149 105 0 149 105 0 149 105 0 149 105 0 149 105 0 149 105 0 149 105 0 149 105 0 149 105 0 149 105 0 149 105 0 149 105 0 149 105 0 149 105 0 149 105 0 149 105 0 149 105 0 149 105 0 149 105 0 149 105 0 149 105 0 149 105 0 149 105 0 149 105 0 149 105 0 149 105 0 149 105 0 149 105 0 149 105 0 149 105 0 149 105 0 149 105 0 149 105 0 149 105 0 149 105 0 149 105 0 149 105 0 149 105 0 149 105 0 149 105 0 149 105 0 149 105 0 149 105 0 149 105 0 149 105 0 149 105 0 149 105 0 149 105 0 149 105 0 149 105 0 149 105 0 149 105 0 149 105 0 149 105 0 149 105 0 149 105 0 149 105 0 149 105 0 149 105 0 149 105 0 149 105 0 149 105 0 149 105 0 149 105 0 149 105 0 149 105 0 149 105 0 149 105 0 149 105 0 149 105 0 149 105 0 149 105 0 149 105 0 149 105 0 149 105 0 149 105 0 149 105 0 149 105 0 149 105 0 149 105 0 149 105 0 149 105 0 149 105 0 149 105 0 149 105 0 149 105 0 149 105 0 149 105 0 149 105 0 149 105 0 149 105 0 149 105 0 149 105 0 149 105 0 149 105 0 149 105 0 149 105 0 149 105 0 149 105 0 149 105 0 149 105 0 149 105 0 149 105 0 149 105 0 149 105 0 149 105 0 149 105 0 149 105 0 149 105 0 149 105 0 149 105 0 149 105 0 149 105 0 149 105 0 149 105 0 149 105 0 149 105 0 149 105 0 149 105 0 149 105 0 149 105 0 149 105 0 149 105 0 149 105 0 149 105 0 149 105 0 149 105 0 149 105 0 149 105 0 149 105 0 149 105 0 149 105 0 149 105 0 149 105 0 149 105 0 149 105 0 149 105 0 149 105 0 149 105 0 149 105 0 149 105 0 149 105 0 
149 105 0 149 105 0 149 105 0 149 105 0 149 105 0 149 105 0 149 105 0 149 105 0 149 105 0 149 105 0 149 105 0 149 105 0 149 105 0 149 105 0 149 105 0 149 105 0 149 105 0 149 105 0 149 105 0 149 105 0 149 105 0 149 105 0 149 105 0 149 105 0 149 105 0 149 105 0 149 105 0 149 105 0 149 105 0 149 105 0 149 105 0 149 105 0 149 105 0 149 105 0 149 105 0 149 105 0 149 105 0 149 105 0 149 105 0 149 105 0 149 105 0 149 105 0 149 105 0 149 105 0 149 105 0 149 105 0 149 105 0 149 105 0 149 105 0 149 105 0 149 105 0 149 105 0 149 105 0 149 105 0 149 105 0 149 105 0 149 105 0 149 105 0 149 105 0 149 105 0 149 105 0 149 105 0 149 105 0 149 105 0 149 105 0 149 105 0 149 105 0 149 105 0 149 105 0 149 105 0 149 105 0 149 105 0 149 105 0 149 105 0 149 105 0 149 105 0 149 105 0 149 105 0 149 105 0 149 105 0 149 105 0 149 105 0 149 105 0 149 105 0 149 105 0 149 105 0 149 105 0 149 105 0 149 105 0 149 105 0 149 105 0 149 105 0 149 105 0 149 105 0 149 105 0 149 105 0 149 105 0 149 105 0 149 105 0 149 105 0 149 105 0 149 105 0 149 105 0 149 105 0 149 105 0 149 105 0 149 105 0 149 105 0 149 105 0 149 105 0 149 105 0 149 105 0 149 105 0 149 105 0 149 105 0 149 105 0 149 105 0 149 105 0 149 105 0 149 105 0 149 105 0 149 105 0 149 105 0 149 105 0 149 105 0 149 105 0 149 105 0 149 105 0 149 105 0 149 105 0 149 105 0 149 105 0 149 105 0 149 105 0 149 105 0 149 105 0 149 105 0 149 105 0 149 105 0 149 105 0 149 105 0 149 105 0 149 105 0 149 105 0 149 105 0 149 105 0 149 105 0 149 105 0 149 105 0 149 105 0 149 105 0 149 105 0 149 105 0 149 105 0 149 105 0 149 105 0 149 105 0 149 105 0 149 105 0 149 105 0 149 105 0 149 105 0 149 105 0 149 105 0 149 105 0 149 105 0 149 105 0 149 105 0 149 105 0 149 105 0 149 105 0 149 105 0 149 105 0 149 105 0 149 105 0 149 105 0 149 105 0 149 105 0 149 105 0 149 105 0 149 105 0 149 105 0 149 105 0 149 105 0 149 105 0 149 105 0 149 105 0 149 105 0 149 105 0 149 105 0 149 105 0 149 105 0 149 105 0 149 105 0 149 105 0 149 105 0 149 105 0 149 105 0 149 105 0 149 105 0 149 105 0 149 105 0 149 105 0 149 105 0 149 105 0 149 105 0 149 105 0 149 105 0 149 105 0 149 105 0 149 105 0 149 105 0 149 105 0 149 105 0 149 105 0 149 105 0 149 105 0 149 105 0 149 105 0 149 105 0 149 105 0 149 105 0 149 105 0 149 105 0 149 105 0 149 105 0 149 105 0 149 105 0 149 105 0 149 105 0 149 105 0 149 105 0 149 105 0 149 105 0 149 105 0 149 105 0 149 105 0 149 105 0 149 105 0 149 105 0 149 105 0 149 105 0 149 105 0 149 105 0 149 105 0 149 105 0 149 105 0 149 105 0 149 105 0 149 105 0 149 105 0 149 105 0 149 105 0 149 105 0 149 105 0 149 105 0 
149 105 0 149 105 0 149 105 0 149 105 0 149 105 0 149 105 0 149 105 0 149 105 0 149 105 0 149 105 0 149 105 0 149 105 0 149 105 0 149 105 0 149 105 0 149 105 0 149 105 0 149 105 0 149 105 0 149 105 0 149 105 0 149 105 0 149 105 0 149 105 0 149 105 0 149 105 0 149 105 0 149 105 0 149 105 0 149 105 0 149 105 0 149 105 0 149 105 0 149 105 0 149 105 0 149 105 0 149 105 0 149 105 0 149 105 0 149 105 0 149 105 0 149 105 0 149 105 0 149 105 0 149 105 0 149 105 0 149 105 0 149 105 0 149 105 0 149 105 0 149 105 0 149 105 0 149 105 0 149 105 0 149 105 0 149 105 0 149 105 0 149 105 0 149 105 0 149 105 0 149 105 0 149 105 0 149 105 0 149 105 0 149 105 0 149 105 0 149 105 0 149 105 0 149 105 0 149 105 0 149 105 0 149 105 0 149 105 0 149 105 0 149 105 0 149 105 0 149 105 0 149 105 0 149 105 0 149 105 0 149 105 0 149 105 0 149 105 0 149 105 0 149 105 0 149 105 0 149 105 0 149 105 0 149 105 0 149 105 0 149 105 0 149 105 0 149 105 0 149 105 0 149 105 0 149 105 0 149 105 0 149 105 0 149 105 0 149 105 0 149 105 0 149 105 0 149 105 0 149 105 0 149 105 0 149 105 0 149 105 0 149 105 0 149 105 0 149 105 0 149 105 0 149 105 0 149 105 0 149 105 0 149 105 0 149 105 0 149 105 0 149 105 0 149 105 0 149 105 0 149 105 0 149 105 0 149 105 0 149 105 0 149 105 0 149 105 0 149 105 0 149 105 0 149 105 0 149 105 0 149 105 0 149 105 0 149 105 0 149 105 0 149 105 0 149 105 0 149 105 0 149 105 0 149 105 0 149 105 0 149 105 0 149 105 0 149 105 0 149 105 0 149 105 0 149 105 0 149 105 0 149 105 0 149 105 0 149 105 0 149 105 0 149 105 0 149 105 0 149 105 0 149 105 0 149 105 0 149 105 0 149 105 0 149 105 0 149 105 0 149 105 0 149 105 0 149 105 0 149 105 0 149 105 0 149 105 0 149 105 0 149 105 0 149 105 0 149 105 0 149 105 0 149 105 0 149 105 0 149 105 0 149 105 0 149 105 0 149 105 0 149 105 0 149 105 0 149 105 0 149 105 0 149 105 0 149 105 0 149 105 0 149 105 0 149 105 0 149 105 0 149 105 0 149 105 0 149 105 0 149 105 0 149 105 0 149 105 0 149 105 0 149 105 0 149 105 0 149 105 0 149 105 0 149 105 0 149 105 0 149 105 0 149 105 0 149 105 0 149 105 0 149 105 0 149 105 0 149 105 0 149 105 0 149 105 0 149 105 0 149 105 0 149 105 0 149 105 0 149 105 0 149 105 0 149 105 0 149 105 0 149 105 0 149 105 0 149 105 0 149 105 0 149 105 0 149 105 0 149 105 0 149 105 0 149 105 0 149 105 0 149 105 0 149 105 0 149 105 0 149 105 0 149 105 0 149 105 0 149 105 0 149 105 0 149 105 0 149 105 0 149 105 0 149 105 0 149 105 0 149 105 0 149 105 0 149 105 0 149 105 0 149 105 0 149 105 0 149 105 0 149 105 0 149 105 0 149 105 0 149 105 0 149 105 0 149 105 0 149 105 0 149 105 0 149 105 0 
149 105 0 149 105 0 149 105 0 149 105 0 149 105 0 149 105 0 149 105 0 149 105 0 149 105 0 149 105 0 149 105 0 149 105 0 149 105 0 149 105 0 149 105 0 149 105 0 149 105 0 149 105 0 149 105 0 149 105 0 149 105 0 149 105 0 149 105 0 149 105 0 149 105 0 149 105 0 149 105 0 149 105 0 149 105 0 149 105 0 149 105 0 149 105 0 149 105 0 149 105 0 149 105 0 149 105 0 149 105 0 149 105 0 149 105 0 149 105 0 149 105 0 149 105 0 149 105 0 149 105 0 149 105 0 149 105 0 149 105 0 149 105 0 149 105 0 149 105 0 149 105 0 149 105 0 149 105 0 149 105 0 149 105 0 149 105 0 149 105 0 149 105 0 149 105 0 149 105 0 149 105 0 149 105 0 149 105 0 149 105 0 149 105 0 149 105 0 149 105 0 149 105 0 149 105 0 149 105 0 149 105 0 149 105 0 149 105 0 149 105 0 149 105 0 149 105 0 149 105 0 149 105 0 149 105 0 149 105 0 149 105 0 149 105 0 149 105 0 149 105 0 149 105 0 149 105 0 149 105 0 149 105 0 149 105 0 149 105 0 149 105 0 149 105 0 149 105 0 149 105 0 149 105 0 149 105 0 149 105 0 149 105 0 149 105 0 149 105 0 149 105 0 149 105 0 149 105 0 149 105 0 149 105 0 149 105 0 149 105 0 149 105 0 149 105 0 149 105 0 149 105 0 149 105 0 149 105 0 149 105 0 149 105 0 149 105 0 149 105 0 149 105 0 149 105 0 149 105 0 149 105 0 149 105 0 149 105 0 149 105 0 149 105 0 149 105 0 149 105 0 149 105 0 149 105 0 149 105 0 149 105 0 149 105 0 149 105 0 149 105 0 149 105 0 149 105 0 149 105 0 149 105 0 149 105 0 149 105 0 149 105 0 149 105 0 149 105 0 149 105 0 149 105 0 149 105 0 149 105 0 149 105 0 149 105 0 149 105 0 149 105 0 149 105 0 149 105 0 149 105 0 149 105 0 149 105 0 149 105 0 149 105 0 149 105 0 149 105 0 149 105 0 149 105 0 149 105 0 149 105 0 149 105 0 149 105 0 149 105 0 149 105 0 149 105 0 149 105 0 149 105 0 149 105 0 149 105 0 149 105 0 149 105 0 149 105 0 149 105 0 149 105 0 149 105 0 149 105 0 149 105 0 149 105 0 149 105 0 149 105 0 149 105 0 149 105 0 149 105 0 149 105 0 149 105 0 149 105 0 149 105 0 149 105 0 149 105 0 149 105 0 149 105 0 149 105 0 149 105 0 149 105 0 149 105 0 149 105 0 149 105 0 149 105 0 149 105 0 149 105 0 149 105 0 149 105 0 149 105 0 149 105 0 149 105 0 149 105 0 149 105 0 149 105 0 149 105 0 149 105 0 149 105 0 149 105 0 149 105 0 149 105 0 149 105 0 149 105 0 149 105 0 149 105 0 149 105 0 149 105 0 149 105 0 149 105 0 149 105 0 149 105 0 149 105 0 149 105 0 149 105 0 149 105 0 149 105 0 149 105 0 149 105 0 149 105 0 149 105 0 149 105 0 149 105 0 149 105 0 149 105 0 149 105 0 149 105 0 149 105 0 149 105 0 149 105 0 149 105 0 149 105 0 149 105 0 149 105 0 149 105 0 149 105 0 149 105 0 149 105 0 149 105 0 149 105 0 
149 105 0 149 105 0 149 105 0 149 105 0 149 105 0 149 105 0 149 105 0 149 105 0 149 105 0 149 105 0 149 105 0 149 105 0 149 105 0 149 105 0 149 105 0 149 105 0 149 105 0 149 105 0 149 105 0 149 105 0 149 105 0 149 105 0 149 105 0 149 105 0 149 105 0 149 105 0 149 105 0 149 105 0 149 105 0 149 105 0 149 105 0 149 105 0 149 105 0 149 105 0 149 105 0 149 105 0 149 105 0 149 105 0 149 105 0 149 105 0 149 105 0 149 105 0 149 105 0 149 105 0 149 105 0 149 105 0 149 105 0 149 105 0 149 105 0 149 105 0 149 105 0 149 105 0 149 105 0 149 105 0 149 105 0 149 105 0 149 105 0 149 105 0 149 105 0 149 105 0 149 105 0 149 105 0 149 105 0 149 105 0 149 105 0 149 105 0 149 105 0 149 105 0 149 105 0 149 105 0 149 105 0 149 105 0 149 105 0 149 105 0 149 105 0 149 105 0 149 105 0 149 105 0 149 105 0 149 105 0 149 105 0 149 105 0 149 105 0 149 105 0 149 105 0 149 105 0 149 105 0 149 105 0 149 105 0 149 105 0 149 105 0 149 105 0 149 105 0 149 105 0 149 105 0 149 105 0 149 105 0 149 105 0 149 105 0 149 105 0 149 105 0 149 105 0 149 105 0 149 105 0 149 105 0 149 105 0 149 105 0 149 105 0 149 105 0 149 105 0 149 105 0 149 105 0 149 105 0 149 105 0 149 105 0 149 105 0 149 105 0 149 105 0 149 105 0 149 105 0 149 105 0 149 105 0 149 105 0 149 105 0 149 105 0 149 105 0 149 105 0 149 105 0 149 105 0 149 105 0 149 105 0 149 105 0 149 105 0 149 105 0 149 105 0 149 105 0 149 105 0 149 105 0 149 105 0 149 105 0 149 105 0 149 105 0 149 105 0 149 105 0 149 105 0 149 105 0 149 105 0 149 105 0 149 105 0 149 105 0 149 105 0 149 105 0 149 105 0 149 105 0 149 105 0 149 105 0 149 105 0 149 105 0 149 105 0 149 105 0 149 105 0 149 105 0 149 105 0 149 105 0 149 105 0 149 105 0 149 105 0 149 105 0 149 105 0 149 105 0 149 105 0 149 105 0 149 105 0 149 105 0 149 105 0 149 105 0 149 105 0 149 105 0 149 105 0 149 105 0 149 105 0 149 105 0 149 105 0 149 105 0 149 105 0 149 105 0 149 105 0 149 105 0 149 105 0 149 105 0 149 105 0 149 105 0 149 105 0 149 105 0 149 105 0 149 105 0 149 105 0 149 105 0 149 105 0 149 105 0 149 105 0 149 105 0 149 105 0 149 105 0 149 105 0 149 105 0 149 105 0 149 105 0 149 105 0 149 105 0 149 105 0 149 105 0 149 105 0 149 105 0 149 105 0 149 105 0 149 105 0 149 105 0 149 105 0 149 105 0 149 105 0 149 105 0 149 105 0 149 105 0 149 105 0 149 105 0 149 105 0 149 105 0 149 105 0 149 105 0 149 105 0 149 105 0 149 105 0 149 105 0 149 105 0 149 105 0 149 105 0 149 105 0 149 105 0 149 105 0 149 105 0 149 105 0 149 105 0 149 105 0 149 105 0 149 105 0 149 105 0 149 105 0 149 105 0 149 105 0 149 105 0 149 105 0 149 105 0 149 105 0 149 105 0 149 105 0 
149 105 0 149 105 0 149 105 0 149 105 0 149 105 0 149 105 0 149 105 0 149 105 0 149 105 0 149 105 0 149 105 0 149 105 0 149 105 0 149 105 0 149 105 0 149 105 0 149 105 0 149 105 0 149 105 0 149 105 0 149 105 0 149 105 0 149 105 0 149 105 0 149 105 0 149 105 0 149 105 0 149 105 0 149 105 0 149 105 0 149 105 0 149 105 0 149 105 0 149 105 0 149 105 0 149 105 0 149 105 0 149 105 0 149 105 0 149 105 0 149 105 0 149 105 0 149 105 0 149 105 0 149 105 0 149 105 0 149 105 0 149 105 0 149 105 0 149 105 0 149 105 0 149 105 0 149 105 0 149 105 0 149 105 0 149 105 0 149 105 0 149 105 0 149 105 0 149 105 0 149 105 0 149 105 0 149 105 0 149 105 0 149 105 0 149 105 0 149 105 0 149 105 0 149 105 0 149 105 0 149 105 0 149 105 0 149 105 0 149 105 0 149 105 0 149 105 0 149 105 0 149 105 0 149 105 0 149 105 0 149 105 0 149 105 0 149 105 0 149 105 0 149 105 0 149 105 0 149 105 0 149 105 0 149 105 0 149 105 0 149 105 0 149 105 0 149 105 0 149 105 0 149 105 0 149 105 0 149 105 0 149 105 0 149 105 0 149 105 0 149 105 0 149 105 0 149 105 0 149 105 0 149 105 0 149 105 0 149 105 0 149 105 0 149 105 0 149 105 0 149 105 0 149 105 0 149 105 0 149 105 0 149 105 0 149 105 0 149 105 0 149 105 0 149 105 0 149 105 0 149 105 0 149 105 0 149 105 0 149 105 0 149 105 0 149 105 0 149 105 0 149 105 0 149 105 0 149 105 0 149 105 0 149 105 0 149 105 0 149 105 0 149 105 0 149 105 0 149 105 0 149 105 0 149 105 0 149 105 0 149 105 0 149 105 0 149 105 0 149 105 0 149 105 0 149 105 0 149 105 0 149 105 0 149 105 0 149 105 0 149 105 0 149 105 0 149 105 0 149 105 0 149 105 0 149 105 0 149 105 0 149 105 0 149 105 0 149 105 0 149 105 0 149 105 0 149 105 0 149 105 0 149 105 0 149 105 0 149 105 0 149 105 0 149 105 0 149 105 0 149 105 0 149 105 0 149 105 0 149 105 0 149 105 0 149 105 0 149 105 0 149 105 0 149 105 0 149 105 0 149 105 0 149 105 0 149 105 0 149 105 0 149 105 0 149 105 0 149 105 0 149 105 0 149 105 0 149 105 0 149 105 0 149 105 0 149 105 0 149 105 0 149 105 0 149 105 0 149 105 0 149 105 0 149 105 0 149 105 0 149 105 0 149 105 0 149 105 0 149 105 0 149 105 0 149 105 0 149 105 0 149 105 0 149 105 0 149 105 0 149 105 0 149 105 0 149 105 0 149 105 0 149 105 0 149 105 0 149 105 0 149 105 0 149 105 0 149 105 0 149 105 0 149 105 0 149 105 0 149 105 0 149 105 0 149 105 0 149 105 0 149 105 0 149 105 0 149 105 0 149 105 0 149 105 0 149 105 0 149 105 0 149 105 0 149 105 0 149 105 0 149 105 0 149 105 0 149 105 0 149 105 0 149 105 0 149 105 0 149 105 0 149 105 0 149 105 0 149 105 0 149 105 0 149 105 0 149 105 0 149 105 0 149 105 0 149 105 0 149 105 0 149 105 0 149 105 0 
149 105 0 149 105 0 149 105 0 149 105 0 149 105 0 149 105 0 149 105 0 149 105 0 149 105 0 149 105 0 149 105 0 149 105 0 149 105 0 149 105 0 149 105 0 149 105 0 149 105 0 149 105 0 149 105 0 149 105 0 149 105 0 149 105 0 149 105 0 149 105 0 149 105 0 149 105 0 149 105 0 149 105 0 149 105 0 149 105 0 149 105 0 149 105 0 149 105 0 149 105 0 149 105 0 149 105 0 149 105 0 149 105 0 149 105 0 149 105 0 149 105 0 149 105 0 149 105 0 149 105 0 149 105 0 149 105 0 149 105 0 149 105 0 149 105 0 149 105 0 149 105 0 149 105 0 149 105 0 149 105 0 149 105 0 149 105 0 149 105 0 149 105 0 149 105 0 149 105 0 149 105 0 149 105 0 149 105 0 149 105 0 149 105 0 149 105 0 149 105 0 149 105 0 149 105 0 149 105 0 149 105 0 149 105 0 149 105 0 149 105 0 149 105 0 149 105 0 149 105 0 149 105 0 149 105 0 149 105 0 149 105 0 149 105 0 149 105 0 149 105 0 149 105 0 149 105 0 149 105 0 149 105 0 149 105 0 149 105 0 149 105 0 149 105 0 149 105 0 149 105 0 149 105 0 149 105 0 149 105 0 149 105 0 149 105 0 149 105 0 149 105 0 149 105 0 149 105 0 149 105 0 149 105 0 149 105 0 149 105 0 149 105 0 149 105 0 149 105 0 149 105 0 149 105 0 149 105 0 149 105 0 149 105 0 149 105 0 149 105 0 149 105 0 149 105 0 149 105 0 149 105 0 149 105 0 149 105 0 149 105 0 149 105 0 149 105 0 149 105 0 149 105 0 149 105 0 149 105 0 149 105 0 149 105 0 149 105 0 149 105 0 149 105 0 149 105 0 149 105 0 149 105 0 149 105 0 149 105 0 149 105 0 149 105 0 149 105 0 149 105 0 149 105 0 149 105 0 149 105 0 149 105 0 149 105 0 149 105 0 149 105 0 149 105 0 149 105 0 149 105 0 149 105 0 149 105 0 149 105 0 149 105 0 149 105 0 149 105 0 149 105 0 149 105 0 149 105 0 149 105 0 149 105 0 149 105 0 149 105 0 149 105 0 149 105 0 149 105 0 149 105 0 149 105 0 149 105 0 149 105 0 149 105 0 149 105 0 149 105 0 149 105 0 149 105 0 149 105 0 149 105 0 149 105 0 149 105 0 149 105 0 149 105 0 149 105 0 149 105 0 149 105 0 149 105 0 149 105 0 149 105 0 149 105 0 149 105 0 149 105 0 149 105 0 149 105 0 149 105 0 149 105 0 149 105 0 149 105 0 149 105 0 149 105 0 149 105 0 149 105 0 149 105 0 149 105 0 149 105 0 149 105 0 149 105 0 149 105 0 149 105 0 149 105 0 149 105 0 149 105 0 149 105 0 149 105 0 149 105 0 149 105 0 149 105 0 149 105 0 149 105 0 149 105 0 149 105 0 149 105 0 149 105 0 149 105 0 149 105 0 149 105 0 149 105 0 149 105 0 149 105 0 149 105 0 149 105 0 149 105 0 149 105 0 149 105 0 149 105 0 149 105 0 149 105 0 149 105 0 149 105 0 149 105 0 149 105 0 149 105 0 149 105 0 149 105 0 149 105 0 149 105 0 149 105 0 149 105 0 149 105 0 149 105 0 149 105 0 149 105 0 149 105 0 149 105 0 
149 105 0 149 105 0 149 105 0 149 105 0 149 105 0 149 105 0 149 105 0 149 105 0 149 105 0 149 105 0 149 105 0 149 105 0 149 105 0 149 105 0 149 105 0 149 105 0 149 105 0 149 105 0 149 105 0 149 105 0 149 105 0 149 105 0 149 105 0 149 105 0 149 105 0 149 105 0 149 105 0 149 105 0 149 105 0 149 105 0 149 105 0 149 105 0 149 105 0 149 105 0 149 105 0 149 105 0 149 105 0 149 105 0 149 105 0 149 105 0 149 105 0 149 105 0 149 105 0 149 105 0 149 105 0 149 105 0 149 105 0 149 105 0 149 105 0 149 105 0 149 105 0 149 105 0 149 105 0 149 105 0 149 105 0 149 105 0 149 105 0 149 105 0 149 105 0 149 105 0 149 105 0 149 105 0 149 105 0 149 105 0 149 105 0 149 105 0 149 105 0 149 105 0 149 105 0 149 105 0 149 105 0 149 105 0 149 105 0 149 105 0 149 105 0 149 105 0 149 105 0 149 105 0 149 105 0 149 105 0 149 105 0 149 105 0 149 105 0 149 105 0 149 105 0 149 105 0 149 105 0 149 105 0 149 105 0 149 105 0 149 105 0 149 105 0 149 105 0 149 105 0 149 105 0 149 105 0 149 105 0 149 105 0 149 105 0 149 105 0 149 105 0 149 105 0 149 105 0 149 105 0 149 105 0 149 105 0 149 105 0 149 105 0 149 105 0 149 105 0 149 105 0 149 105 0 149 105 0 149 105 0 149 105 0 149 105 0 149 105 0 149 105 0 149 105 0 149 105 0 149 105 0 149 105 0 149 105 0 149 105 0 149 105 0 149 105 0 149 105 0 149 105 0 149 105 0 149 105 0 149 105 0 149 105 0 149 105 0 149 105 0 149 105 0 149 105 0 149 105 0 149 105 0 149 105 0 149 105 0 149 105 0 149 105 0 149 105 0 149 105 0 149 105 0 149 105 0 149 105 0 149 105 0 149 105 0 149 105 0 149 105 0 149 105 0 149 105 0 149 105 0 149 105 0 149 105 0 149 105 0 149 105 0 149 105 0 149 105 0 149 105 0 149 105 0 149 105 0 149 105 0 149 105 0 149 105 0 149 105 0 149 105 0 149 105 0 149 105 0 149 105 0 149 105 0 149 105 0 149 105 0 149 105 0 149 105 0 149 105 0 149 105 0 149 105 0 149 105 0 149 105 0 149 105 0 149 105 0 149 105 0 149 105 0 149 105 0 149 105 0 149 105 0 149 105 0 149 105 0 149 105 0 149 105 0 149 105 0 149 105 0 149 105 0 149 105 0 149 105 0 149 105 0 149 105 0 149 105 0 149 105 0 149 105 0 149 105 0 149 105 0 149 105 0 149 105 0 149 105 0 149 105 0 149 105 0 149 105 0 149 105 0 149 105 0 149 105 0 149 105 0 149 105 0 149 105 0 149 105 0 149 105 0 149 105 0 149 105 0 149 105 0 149 105 0 149 105 0 149 105 0 149 105 0 149 105 0 149 105 0 149 105 0 149 105 0 149 105 0 149 105 0 149 105 0 149 105 0 149 105 0 149 105 0 149 105 0 149 105 0 149 105 0 149 105 0 149 105 0 149 105 0 149 105 0 149 105 0 149 105 0 149 105 0 149 105 0 149 105 0 149 105 0 149 105 0 149 105 0 149 105 0 149 105 0 149 105 0 149 105 0 149 105 0 149 105 0 
149 105 0 149 105 0 149 105 0 149 105 0 149 105 0 149 105 0 149 105 0 149 105 0 149 105 0 149 105 0 149 105 0 149 105 0 149 105 0 149 105 0 149 105 0 149 105 0 149 105 0 149 105 0 149 105 0 149 105 0 149 105 0 149 105 0 149 105 0 149 105 0 149 105 0 149 105 0 149 105 0 149 105 0 149 105 0 149 105 0 149 105 0 149 105 0 149 105 0 149 105 0 149 105 0 149 105 0 149 105 0 149 105 0 149 105 0 149 105 0 149 105 0 149 105 0 149 105 0 149 105 0 149 105 0 149 105 0 149 105 0 149 105 0 149 105 0 149 105 0 149 105 0 149 105 0 149 105 0 149 105 0 149 105 0 149 105 0 149 105 0 149 105 0 149 105 0 149 105 0 149 105 0 149 105 0 149 105 0 149 105 0 149 105 0 149 105 0 149 105 0 149 105 0 149 105 0 149 105 0 149 105 0 149 105 0 149 105 0 149 105 0 149 105 0 149 105 0 149 105 0 149 105 0 149 105 0 149 105 0 149 105 0 149 105 0 149 105 0 149 105 0 149 105 0 149 105 0 149 105 0 149 105 0 149 105 0 149 105 0 149 105 0 149 105 0 149 105 0 149 105 0 149 105 0 149 105 0 149 105 0 149 105 0 149 105 0 149 105 0 149 105 0 149 105 0 149 105 0 149 105 0 149 105 0 149 105 0 149 105 0 149 105 0 149 105 0 149 105 0 149 105 0 149 105 0 149 105 0 149 105 0 149 105 0 149 105 0 149 105 0 149 105 0 149 105 0 149 105 0 149 105 0 149 105 0 149 105 0 149 105 0 149 105 0 149 105 0 149 105 0 149 105 0 149 105 0 149 105 0 149 105 0 149 105 0 149 105 0 149 105 0 149 105 0 149 105 0 149 105 0 149 105 0 149 105 0 149 105 0 149 105 0 149 105 0 149 105 0 149 105 0 149 105 0 149 105 0 149 105 0 149 105 0 149 105 0 149 105 0 149 105 0 149 105 0 149 105 0 149 105 0 149 105 0 149 105 0 149 105 0 149 105 0 149 105 0 149 105 0 149 105 0 149 105 0 149 105 0 149 105 0 149 105 0 149 105 0 149 105 0 149 105 0 149 105 0 149 105 0 149 105 0 149 105 0 149 105 0 149 105 0 149 105 0 149 105 0 149 105 0 149 105 0 149 105 0 149 105 0 149 105 0 149 105 0 149 105 0 149 105 0 149 105 0 149 105 0 149 105 0 149 105 0 149 105 0 149 105 0 149 105 0 149 105 0 149 105 0 149 105 0 149 105 0 149 105 0 149 105 0 149 105 0 149 105 0 149 105 0 149 105 0 149 105 0 149 105 0 149 105 0 149 105 0 149 105 0 149 105 0 149 105 0 149 105 0 149 105 0 149 105 0 149 105 0 149 105 0 149 105 0 149 105 0 149 105 0 149 105 0 149 105 0 149 105 0 149 105 0 149 105 0 149 105 0 149 105 0 149 105 0 149 105 0 149 105 0 149 105 0 149 105 0 149 105 0 149 105 0 149 105 0 149 105 0 149 105 0 149 105 0 149 105 0 149 105 0 149 105 0 149 105 0 149 105 0 149 105 0 149 105 0 149 105 0 149 105 0 149 105 0 149 105 0 149 105 0 149 105 0 149 105 0 149 105 0 149 105 0 149 105 0 149 105 0 149 105 0 149 105 0 149 105 0 149 105 0 
149 105 0 149 105 0 149 105 0 149 105 0 149 105 0 149 105 0 149 105 0 149 105 0 149 105 0 149 105 0 149 105 0 149 105 0 149 105 0 149 105 0 149 105 0 149 105 0 149 105 0 149 105 0 149 105 0 149 105 0 149 105 0 149 105 0 149 105 0 149 105 0 149 105 0 149 105 0 149 105 0 149 105 0 149 105 0 149 105 0 149 105 0 149 105 0 149 105 0 149 105 0 149 105 0 149 105 0 149 105 0 149 105 0 149 105 0 149 105 0 149 105 0 149 105 0 149 105 0 149 105 0 149 105 0 149 105 0 149 105 0 149 105 0 149 105 0 149 105 0 149 105 0 149 105 0 149 105 0 149 105 0 149 105 0 149 105 0 149 105 0 149 105 0 149 105 0 149 105 0 149 105 0 149 105 0 149 105 0 149 105 0 149 105 0 149 105 0 149 105 0 149 105 0 149 105 0 149 105 0 149 105 0 149 105 0 149 105 0 149 105 0 149 105 0 149 105 0 149 105 0 149 105 0 149 105 0 149 105 0 149 105 0 149 105 0 149 105 0 149 105 0 149 105 0 149 105 0 149 105 0 149 105 0 149 105 0 149 105 0 149 105 0 149 105 0 149 105 0 149 105 0 149 105 0 149 105 0 149 105 0 149 105 0 149 105 0 149 105 0 149 105 0 149 105 0 149 105 0 149 105 0 149 105 0 149 105 0 149 105 0 149 105 0 149 105 0 149 105 0 149 105 0 149 105 0 149 105 0 149 105 0 149 105 0 149 105 0 149 105 0 149 105 0 149 105 0 149 105 0 149 105 0 149 105 0 149 105 0 149 105 0 149 105 0 149 105 0 149 105 0 149 105 0 149 105 0 149 105 0 149 105 0 149 105 0 149 105 0 149 105 0 149 105 0 149 105 0 149 105 0 149 105 0 149 105 0 149 105 0 149 105 0 149 105 0 149 105 0 149 105 0 149 105 0 149 105 0 149 105 0 149 105 0 149 105 0 149 105 0 149 105 0 149 105 0 149 105 0 149 105 0 149 105 0 149 105 0 149 105 0 149 105 0 149 105 0 149 105 0 149 105 0 149 105 0 149 105 0 149 105 0 149 105 0 149 105 0 149 105 0 149 105 0 149 105 0 149 105 0 149 105 0 149 105 0 149 105 0 149 105 0 149 105 0 149 105 0 149 105 0 149 105 0 149 105 0 149 105 0 149 105 0 149 105 0 149 105 0 149 105 0 149 105 0 149 105 0 149 105 0 149 105 0 149 105 0 149 105 0 149 105 0 149 105 0 149 105 0 149 105 0 149 105 0 149 105 0 149 105 0 149 105 0 149 105 0 149 105 0 149 105 0 149 105 0 149 105 0 149 105 0 149 105 0 149 105 0 149 105 0 149 105 0 149 105 0 149 105 0 149 105 0 149 105 0 149 105 0 149 105 0 149 105 0 149 105 0 149 105 0 149 105 0 149 105 0 149 105 0 149 105 0 149 105 0 149 105 0 149 105 0 149 105 0 149 105 0 149 105 0 149 105 0 149 105 0 149 105 0 149 105 0 149 105 0 149 105 0 149 105 0 149 105 0 149 105 0 149 105 0 149 105 0 149 105 0 149 105 0 149 105 0 149 105 0 149 105 0 149 105 0 149 105 0 149 105 0 149 105 0 149 105 0 149 105 0 149 105 0 149 105 0 149 105 0 149 105 0 149 105 0 149 105 0 149 105 0 
149 105 0 149 105 0 149 105 0 149 105 0 149 105 0 149 105 0 149 105 0 149 105 0 149 105 0 149 105 0 149 105 0 149 105 0 149 105 0 149 105 0 149 105 0 149 105 0 149 105 0 149 105 0 149 105 0 149 105 0 149 105 0 149 105 0 149 105 0 149 105 0 149 105 0 149 105 0 149 105 0 149 105 0 149 105 0 149 105 0 149 105 0 149 105 0 149 105 0 149 105 0 149 105 0 149 105 0 149 105 0 149 105 0 149 105 0 149 105 0 149 105 0 149 105 0 149 105 0 149 105 0 149 105 0 149 105 0 149 105 0 149 105 0 149 105 0 149 105 0 149 105 0 149 105 0 149 105 0 149 105 0 149 105 0 149 105 0 149 105 0 149 105 0 149 105 0 149 105 0 149 105 0 149 105 0 149 105 0 149 105 0 149 105 0 149 105 0 149 105 0 149 105 0 149 105 0 149 105 0 149 105 0 149 105 0 149 105 0 149 105 0 149 105 0 149 105 0 149 105 0 149 105 0 149 105 0 149 105 0 149 105 0 149 105 0 149 105 0 149 105 0 149 105 0 149 105 0 149 105 0 149 105 0 149 105 0 149 105 0 149 105 0 149 105 0 149 105 0 149 105 0 149 105 0 149 105 0 149 105 0 149 105 0 149 105 0 149 105 0 149 105 0 149 105 0 149 105 0 149 105 0 149 105 0 149 105 0 149 105 0 149 105 0 149 105 0 149 105 0 149 105 0 149 105 0 149 105 0 149 105 0 149 105 0 149 105 0 149 105 0 149 105 0 149 105 0 149 105 0 149 105 0 149 105 0 149 105 0 149 105 0 149 105 0 149 105 0 149 105 0 149 105 0 149 105 0 149 105 0 149 105 0 149 105 0 149 105 0 149 105 0 149 105 0 149 105 0 149 105 0 149 105 0 149 105 0 149 105 0 149 105 0 149 105 0 149 105 0 149 105 0 149 105 0 149 105 0 149 105 0 149 105 0 149 105 0 149 105 0 149 105 0 149 105 0 149 105 0 149 105 0 149 105 0 149 105 0 149 105 0 149 105 0 149 105 0 149 105 0 149 105 0 149 105 0 149 105 0 149 105 0 149 105 0 149 105 0 149 105 0 149 105 0 149 105 0 149 105 0 149 105 0 149 105 0 149 105 0 149 105 0 149 105 0 149 105 0 149 105 0 149 105 0 149 105 0 149 105 0 149 105 0 149 105 0 149 105 0 149 105 0 149 105 0 149 105 0 149 105 0 149 105 0 149 105 0 149 105 0 149 105 0 149 105 0 149 105 0 149 105 0 149 105 0 149 105 0 149 105 0 149 105 0 149 105 0 149 105 0 149 105 0 149 105 0 149 105 0 149 105 0 149 105 0 149 105 0 149 105 0 149 105 0 149 105 0 149 105 0 149 105 0 149 105 0 149 105 0 149 105 0 149 105 0 149 105 0 149 105 0 149 105 0 149 105 0 149 105 0 149 105 0 149 105 0 149 105 0 149 105 0 149 105 0 149 105 0 149 105 0 149 105 0 149 105 0 149 105 0 149 105 0 149 105 0 149 105 0 149 105 0 149 105 0 149 105 0 149 105 0 149 105 0 149 105 0 149 105 0 149 105 0 149 105 0 149 105 0 149 105 0 149 105 0 149 105 0 149 105 0 149 105 0 149 105 0 149 105 0 149 105 0 149 105 0 149 105 0 149 105 0 149 105 0 149 105 0 
149 105 0 149 105 0 149 105 0 149 105 0 149 105 0 149 105 0 149 105 0 149 105 0 149 105 0 149 105 0 149 105 0 149 105 0 149 105 0 149 105 0 149 105 0 149 105 0 149 105 0 149 105 0 149 105 0 149 105 0 149 105 0 149 105 0 149 105 0 149 105 0 149 105 0 149 105 0 149 105 0 149 105 0 149 105 0 149 105 0 149 105 0 149 105 0 149 105 0 149 105 0 149 105 0 149 105 0 149 105 0 149 105 0 149 105 0 149 105 0 149 105 0 149 105 0 149 105 0 149 105 0 149 105 0 149 105 0 149 105 0 149 105 0 149 105 0 149 105 0 149 105 0 149 105 0 149 105 0 149 105 0 149 105 0 149 105 0 149 105 0 149 105 0 149 105 0 149 105 0 149 105 0 149 105 0 149 105 0 149 105 0 149 105 0 149 105 0 149 105 0 149 105 0 149 105 0 149 105 0 149 105 0 149 105 0 149 105 0 149 105 0 149 105 0 149 105 0 149 105 0 149 105 0 149 105 0 149 105 0 149 105 0 149 105 0 149 105 0 149 105 0 149 105 0 149 105 0 149 105 0 149 105 0 149 105 0 149 105 0 149 105 0 149 105 0 149 105 0 149 105 0 149 105 0 149 105 0 149 105 0 149 105 0 149 105 0 149 105 0 149 105 0 149 105 0 149 105 0 149 105 0 149 105 0 149 105 0 149 105 0 149 105 0 149 105 0 149 105 0 149 105 0 149 105 0 149 105 0 149 105 0 149 105 0 149 105 0 149 105 0 149 105 0 149 105 0 149 105 0 149 105 0 149 105 0 149 105 0 149 105 0 149 105 0 149 105 0 149 105 0 149 105 0 149 105 0 149 105 0 149 105 0 149 105 0 149 105 0 149 105 0 149 105 0 149 105 0 149 105 0 149 105 0 149 105 0 149 105 0 149 105 0 149 105 0 149 105 0 149 105 0 149 105 0 149 105 0 149 105 0 149 105 0 149 105 0 149 105 0 149 105 0 149 105 0 149 105 0 149 105 0 149 105 0 149 105 0 149 105 0 149 105 0 149 105 0 149 105 0 149 105 0 149 105 0 149 105 0 149 105 0 149 105 0 149 105 0 149 105 0 149 105 0 149 105 0 149 105 0 149 105 0 149 105 0 149 105 0 149 105 0 149 105 0 149 105 0 149 105 0 149 105 0 149 105 0 149 105 0 149 105 0 149 105 0 149 105 0 149 105 0 149 105 0 149 105 0 149 105 0 149 105 0 149 105 0 149 105 0 149 105 0 149 105 0 149 105 0 149 105 0 149 105 0 149 105 0 149 105 0 149 105 0 149 105 0 149 105 0 149 105 0 149 105 0 149 105 0 149 105 0 149 105 0 149 105 0 149 105 0 149 105 0 149 105 0 149 105 0 149 105 0 149 105 0 149 105 0 149 105 0 149 105 0 149 105 0 149 105 0 149 105 0 149 105 0 149 105 0 149 105 0 149 105 0 149 105 0 149 105 0 149 105 0 149 105 0 149 105 0 149 105 0 149 105 0 149 105 0 149 105 0 149 105 0 149 105 0 149 105 0 149 105 0 149 105 0 149 105 0 149 105 0 149 105 0 149 105 0 149 105 0 149 105 0 149 105 0 149 105 0 149 105 0 149 105 0 149 105 0 149 105 0 149 105 0 149 105 0 149 105 0 149 105 0 149 105 0 149 105 0 149 105 0 149 105 0 
149 105 0 149 105 0 149 105 0 149 105 0 149 105 0 149 105 0 149 105 0 149 105 0 149 105 0 149 105 0 149 105 0 149 105 0 149 105 0 149 105 0 149 105 0 149 105 0 149 105 0 149 105 0 149 105 0 149 105 0 149 105 0 149 105 0 149 105 0 149 105 0 149 105 0 149 105 0 149 105 0 149 105 0 149 105 0 149 105 0 149 105 0 149 105 0 149 105 0 149 105 0 149 105 0 149 105 0 149 105 0 149 105 0 149 105 0 149 105 0 149 105 0 149 105 0 149 105 0 149 105 0 149 105 0 149 105 0 149 105 0 149 105 0 149 105 0 149 105 0 149 105 0 149 105 0 149 105 0 149 105 0 149 105 0 149 105 0 149 105 0 149 105 0 149 105 0 149 105 0 149 105 0 149 105 0 149 105 0 149 105 0 149 105 0 149 105 0 149 105 0 149 105 0 149 105 0 149 105 0 149 105 0 149 105 0 149 105 0 149 105 0 149 105 0 149 105 0 149 105 0 149 105 0 149 105 0 149 105 0 149 105 0 149 105 0 149 105 0 149 105 0 149 105 0 149 105 0 149 105 0 149 105 0 149 105 0 149 105 0 149 105 0 149 105 0 149 105 0 149 105 0 149 105 0 149 105 0 149 105 0 149 105 0 149 105 0 149 105 0 149 105 0 149 105 0 149 105 0 149 105 0 149 105 0 149 105 0 149 105 0 149 105 0 149 105 0 149 105 0 149 105 0 149 105 0 149 105 0 149 105 0 149 105 0 149 105 0 149 105 0 149 105 0 149 105 0 149 105 0 149 105 0 149 105 0 149 105 0 149 105 0 149 105 0 149 105 0 149 105 0 149 105 0 149 105 0 149 105 0 149 105 0 149 105 0 149 105 0 149 105 0 149 105 0 149 105 0 149 105 0 149 105 0 149 105 0 149 105 0 149 105 0 149 105 0 149 105 0 149 105 0 149 105 0 149 105 0 149 105 0 149 105 0 149 105 0 149 105 0 149 105 0 149 105 0 149 105 0 149 105 0 149 105 0 149 105 0 149 105 0 149 105 0 149 105 0 149 105 0 149 105 0 149 105 0 149 105 0 149 105 0 149 105 0 149 105 0 149 105 0 149 105 0 149 105 0 149 105 0 149 105 0 149 105 0 149 105 0 149 105 0 149 105 0 149 105 0 149 105 0 149 105 0 149 105 0 149 105 0 149 105 0 149 105 0 149 105 0 149 105 0 149 105 0 149 105 0 149 105 0 149 105 0 149 105 0 149 105 0 149 105 0 149 105 0 149 105 0 149 105 0 149 105 0 149 105 0 149 105 0 149 105 0 149 105 0 149 105 0 149 105 0 149 105 0 149 105 0 149 105 0 149 105 0 149 105 0 149 105 0 149 105 0 149 105 0 149 105 0 149 105 0 149 105 0 149 105 0 149 105 0 149 105 0 149 105 0 149 105 0 149 105 0 149 105 0 149 105 0 149 105 0 149 105 0 149 105 0 149 105 0 149 105 0 149 105 0 149 105 0 149 105 0 149 105 0 149 105 0 149 105 0 149 105 0 149 105 0 149 105 0 149 105 0 149 105 0 149 105 0 149 105 0 149 105 0 149 105 0 149 105 0 149 105 0 149 105 0 149 105 0 149 105 0 149 105 0 149 105 0 149 105 0 149 105 0 149 105 0 149 105 0 149 105 0 149 105 0 149 105 0 149 105 0 149 105 0 
149 105 0 149 105 0 149 105 0 149 105 0 149 105 0 149 105 0 149 105 0 149 105 0 149 105 0 149 105 0 149 105 0 149 105 0 149 105 0 149 105 0 149 105 0 149 105 0 149 105 0 149 105 0 149 105 0 149 105 0 149 105 0 149 105 0 149 105 0 149 105 0 149 105 0 149 105 0 149 105 0 149 105 0 149 105 0 149 105 0 149 105 0 149 105 0 149 105 0 149 105 0 149 105 0 149 105 0 149 105 0 149 105 0 149 105 0 149 105 0 149 105 0 149 105 0 149 105 0 149 105 0 149 105 0 149 105 0 149 105 0 149 105 0 149 105 0 149 105 0 149 105 0 149 105 0 149 105 0 149 105 0 149 105 0 149 105 0 149 105 0 149 105 0 149 105 0 149 105 0 149 105 0 149 105 0 149 105 0 149 105 0 149 105 0 149 105 0 149 105 0 149 105 0 149 105 0 149 105 0 149 105 0 149 105 0 149 105 0 149 105 0 149 105 0 149 105 0 149 105 0 149 105 0 149 105 0 149 105 0 149 105 0 149 105 0 149 105 0 149 105 0 149 105 0 149 105 0 149 105 0 149 105 0 149 105 0 149 105 0 149 105 0 149 105 0 149 105 0 149 105 0 149 105 0 149 105 0 149 105 0 149 105 0 149 105 0 149 105 0 149 105 0 149 105 0 149 105 0 149 105 0 149 105 0 149 105 0 149 105 0 149 105 0 149 105 0 149 105 0 149 105 0 149 105 0 149 105 0 149 105 0 149 105 0 149 105 0 149 105 0 149 105 0 149 105 0 149 105 0 149 105 0 149 105 0 149 105 0 149 105 0 149 105 0 149 105 0 149 105 0 149 105 0 149 105 0 149 105 0 149 105 0 149 105 0 149 105 0 149 105 0 149 105 0 149 105 0 149 105 0 149 105 0 149 105 0 149 105 0 149 105 0 149 105 0 149 105 0 149 105 0 149 105 0 149 105 0 149 105 0 149 105 0 149 105 0 149 105 0 149 105 0 149 105 0 149 105 0 149 105 0 149 105 0 149 105 0 149 105 0 149 105 0 149 105 0 149 105 0 149 105 0 149 105 0 149 105 0 149 105 0 149 105 0 149 105 0 149 105 0 149 105 0 149 105 0 149 105 0 149 105 0 149 105 0 149 105 0 149 105 0 149 105 0 149 105 0 149 105 0 149 105 0 149 105 0 149 105 0 149 105 0 149 105 0 149 105 0 149 105 0 149 105 0 149 105 0 149 105 0 149 105 0 149 105 0 149 105 0 149 105 0 149 105 0 149 105 0 149 105 0 149 105 0 149 105 0 149 105 0 149 105 0 149 105 0 149 105 0 149 105 0 149 105 0 149 105 0 149 105 0 149 105 0 149 105 0 149 105 0 149 105 0 149 105 0 149 105 0 149 105 0 149 105 0 149 105 0 149 105 0 149 105 0 149 105 0 149 105 0 149 105 0 149 105 0 149 105 0 149 105 0 149 105 0 149 105 0 149 105 0 149 105 0 149 105 0 149 105 0 149 105 0 149 105 0 149 105 0 149 105 0 149 105 0 149 105 0 149 105 0 149 105 0 149 105 0 149 105 0 149 105 0 149 105 0 149 105 0 149 105 0 149 105 0 149 105 0 149 105 0 149 105 0 149 105 0 149 105 0 149 105 0 149 105 0 149 105 0 149 105 0 149 105 0 149 105 0 149 105 0 149 105 0 149 105 0 
149 105 0 149 105 0 149 105 0 149 105 0 149 105 0 149 105 0 149 105 0 149 105 0 149 105 0 149 105 0 149 105 0 149 105 0 149 105 0 149 105 0 149 105 0 149 105 0 149 105 0 149 105 0 149 105 0 149 105 0 149 105 0 149 105 0 149 105 0 149 105 0 149 105 0 149 105 0 149 105 0 149 105 0 149 105 0 149 105 0 149 105 0 149 105 0 149 105 0 149 105 0 149 105 0 149 105 0 149 105 0 149 105 0 149 105 0 149 105 0 149 105 0 149 105 0 149 105 0 149 105 0 149 105 0 149 105 0 149 105 0 149 105 0 149 105 0 149 105 0 149 105 0 149 105 0 149 105 0 149 105 0 149 105 0 149 105 0 149 105 0 149 105 0 149 105 0 149 105 0 149 105 0 149 105 0 149 105 0 149 105 0 149 105 0 149 105 0 149 105 0 149 105 0 149 105 0 149 105 0 149 105 0 149 105 0 149 105 0 149 105 0 149 105 0 149 105 0 149 105 0 149 105 0 149 105 0 149 105 0 149 105 0 149 105 0 149 105 0 149 105 0 149 105 0 149 105 0 149 105 0 149 105 0 149 105 0 149 105 0 149 105 0 149 105 0 149 105 0 149 105 0 149 105 0 149 105 0 149 105 0 149 105 0 149 105 0 149 105 0 149 105 0 149 105 0 149 105 0 149 105 0 149 105 0 149 105 0 149 105 0 149 105 0 149 105 0 149 105 0 149 105 0 149 105 0 149 105 0 149 105 0 149 105 0 149 105 0 149 105 0 149 105 0 149 105 0 149 105 0 149 105 0 149 105 0 149 105 0 149 105 0 149 105 0 149 105 0 149 105 0 149 105 0 149 105 0 149 105 0 149 105 0 149 105 0 149 105 0 149 105 0 149 105 0 149 105 0 149 105 0 149 105 0 149 105 0 149 105 0 149 105 0 149 105 0 149 105 0 149 105 0 149 105 0 149 105 0 149 105 0 149 105 0 149 105 0 149 105 0 149 105 0 149 105 0 149 105 0 149 105 0 149 105 0 149 105 0 149 105 0 149 105 0 149 105 0 149 105 0 149 105 0 149 105 0 149 105 0 149 105 0 149 105 0 149 105 0 149 105 0 149 105 0 149 105 0 149 105 0 149 105 0 149 105 0 149 105 0 149 105 0 149 105 0 149 105 0 149 105 0 149 105 0 149 105 0 149 105 0 149 105 0 149 105 0 149 105 0 149 105 0 149 105 0 149 105 0 149 105 0 149 105 0 149 105 0 149 105 0 149 105 0 149 105 0 149 105 0 149 105 0 149 105 0 149 105 0 149 105 0 149 105 0 149 105 0 149 105 0 149 105 0 149 105 0 149 105 0 149 105 0 149 105 0 149 105 0 149 105 0 149 105 0 149 105 0 149 105 0 149 105 0 149 105 0 149 105 0 149 105 0 149 105 0 149 105 0 149 105 0 149 105 0 149 105 0 149 105 0 149 105 0 149 105 0 149 105 0 149 105 0 149 105 0 149 105 0 149 105 0 149 105 0 149 105 0 149 105 0 149 105 0 149 105 0 149 105 0 149 105 0 149 105 0 149 105 0 149 105 0 149 105 0 149 105 0 149 105 0 149 105 0 149 105 0 149 105 0 149 105 0 149 105 0 149 105 0 149 105 0 149 105 0 149 105 0 149 105 0 149 105 0 149 105 0 149 105 0 149 105 0 149 105 0 149 105 0 